heat_loss_U_W_m2K,effective_velocity_factor,flow_proxy_blend,friction_factor,objective,return_RMSE_C,energy_residual_percent,mean_outlet_supply_C,mean_heat_loss_kW,thermal_delay_h,mean_head_drop_m,mean_flow_m3_s,near_optimal
0.1,1.55,0.9875870467977457,0.02,1.7477205716896989,1.6130198528725457,1.5147346268139446,80.48170773006109,422.90591603345337,3.5499828375055653,85.13702279908694,0.4424799777056483,True
0.15948799868096672,1.4886404641210718,0.9805886290054894,0.02,1.777960155111043,1.6558372795379344,1.3848456366541018,80.4077245542527,673.5542618997194,3.5535173678283862,84.95151466626972,0.4420398619733879,True
0.11656325753350695,1.4435550171224132,0.9482402085097421,0.02,1.7892311926130644,1.675751039197552,1.2692306200715602,80.44178710121683,491.85909134849965,3.5699467187919525,84.09810889775622,0.44000553804524123,True
0.19878943475137884,1.4896993463927348,0.989724080273837,0.02,1.7921496901307312,1.6696369646686855,1.4008318087745846,80.36779528293816,839.3484894378888,3.548904935958109,85.19373172771299,0.44261437123303043,True
0.14757446954098102,1.3774525029367206,0.9689064394806458,0.02,1.7950743679157453,1.6950052793661148,1.1186877879134576,80.39207138121175,622.8462120656282,3.5594331296321178,84.64254897837839,0.4413051937169684,True
0.16753270801285264,1.4283356249490384,0.9701544934952036,0.02,1.7961525426291842,1.6857667485987071,1.2477405494223088,80.38368387543767,706.9924436920646,3.558800186087219,84.67551546554523,0.4413836812012574,True
0.15338735229829598,1.406886976739759,0.9605043928695439,0.02,1.8003370933405254,1.6940721664516327,1.1945314797808757,80.39356572364977,647.1375541607857,3.5637000468586764,84.42087325661662,0.440776806729152,True
0.1776714172848823,1.5497384381441717,0.9563481441365653,0.02,1.8017124817058714,1.6675727483675473,1.5317076947191122,80.40418684484335,749.4785830989981,3.5658145511769894,84.31138314973545,0.44051542901366386,True
0.15115894243810477,1.4149253061461955,0.9554212455992841,0.02,1.80303010388937,1.6952349892560608,1.2120370098235258,80.39817181806696,637.6364210390861,3.5662864559004963,84.28698042954595,0.44045713831988476,True
0.18713702409502,1.4318209551421437,0.9680444675642108,0.02,1.808243391209749,1.6972608141975538,1.2604465110537457,80.36374366243383,789.405629970932,3.5598704052814774,84.6197863837028,0.44125098612141594,True
0.11900828202816183,1.528534170142316,0.931613409471755,0.02,1.8100727456287842,1.67967392343091,1.4704625997768361,80.45782511717114,501.8935783446705,3.5784505092013994,83.66206262869719,0.43895991372686344,True
0.1919702567302434,1.4870011073580758,0.9566135256080865,0.02,1.8164751349926256,1.6948890448765377,1.3877338826415777,80.37361640396779,809.4674938602531,3.5656794625458743,84.3183709318389,0.4405321182946033,True
0.20256496044728778,1.3503986117103546,0.9771645667811439,0.02,1.823920176706204,1.7300593594306697,1.0597502220091113,80.32247970634887,854.3562369553545,3.5552492458236817,84.8608663247364,0.44182452992292914,True
0.11873738107023923,1.2745168939831784,0.9514439850277822,0.02,1.8282469406952169,1.747587997204094,0.87682225721403,80.39613041606184,500.862229066824,3.568312786654206,84.18233216308187,0.44020701679230834,True
0.14877281406146114,1.26888406885284,0.9730279991813287,0.02,1.8292236448404262,1.7501290837883694,0.8669635463596335,80.35850763307735,627.7930877252347,3.557343759324788,84.75145490541541,0.44156438991238967,True
0.21185563551677863,1.513775814371305,0.9528238034713703,0.02,1.830221196193102,1.703060710027655,1.4592633740872007,80.36028071463244,892.9667978219614,3.567609537321577,84.21862602675395,0.44029379066359087,True
0.13242288985567513,1.4463852285957155,0.9249826120895652,0.02,1.8364535328491858,1.7223488785811476,1.281624716771336,80.42529578357367,558.0665274368336,3.581853146820476,83.48865836191897,0.4385429168667214,False
0.2092730740263158,1.2921888265986352,0.9853617611804444,0.02,1.84241255011313,1.75942100689913,0.9312564496418749,80.29462873297967,882.6804824945893,3.5511059488002163,85.0780029418026,0.4423400341872675,False
0.1471089291806178,1.2706375021489575,0.9538619593593994,0.02,1.8434796074207929,1.7641783752044313,0.8689730941576786,80.36083154500281,620.2739834959297,3.56708060517653,84.24594102134463,0.4403590780974685,False
0.1550108234903492,1.3915619781168909,0.9302922198041574,0.02,1.8477834325487021,1.7449983312700101,1.1534278313190647,80.38698912436732,653.0624967255708,3.5791279706104238,83.62748937287549,0.4388768268956295,False
0.2749759610231268,1.535260397361049,0.9645025756369812,0.02,1.8509329227005205,1.7185277204832297,1.5377325105791877,80.30342125382539,1158.5738599014496,3.561668324265128,84.52630331911504,0.4410282440094968,False
0.16477678262449488,1.296058060403944,0.9455261943908307,0.02,1.8524351804780022,1.7682415378476561,0.9332702467015355,80.34782303497748,694.3568202450956,3.5713320423441037,84.02681208718522,0.43983485942233425,False
0.144762448520234,1.4473605102210985,0.9194182829821115,0.02,1.8560636123739385,1.7419218528513811,1.2857464416299476,80.41223199371986,609.7950174771709,3.5847135166522563,83.34336006117411,0.438192987946734,False
0.2287080018444639,1.4240665822687895,0.9510902269800396,0.02,1.8568482581808279,1.7472513361965816,1.255225007793875,80.31652467080642,963.3629418948902,3.5684931304724405,84.17302909278379,0.4401847696949147,False
0.31415596857978595,1.4931330521699846,0.9782651159151136,0.02,1.8656320401296167,1.7404308598269527,1.4625836835372859,80.25015623681185,1323.4115217028284,3.554692408078102,84.88999401764637,0.44189374113642965,False
0.24772187658861852,1.318666504344992,0.9713484176614566,0.02,1.8681414791099582,1.7808992867651543,0.992143782368561,80.25948270419296,1043.5800182553548,3.5581949048224653,84.70706144720779,0.4414587645735699,False
0.21416547674524533,1.4772904163368539,0.9343549996512347,0.02,1.8687924040752164,1.7491496241604862,1.370663179603128,80.34747120576661,901.8198235191068,3.5770455323467663,83.7338408358197,0.43913232655004975,False
0.10212741853982515,1.4629370706657556,0.89981781450714,0.02,1.8737475207807393,1.756120692752051,1.31414481323333,80.46110294255995,430.13510272415357,3.594825722371074,82.83311654940684,0.43696035583022125,False
0.16901803690350825,1.4560300385391838,0.917688924263264,0.02,1.8757168502118664,1.7603228420747983,1.3076850810247513,80.38878846594396,711.650163906567,3.5856034325120234,83.29824247918948,0.4380842322248723,False
0.26188065111186953,1.4259269775416041,0.9535037125766573,0.02,1.876159643688645,1.7657511389668443,1.2735177002440958,80.28148242763946,1102.614044076762,3.5672631113314712,84.23651438763531,0.4403365487129995,False
0.22319729959693183,1.4670076791430835,0.933920629988637,0.02,1.877288293974503,1.7597429733981802,1.3481966909032579,80.33507740554123,939.664151648647,3.5772680592832993,83.72246530732953,0.4391050099582427,False
0.37491163468613564,1.514736980359115,0.9893386608701455,0.02,1.8915771268347445,1.7590570637051188,1.5634478948318506,80.19685157692805,1578.7853085066677,3.54909928984975,85.18350197590793,0.4425901330197487,False
0.34097163749242054,1.5415669702775765,0.9656572813273827,0.02,1.8920411020106105,1.756049579921683,1.5962730410289603,80.23972598128609,1435.3037598124956,3.5610819783526444,84.55677129939255,0.4411008610145916,False
0.23063890336449278,1.2734825950682112,0.9573837444213338,0.02,1.896388900028244,1.8170815805791836,0.8923055856965947,80.26153299288272,971.1399208350028,3.5652874516636737,84.3386541724712,0.4405805557310433,False
0.1304448294697183,1.0539214259348486,0.9689679698538396,0.02,1.8994299266463752,1.8664856970316273,0.29615275931545104,80.30145401795913,550.0811701030782,3.5594019195746487,84.64417402799796,0.44130906323234437,False
0.1362731010988253,1.1631199034846929,0.941062231023325,0.02,1.900152262943916,1.8439519389553858,0.5843645804927627,80.33759818020263,574.1473017659299,3.573612938507509,83.9096465065618,0.43955413018258416,False
0.23345193463889258,1.3009053251459408,0.9439618440858922,0.02,1.9038070870957162,1.8191988445470857,0.9570635927232861,80.26830357212683,982.4798720866511,3.572131027613874,83.98573814324632,0.43973648073154903,False
0.17625935870626352,1.2101607686324949,0.9497742263659983,0.02,1.907257184636133,1.8412712448813704,0.7159877028007504,80.30488616407837,742.4668697638883,3.569164180090121,84.13842813467868,0.440102009192313,False
0.17991288035925126,1.401708192416859,0.907063484927757,0.02,1.9170417101467785,1.8123624937796927,1.1833416602447377,80.36190921826561,756.8913682850654,3.5910809212481167,83.02145190315659,0.4374160207587164,False
0.35500332687710545,1.3868787822325803,0.9801935735524581,0.02,1.917326962041087,1.812839065773785,1.2247066609388846,80.16615250970612,1493.853220468474,3.553717099301761,84.94105218488096,0.4420150177692898,False
0.28486335218785214,1.4883812723263978,0.9326026233340007,0.02,1.923252575124658,1.8000318024669149,1.4318955180445416,80.27783063349123,1198.1352229550016,3.5779434416374194,83.68795593805208,0.4390221232999796,False
0.25255581523960685,1.1907545399792656,0.9996109054578546,0.02,1.9262392986613734,1.8648216838565386,0.6803664334308124,80.20073766466507,1064.4984895854554,3.54392661271752,85.45647041630708,0.44323613281325636,False
0.12348333559822915,1.2255918941460953,0.9047394923226981,0.02,1.934969206717284,1.8652721707391235,0.7455608661179149,80.37568407303614,519.6700594212729,3.5922811869822238,82.9610083251064,0.4372698697660913,False
0.28545120011327285,1.4704019822904746,0.9280957614436839,0.02,1.937341254042158,1.8181485038844232,1.3838376550744458,80.27074881612005,1200.2526623455576,3.580254808102554,83.57003648244017,0.4387386962626215,False
0.15754616797185217,1.3098003719029285,0.8995702880863929,0.02,1.9388390225154142,1.8517212128279876,0.9665314194426918,80.36002375239063,662.6414981333826,3.5949537901463686,82.82668855605748,0.43694478941576087,False
0.23836388611990897,1.1536582695742699,0.9760596519946834,0.02,1.9398230706746529,1.8867665551852357,0.5742524284200251,80.2001015652693,1003.7178553604472,3.5558084679530673,84.83163085895112,0.4417550441627526,False
0.22122068888499785,1.1616947081057392,0.9586099391068242,0.02,1.9422448263894643,1.8874488782085177,0.5912026135118459,80.2257296294705,931.1767552286083,3.5646635449264563,84.37095306461367,0.4406576685282381,False
0.2078227429019393,1.2049035066118774,0.940974244231986,0.02,1.946590525303195,1.882262955430048,0.7043850877286634,80.2624831440935,874.5244411873291,3.5736579253095453,83.90733839571175,0.4395485968788791,False
0.2499376446011977,1.2275472706699313,0.9493976906554735,0.02,1.9508414536365188,1.8818968357743668,0.7715737461429809,80.21916288691503,1051.4080302444268,3.5693562280688296,84.12853009833105,0.440078329655755,False
0.31813065523703443,1.4195761474252595,0.9370150459795101,0.02,1.9527425334219546,1.8429169137794281,1.280158108855503,80.2182956027532,1337.1880779009846,3.575683398208684,83.80352994355263,0.43929961125244504,False
0.1262946967370439,1.2341353553729888,0.8965890115717271,0.02,1.9527513698517907,1.8813690550952153,0.7668809082205967,80.374497978454,531.2905995081668,3.596496990886671,82.74929872594437,0.436757303224557,False
0.30642234028861515,1.2674395302758246,0.9602773821449403,0.02,1.953979709629266,1.8756598620713714,0.8988110031052667,80.16797593058843,1288.5628146000654,3.563815474514934,84.41489015694859,0.44076253050354564,False
0.23306444442779126,1.373880198297706,0.9092394852200649,0.02,1.958931272279555,1.860147385421511,1.1274081337788633,80.29454184049966,979.6158994042586,3.5899578155340346,83.07807764709028,0.43755286482697237,False
0.45213916152191524,1.534123597518353,0.9781754658996292,0.02,1.9592319975518522,1.8189027118569967,1.6713008630445785,80.12679786589516,1900.9982452319985,3.5547377611923214,84.88762100576295,0.4418881032360666,False
0.23968417898213432,1.3934310126802318,0.9084855285994955,0.02,1.9635072963307956,1.8607551854407658,1.176449309192679,80.29350241458904,1007.361669120119,3.5903468779367875,83.05845412300883,0.4375054500855259,False
0.16358417513196571,1.2149029805197697,0.9081636665136087,0.02,1.9672059540758873,1.9005823557652906,0.7201079645429624,80.3218094267877,687.9770136502573,3.590512993332171,83.05007799669595,0.43748520885789105,False
0.10847521081435851,1.2504778249993413,0.8819750069043725,0.02,1.967857005042209,1.892657475715024,0.807664406322153,80.40146180003342,456.2074806364206,3.604080856333963,82.3707592711458,0.43583825929829323,False
0.3056935799357744,1.1876881492880638,0.992009827506863,0.02,1.968556494383811,1.907874071590267,0.6839547399565614,80.1312013730422,1286.6835768575459,3.5477527487094727,85.25441920396585,0.44275811705488444,False
0.34454719925603516,1.3889239397661044,0.9431918602064773,0.02,1.9703549012002846,1.8664260996766213,1.2155845153616753,80.17705353563535,1447.744820254038,3.572524424909991,83.96552699977065,0.43968805806960226,False
0.316408421958935,1.226732808415469,0.973882643432114,0.02,1.971506576049512,1.9021207933524285,0.7926361259029683,80.13709433906924,1330.7827962355389,3.556910815712183,84.77405113758597,0.4416181366865066,False
0.44452598719770997,1.4175275927951452,0.9831063271204945,0.02,1.9769502831610735,1.862079062565667,1.3666360074335973,80.08280325078405,1868.3409899355254,3.5522450015235694,85.01821570247664,0.4421981946969246,False
0.24210468799822654,1.2240478151553504,0.9312648794678973,0.02,1.9780806595052542,1.9100345524068556,0.758702244379639,80.22705456401698,1017.7707590628643,3.5786291987031644,83.6529411183574,0.4389379954101216,False
0.25665939759920237,1.2563859714864678,0.9268364239178402,0.02,1.979540772009859,1.904402420913185,0.8484277601202337,80.22228224164414,1078.6256661353348,3.5809011995036735,83.53710979459461,0.4386594991821095,False
0.27245879381496874,1.3759589699841839,0.9115038813382147,0.02,1.9868345447023714,1.8872983262890073,1.1464054148734264,80.25108196420746,1144.5478978189738,3.588789831453976,83.1370357660539,0.4376952679222506,False
0.3032695856822737,1.361729108457389,0.9212929531624372,0.02,1.9910550134162082,1.8943604979810709,1.1196191218046594,80.21159259331442,1273.7800759446209,3.583749323374807,83.39229024755629,0.4383108819998833,False
0.33009688384937186,1.429678412755174,0.923664470330465,0.02,1.9937978479452947,1.8816126385732348,1.3110096464377472,80.20863594674618,1386.4425672893537,3.5825303311839476,83.45422059468153,0.4384600217120236,False
0.36414543226408735,1.2664662694742534,0.9662328848529045,0.02,1.9955009339774608,1.9164806369238574,0.9196527792258519,80.09832404210597,1530.0643372384666,3.56078976577828,84.57196230809677,0.44113705950611454,False
0.3872663506952666,1.4199218414290904,0.9448608216226482,0.02,1.9956659764025575,1.883444902610535,1.3238231219619085,80.1440558039394,1626.490268828618,3.571671834972122,84.00933999825516,0.4397930155325026,False
0.33258781949546024,1.164161112707457,0.9910111624459943,0.02,1.997705055277756,1.9422604955652023,0.625570817306625,80.08285925823752,1398.855562917896,3.5482560584144363,85.22790016015735,0.44269531311582355,False
0.31018652996550766,1.2071732418417538,0.9593656729691862,0.02,2.00334656826504,1.9383755431622742,0.7375227233567282,80.13485910674842,1303.7749148560404,3.5642791246519963,84.39086444037555,0.440705195036672,False
0.4730159939387315,1.3448418308914438,0.9987714654824311,0.02,2.0057524836983744,1.906351123121035,1.185554258467898,80.01527501708871,1987.519910676019,3.5443487541371677,85.43413839398036,0.44318334220394445,False
0.10169018593754377,1.224406802849134,0.8711109776645098,0.02,2.0072078793480723,1.9373810183934785,0.7404256839348919,80.4025452820571,427.47888119313296,3.6097394493300428,82.09023625565614,0.4351550434163418,False
0.27592754942534414,1.412691973639084,0.9021802421724251,0.02,2.0101330165795566,1.9028846821926089,1.2392810374981238,80.259959343737,1158.738917218061,3.5936038841262694,82.89448590176269,0.4371089239227077,False
0.2588383344881938,1.283032336264051,0.9110530574859986,0.02,2.011528178854565,1.9303965070122293,0.9216031676066987,80.23037448324949,1087.1069622361981,3.589022307504856,83.12529505080663,0.4376669165611675,False
0.3579375670989188,1.5489179021771946,0.9170168774342864,0.02,2.0156592988927606,1.877892273002021,1.6208928180372277,80.22350883659269,1503.096471189173,3.5859493823222053,83.28071446273823,0.43804196861743583,False
0.5452112095106182,1.5124278202248167,0.9904611431395552,0.02,2.0234899557730825,1.8812485781891874,1.7101497359978204,80.02422845552312,2289.964153334059,3.54853331950366,85.21329739290964,0.4426607235618706,False
0.23983981319425146,1.0138138415408762,0.9524896597505081,0.02,2.027853547208612,2.0024336001374694,0.2339158278218184,80.11925373072565,1007.9468757557933,3.5677798142530266,84.20983580939165,0.44027277706983964,False
0.2810237646572075,1.3281049324819683,0.9042519372311103,0.02,2.0297130321250667,1.9392718831375062,1.0394166307643513,80.22267833942482,1179.723069880799,3.592533094975432,82.94833211627059,0.4372392084548462,False
0.1284073876743368,1.2856605463863822,0.8635181585555577,0.02,2.0345787803608784,1.9518277999435893,0.9053773672341102,80.38682410924402,539.4334912362793,3.6137047737906585,81.89462691640992,0.4346775470391242,False
0.12190946803033649,1.4618716075608629,0.8543736528858351,0.02,2.0355910221694815,1.9175415346476032,1.3259296854169333,80.43962461238412,512.2244461793886,3.6184920410678267,81.659530452849,0.4341024683672789,False
0.4463686147781525,1.2904416139366783,0.976618917132117,0.02,2.038590325823849,1.9520657004553645,1.025760106396463,80.01396130904483,1873.9225082084258,3.555525389350914,84.84642774807227,0.4417902151675133,False
0.4138731656667384,1.3149275872905573,0.9521841666311067,0.02,2.0411746207146644,1.9504400206806116,1.0711871012265943,80.06466101764588,1736.9372973800255,3.5679355052942188,84.20179991781133,0.4402535652519778,False
0.5506421660168329,1.496933645536168,0.9834036082999802,0.02,2.0442211122146503,1.9052866076333246,1.671549117496083,80.01029768548305,2311.6068143930056,3.552094825006198,85.0260942011671,0.4422168900832077,False
0.42057296451469683,1.2575847407067595,0.9717290110270345,0.02,2.0457294530655883,1.9673174528483945,0.922939067568297,80.02577032856709,1765.6415421912598,3.5580019994667778,84.71711943342896,0.4414826992874948,False
0.13991667320590934,1.532679339273458,0.8549249734961505,0.02,2.046681705443232,1.914973602766809,1.4928334830850987,80.43630625148795,587.8300618696423,3.618203058306313,81.67368926915576,0.4341371397574876,False
0.47148212086760455,1.3039282563847274,0.9794594164419288,0.02,2.050487218522786,1.9597279335894804,1.0813248010991943,79.99302926958457,1978.9166015349513,3.5540883328611543,84.92161172234208,0.44196884817726395,False
0.1352313602584392,1.4358093345130731,0.8536187271101131,0.02,2.050592168082434,1.9380688020637649,1.2642171461021072,80.41918520275873,568.0094051620528,3.618887821343944,81.64014586696769,0.4340549926777092,False
0.381350770308966,1.1788245439477545,0.9735109093532247,0.02,2.0570548269256532,1.997802775277623,0.6820696675656281,80.02806795085742,1601.3525029010355,3.5570991149101143,84.76422216046771,0.44159475911443347,False
0.42084103746866663,1.341830686334262,0.9394841591789951,0.02,2.064592532697658,1.9690535248825207,1.1298194314797145,80.06983767250475,1765.207960956612,3.57441996354876,83.86825728291534,0.43945488857313136,False
0.3799338051355339,1.2770200456482532,0.9364497286029102,0.02,2.0672183359868823,1.9857382311907759,0.9525916906375671,80.08361705660492,1593.928721957379,3.57597279435896,83.78871572474218,0.43926405963512993,False
0.5106790006824027,1.3631896156514829,0.9747966975959833,0.02,2.0701675805427016,1.9649717570294776,1.2611211645902058,79.98177448205554,2142.397150623632,3.556447892979701,84.79822328414372,0.4416756196247361,False
0.55928936203196,1.5260910063835829,0.9690798330465407,0.02,2.071063405033124,1.924843808929472,1.7593356327703917,80.01541435673718,2346.5738388924146,3.5593451805979917,84.64712845578812,0.4413160980725655,False
0.4267272074799505,1.2489451378324918,0.9613814631672706,0.02,2.076414445773149,1.9999870656044545,0.8999005691948694,80.01273267873911,1790.330880345865,3.5632541550468293,84.44399242866756,0.44083196383005485,False
0.5170419089637368,1.3578251134632637,0.9719807801455299,0.02,2.083748104168903,1.9796967659051738,1.2482142887821401,79.97164222570385,2168.4884064656017,3.557874400719602,84.7237734736144,0.44149853251626686,False
0.47056533484016017,1.4441872847459776,0.9362508773853011,0.02,2.0892923257661415,1.9680779238057484,1.4469180948143616,80.06518877199834,1973.136256456854,3.5760746010169986,83.78350528607675,0.4392515543015178,False
0.4023811298864898,1.1611870032116953,0.9677949408784218,0.02,2.094423736815331,2.0394433585679748,0.6333653389406587,79.9890852338449,1688.2753404778355,3.5599970094397144,84.6131978715277,0.44123529391450655,False
0.4113045341345234,1.279958537288567,0.9376413954116541,0.02,2.095707254975813,2.012698197890398,0.9770192428305121,80.04779951685799,1724.6723751297936,3.5753628133435154,83.81994589583017,0.43933900104699025,False
0.5483645895672059,1.4760023790503218,0.9580355337827627,0.02,2.101160048835029,1.9673963525421356,1.6092654764583807,80.00065865086214,2299.204667774096,3.5649557840115427,84.35582160160425,0.44062154538907755,False
0.2628808599688803,1.0923267069749962,0.9075607888203219,0.02,2.104346034163151,2.066326742786582,0.39523197299927965,80.13199947016436,1102.5855578812077,3.5908241843189836,83.03439050901545,0.43744729515149045,False
0.5658352737708644,1.53171088343068,0.9549864430971915,0.02,2.108058865198673,1.96023783411497,1.7791868299425486,80.01071472455247,2372.389163923468,3.566507866595708,84.27553514899849,0.44042979450771497,False
0.13787425871963555,1.5112568718778498,0.8391082938663601,0.02,2.109073839117643,1.9814363702114635,1.4441288712396816,80.43339116163934,578.810414832598,3.6265119772254413,81.26826096411357,0.43314246213979857,False
0.3368508695702248,1.2231457848148268,0.9147943499997815,0.02,2.1112035644494442,2.0430527521371884,0.7820563918270752,80.10761304925128,1412.4378453298482,3.5870939492356553,83.22276803851092,0.43790219855535284,False
0.33933570342242614,1.3105394851963719,0.8989722363901372,0.02,2.1122795390858307,2.024682237931217,1.0182434877915296,80.14674068646889,1422.543425951815,3.5952632539686253,82.81115941312476,0.4369071792061335,False
0.3234128617529391,1.3982963860978233,0.8837156371001829,0.02,2.119209811787025,2.014306964840495,1.222616210030927,80.20195655127787,1355.8240853254551,3.6031758874394533,82.41577451383515,0.43594772385956465,False
0.29377191971144223,1.4339637708776622,0.873292459925793,0.02,2.121108795649281,2.0088499715071824,1.303667090283527,80.24758664780036,1231.7949535863063,3.6086017862828688,82.14650449566103,0.4352922322340629,False
0.4499767976115626,1.3175399988356897,0.9333669963132006,0.02,2.1229027021982096,2.0304140376343947,1.0986333104103478,80.02300266606692,1885.6733754891784,3.577551725133719,83.70796816691103,0.4390701931042478,False
0.37594242068819994,1.539028195668463,0.8887977097761091,0.02,2.1257533170399596,1.9891380461580077,1.6115491367374872,80.20074667718525,1576.1601128445466,3.6005362719098044,82.54731491407449,0.43626732468986107,False
0.42878040281211993,1.3944071411174639,0.9140217689889032,0.02,2.127242448214811,2.0195381603561136,1.2777174137150462,80.08543804915304,1796.7969931387445,3.587491987543396,83.20263244574613,0.43785361256528676,False
0.1965306181135234,1.2382974456325981,0.8582152981225986,0.02,2.1353464594928275,2.0639886199048196,0.7871631153372683,80.28784494004219,824.2085449809086,3.616479345834377,81.75823050259874,0.43434406133252507,False
0.5319486781084322,1.4642007627031237,0.9387585342139515,0.02,2.137636959984991,2.0078385731009236,1.5594983442799109,80.0105965134054,2228.859086078522,3.5747911700897177,83.84923112632109,0.43940925554973714,False
0.3209299856371506,1.348590539194088,0.8807599167548018,0.02,2.1384235922599,2.0442458641235333,1.093448312297137,80.18466010500046,1344.949666910965,3.604712861826313,82.33934671528307,0.43576184484193814,False
0.672854744068266,1.5038640043242382,0.9941455638391913,0.02,2.138853687439907,1.987275666584063,1.837166918654437,79.89080984936255,2820.752349543566,3.546676854048978,85.31115394510657,0.4428924290076315,False
0.6170349915538729,1.4501912614235848,0.9745446773610745,0.02,2.141382510604345,2.008013378100889,1.613360369732842,79.91614821121145,2585.7074454242547,3.556575516596176,84.79155808134587,0.4416597706037826,False
0.4980498966260011,1.5384254045267862,0.9187761196721193,0.02,2.142543418296256,1.99877163688465,1.7202494494101834,80.07951016125403,2087.025990545818,3.585043917819337,83.32660430914284,0.43815260365076913,False
0.12195736697101144,0.9821552054924749,0.8564595522089867,0.02,2.1470497023717274,2.118919303288767,0.23448660158598822,80.27922835413372,511.5928192162062,3.6173989294222317,81.71310997143506,0.4342336461756467,False
0.5407281560628137,1.2641117084752589,0.9788712734561354,0.02,2.1522001930306596,2.067918343303246,1.012009280173522,79.88578349902906,2265.8723126066716,3.554385788943563,84.9060401902555,0.44193186110553573,False
0.6855525396231786,1.5469927004057333,0.9842846169230381,0.02,2.153003720037763,1.9902742136834195,1.9707559468876596,79.90211497865822,2873.145350305983,3.551649843457836,85.04944586230143,0.442272294857083,False
0.5561411131989105,1.3765332202002811,0.9539595870354156,0.02,2.1567016848877762,2.04569850519249,1.3373496644296958,79.93766535921391,2329.3940009906296,3.5670308727221265,84.24851006377331,0.4403652176960742,False
0.40081744525270935,1.2496174828690005,0.91685870484406,0.02,2.15704850741676,2.081501610289414,0.8846382596307332,80.04248443616974,1679.077847834835,3.5860308145936917,83.27658949670324,0.43803202147689096,False
0.4823050503488734,1.2892367959965012,0.9399763438780632,0.02,2.158166371397821,2.0707123864496424,1.042602752710359,79.96924438098374,2020.1444327547426,3.5741682214636756,83.8811644602158,0.43948584103062505,False
0.2630064753323703,1.187431683436271,0.8788317756065201,0.02,2.1624787195099153,2.102634300898618,0.6637638521972907,80.18158839227418,1102.3191612134358,3.605716201975163,82.28951966462063,0.4356405881124076,False
0.5866791342741385,1.4098530948588341,0.9587541654625892,0.02,2.1630484299581534,2.041895331647084,1.463065439819749,79.92427380338977,2457.209938671535,3.5645901746879174,84.3747527257965,0.44066673861951633,False
0.44065055781642926,1.304860467711624,0.9182497593644431,0.02,2.163737453051592,2.0744705463923023,1.057929713914933,80.02592142678256,1845.4556648230969,3.585314782297685,83.31287212737736,0.4381195019613413,False
0.5267809866870974,1.4946616513698383,0.9246872587863886,0.02,2.164179289697937,2.028045475129403,1.6343373525622658,80.03040142585363,2206.4306589309144,3.582004859867087,83.48094099920247,0.4385243427205127,False
0.6392795705101852,1.3427307186043131,0.9990783355317318,0.02,2.166869872193159,2.0582519552503027,1.3172814334273717,79.82653869253782,2678.389399038806,3.544194422259486,85.4423016832195,0.4432026406140232,False
0.37278216950380105,1.2871441063425424,0.897640512846543,0.02,2.1674101104232038,2.0839899084095643,0.9747378960491524,80.09565386046934,1561.473280704836,3.595952550156498,82.7765877794139,0.43682342992165857,False
0.49518900198922144,1.2563114522502297,0.9492769296991714,0.02,2.1697487322132125,2.089401416906744,0.9582900728998052,79.93354577297855,2073.914848477704,3.5694178252694795,84.12535583306472,0.4400707352539504,False
0.25621201702384633,1.527450089616239,0.8492472695630814,0.02,2.170787689701241,2.039657450705846,1.518615592454269,80.31631496882783,1074.1561456991344,3.6211813216807243,81.52796934678327,0.4337800809338738,False
0.20011336260263873,1.3063191910329428,0.8437635160842099,0.02,2.171613299097104,2.0853471421607677,0.968498019999661,80.30770447180308,838.8594454034802,3.6240625058811373,81.38742239700511,0.4334352192451991,False
0.43927853552440765,1.177309761141359,0.9459255750085378,0.02,2.1716210884837146,2.112037116203667,0.6962042600941554,79.95115232847238,1840.202283536635,3.5711281176608582,84.0373008181119,0.43985997562691515,False
0.49227863474432076,1.1857780480304478,0.970554557261327,0.02,2.174301375514964,2.1113344494880573,0.7456373794410258,79.89059589645487,2062.4973334220253,3.558597343648016,84.68608497693675,0.44140884036760114,False
0.42455843871818366,1.4681609162167408,0.8921238707854472,0.02,2.1757723502273763,2.0518410428065073,1.4711142675107893,80.12296966581924,1778.2443518891369,3.5988107653284853,82.63349585052939,0.43647649993942395,False
0.18351452465073403,1.1646991128126856,0.8513108876079324,0.02,2.1759746763924355,2.12056992245447,0.5884943503487308,80.27468934684512,769.3063203768963,3.6200982751901662,81.58090892135006,0.4339098575196503,False
0.5228914463752602,1.3251137906536348,0.9420655343578149,0.02,2.178005689983492,2.081470609395587,1.1582050644014603,79.94390873537974,2189.2979353505357,3.5731000392224463,83.93596912245891,0.4396172258128889,False
0.21096421361659687,1.537407051754086,0.837812044823808,0.02,2.1781020925028995,2.0451079448854936,1.5287459101138876,80.36516116262052,884.6457003420744,3.6271946232639096,81.23510500180598,0.4330609437718632,False
0.21494038964561318,1.174024751444902,0.8590402571151599,0.02,2.181287172102492,2.1240285632754246,0.6198198731127617,80.23724166636605,900.833382339897,3.6160474295097824,81.77943773270309,0.4343959412633714,False
0.23614766611099205,1.37244894708818,0.8446649339165393,0.02,2.185948903179706,2.0874315401551344,1.1253565756447828,80.28890668571587,989.5587357250224,3.623588582802635,81.4105122927269,0.43349190751119354,False
0.20434065088747488,1.5012670525820542,0.8343137326369502,0.02,2.1888256007399622,2.063389596245904,1.4373574864733183,80.36222264424639,856.7171043967978,3.6290382292760364,81.14567729755748,0.4328409422978875,False
0.3904999868846989,1.4111924064230008,0.8826646718137631,0.02,2.18953063435788,2.079712235214303,1.2957245916358342,80.13344924585243,1635.24207048829,3.6037222391339263,82.38859270308927,0.43588163086964277,False
0.5363438750697478,1.3558409715241797,0.9351718511765867,0.02,2.1934431138217745,2.088987630685513,1.255873299286787,79.94639166957163,2244.954647947708,3.5766271354927213,83.7552362837284,0.4391836966193854,False
0.4671305508518975,1.5134370073769499,0.8961776646479593,0.02,2.19381116056874,2.0579793933486483,1.6204414084473273,80.0981172332689,1956.0847020682834,3.5967100207704794,82.73862517679913,0.43673143448423013,False
0.5779457309676682,1.3828554022938568,0.9451623694557336,0.02,2.2009279563863497,2.0870775593321427,1.3742482524637798,79.91675190589142,2418.986478676045,3.571517832485077,84.01725802259952,0.43981197923963045,False
0.6746188037832095,1.3905251216082641,0.9876837408700334,0.02,2.201751901159597,2.078118589982723,1.501560227015864,79.81884871930012,2824.5810320133533,3.549934051693318,85.13958807139252,0.4424860585918848,False
0.7323137079795585,1.485965889567583,0.9960221497968084,0.02,2.2018927311726637,2.0484554631018206,1.8642577007849364,79.81972291014688,3066.965800795521,3.5457320469537907,85.36102849955674,0.4430104435399734,False
0.5953622764280925,1.2414499440242934,0.9931247575276377,0.02,2.2030681740530884,2.121616031587887,0.9835092820503466,79.80469347206017,2493.3338835672125,3.5471910121621497,85.28403311928844,0.44282823265202054,False
0.32773411395123975,1.2197051086682087,0.8821915730710754,0.02,2.2040092140463194,2.1369572653101083,0.7667543286728291,80.1158564193092,1372.3645456515749,3.603968236925896,82.37635893645594,0.43585187868768527,False
0.11230441473637236,1.1799265020794454,0.8233897249297595,0.02,2.205594899627789,2.1453880124448106,0.6262136609099836,80.3738429220812,470.87603590239183,3.634807249709169,80.86692819510017,0.4321539544966464,False
0.5075928847618413,1.4921707762053444,0.9061180493606905,0.02,2.2064799466063385,2.072302203938291,1.6078124046325428,80.04780981780779,2124.8637127883335,3.5915691108288934,82.99685837942468,0.4373565643102367,False
0.7126573336676324,1.4811532457823648,0.982237848640577,0.02,2.2114493325359366,2.0615787875851397,1.820016680339347,79.83579185141237,2983.6236959288326,3.552683800574466,84.99520265197425,0.4421435779173199,False
0.5809659647112271,1.3656626503902152,0.9434132886414698,0.02,2.216152850371468,2.1062632944182074,1.3269941099241986,79.90292582483266,2430.969183468253,3.5724112846427256,83.97133884044422,0.4397019832367904,False
0.39959350529312143,1.4332396132206464,0.8754017691615251,0.02,2.2212015780336163,2.105968946660259,1.3623645548182097,80.13321635897647,1672.7219734354392,3.607502443831984,82.20093999572339,0.4354248822424512,False
0.13016610312201374,1.4057713633929445,0.8115742163987902,0.02,2.224305317693535,2.117697352996201,1.192717489601728,80.41653605012988,545.6576534983526,3.6410677597346908,80.56628734026208,0.43141090208915917,False
0.7257968579278419,1.5177619926443486,0.975905284846825,0.02,2.2244829100139003,2.0644267790125026,1.942618750558748,79.84438078417213,3038.0905135010566,3.5558866106317044,84.82754700505808,0.4417453363384509,False
0.3508279188736779,1.2788806344869024,0.8746082148422152,0.02,2.226108420067058,2.145025024311873,0.9421153031446358,80.11665519624833,1468.4668372752544,3.6079159546316872,82.1804572004653,0.43537497728525965,False
0.6491764818913393,1.3789656546701918,0.9638690313367838,0.02,2.2332372691535336,2.115005800008389,1.4342968680557684,79.83708650117516,2716.037563334229,3.561990112618978,84.5095902780765,0.44098840174487675,False
0.5848554798623062,1.253673496285162,0.9643003739924567,0.02,2.2373347520137874,2.153606499986358,1.0102093169232427,79.82425560393123,2446.9628125929394,3.561771019739136,84.52096891616027,0.44101552797460347,False
0.41506591515573665,1.2027267277656943,0.9056370574511436,0.02,2.2451321846656436,2.180348456107812,0.7559692719837494,79.99684455113787,1736.7613586192042,3.591817529031579,82.98434857137858,0.43732631574366554,False
0.5009892932594994,1.4839216722644564,0.8936347418764892,0.02,2.2470755855617885,2.1152550555924376,1.5786426773572906,80.05011718597328,2096.1266055732317,3.5980275195664713,82.67266587245979,0.436571515435258,False
0.21673109836444124,1.2201947908250195,0.8372336296103771,0.02,2.2483219812538597,2.1811142995783235,0.7420604353154177,80.25481279371405,907.5963978366569,3.62749931807352,81.22031353020765,0.43302456845921883,False
0.49723785037214097,1.30614707233474,0.9100846267431325,0.02,2.2538492212230348,2.1619533959320876,1.0987014914276447,79.95985872991473,2079.561716825877,3.589521799429203,83.1000787859129,0.4376060139945886,False
0.7312385267877185,1.370708562554626,0.9978728196526409,0.02,2.255162906539597,2.1317004190551887,1.5029070018527386,79.74336838664593,3059.4843710354476,3.5448007807403634,85.41023627076231,0.44312682826334227,False
0.5891908027104765,1.5250826451111283,0.9130933905432326,0.02,2.2589595365642494,2.1110859178690586,1.7829683228660433,79.98117910867742,2464.611961598459,3.587970410479376,83.17844137756387,0.4377952288031908,False
0.43016170624322314,1.402543762331807,0.876297075239641,0.02,2.2593408829794677,2.1499145958489305,1.2987225929987911,80.08576529690912,1799.4959524946844,3.607036025300535,82.22405397405679,0.4354811861531156,False
0.5052337147678853,1.084895054151929,0.9624106771112045,0.02,2.263092213080124,2.2265739512595073,0.42118620748419516,79.79208289637539,2113.2500870112767,3.5627310575378592,84.47112829407789,0.4408966889239308,False
0.40703407754425636,1.2984264499063531,0.8792272904253581,0.02,2.2632653353820253,2.176548617451874,1.0211495149137642,80.0601548693463,1702.57153583743,3.605510343762547,82.29973863113527,0.4356654612050523,False
0.22615669428042706,1.209115552165179,0.8385872157023103,0.02,2.2660265891242775,2.200935362977987,0.718846169446328,80.2383293406039,946.8938007498032,3.626786362698775,81.2549313360639,0.43310969263324106,False
0.30518343598828934,1.3553301324543625,0.8435831355616202,0.02,2.270002264700249,2.173918398971065,1.1132050807771292,80.20383396920215,1277.1433318773425,3.6241573563575957,81.38280255657502,0.433423875494634,False
0.4622170407337477,1.1524228839327608,0.9225359561981554,0.02,2.2730129550441696,2.2199159139310614,0.6198495950873772,79.90186336944798,1932.8834984980006,3.5831102994164414,83.42474584283148,0.4383890518387677,False
0.38525920740613595,1.1547863430328005,0.8914178346142048,0.02,2.2746956224697654,2.2221060803049686,0.6008318485057488,80.00362294864306,1611.3150663014421,3.599176896162537,82.6151965320788,0.4364320988139507,False
0.2968997045140639,1.1938523147438476,0.8570967161095276,0.02,2.278984518122479,2.2178482323893363,0.687593403113701,80.14045311739814,1242.3241682574012,3.6170651565388425,81.72948203475383,0.434273716069297,False
0.6266858526550594,1.3076340239182243,0.9502309644693611,0.02,2.2836891606670946,2.1840510103489637,1.2077224960554542,79.81255508138157,2619.695461330297,3.568931253481826,84.15043567393019,0.440130732488175,False
0.3424206346002334,1.4906855357724587,0.8422979913099837,0.02,2.2894323278389774,2.1638039842819983,1.474269706655773,80.21550608405484,1432.937885165768,3.624833274510467,81.34989391464785,0.4333430554835746,False
0.6788521000426406,1.2599467554483395,0.9890771404014874,0.02,2.289658535500919,2.198836456600581,1.1038938991961202,79.71794303446555,2838.6102128810217,3.54923117784705,85.17656127307288,0.44257368654913476,False
0.6421099990349523,1.4573007739991204,0.9285753841289202,0.02,2.290095106505462,2.153379730397414,1.6559699557916074,79.89075405652795,2684.26989553935,3.580008689248614,83.58257937541835,0.43876885872156396,False
0.7749107284378064,1.4159770432341476,0.9914871982506879,0.02,2.292007553992045,2.151929592115205,1.7054387785136194,79.72826763723128,3240.4030432463883,3.548016126893102,85.24054025598392,0.442725250003415,False
0.11357718409635231,1.2321331384951508,0.799968272923188,0.02,2.2920526517562783,2.2205399567514728,0.7649409727991872,80.38873240600427,475.7560546508997,3.6472382617429435,80.27184559767703,0.4306810287859406,False
0.5563965931835866,1.3318363356116345,0.9160120731239099,0.02,2.2921166376083604,2.192114862189903,1.2044671881476363,79.90785600866629,2325.5694997148566,3.5864667503702856,83.25451299151216,0.43797877859392376,False
0.7087373012832356,1.2991375843837025,0.987123381641979,0.02,2.2953106287246303,2.1918776513137352,1.25935909597461,79.71420114543774,2963.0072832193023,3.550216792724675,85.12472269379477,0.44245081878207276,False
0.7041686486447983,1.393286493292895,0.9609781799728154,0.02,2.296130921468541,2.1697586260456627,1.5364422097200439,79.7859830302138,2943.36542759104,3.563459165432083,84.43336145875183,0.44080660220065454,False
0.18843699890729612,1.2779643208009344,0.8139002983506738,0.02,2.2983451405396735,2.2177612817122596,0.8970334290221508,80.3109679073261,788.8698946038094,3.6398335685239904,80.6254031708303,0.4315571844763988,False
0.5670603485618027,1.4179557862974357,0.9049129878025743,0.02,2.3012948926086674,2.1801618730221954,1.4603798240715846,79.94644621764338,2370.1403777020637,3.592191554561362,82.96551949375981,0.43728078053084357,False
0.299102999330803,1.368301740027452,0.8329810529836054,0.02,2.3047213009421426,2.206046955147333,1.1430161369456195,80.21567233761951,1251.2824693988412,3.6297410427890555,81.11163040453872,0.43275713288568735,False
0.1655469722969391,1.253056206873256,0.8078320955614475,0.02,2.3055406344359954,2.2303697979590784,0.8250046362942848,80.33045588374681,693.0736352325829,3.643055041519233,80.47125623210206,0.4311755680034525,False
0.8088155834223699,1.4825405672586105,0.9862865130243704,0.02,2.3062206340115874,2.1452552825357336,1.9581113968109694,79.73831615086318,3381.70223659595,3.550639136251592,85.10252572090162,0.44239818988002977,False
0.2925788159437535,1.3404688276029166,0.8320045786143115,0.02,2.312017931225184,2.2179925819400776,1.085913036121097,80.21188420633774,1223.9407063837673,3.6302561776180804,81.08669092566673,0.4326957244724098,False
0.44264225858884176,1.2837117425622981,0.8797713663572835,0.02,2.3129411482766664,2.2282450787093624,1.0031102525809112,80.0093860617579,1850.138567539054,3.605227200618617,82.31379762012064,0.4356996769927192,False
0.6136787223013894,1.2557319522301593,0.947203597263677,0.02,2.314648363807188,2.2290241275760225,1.0360038350550131,79.78959950228283,2564.247908626805,3.5704757129601497,84.0708717055244,0.43994034775063834,False
0.35908307386480154,1.1710822746076812,0.8687647315485323,0.02,2.3172132656272497,2.2609199655745646,0.6414149420648909,80.04691485534991,1501.232337933072,3.610963839156185,82.02975204125758,0.43500749294735735,False
0.5607584542132105,1.5058183077614353,0.8903271747616308,0.02,2.3178657881613307,2.1769658002903376,1.695978789705558,79.99883146356628,2343.9442534902973,3.5997426286523946,82.58693463713797,0.43636350951649633,False
0.6083225697893775,1.5193089346512572,0.9030776746260436,0.02,2.3179225893311743,2.1699048032979698,1.7870601957764698,79.95805367628462,2542.594466677629,3.5931399532700037,82.91780804966061,0.437165361556642,False
0.1714463550837722,1.3551476856245965,0.8013422265577349,0.02,2.3207648516753365,2.2234118687932103,1.0946690061894278,80.35586206874784,717.7522764943285,3.6465066841807903,80.3066578483803,0.43076743383175387,False
0.7647504755901043,1.4710104253666567,0.9619474853055627,0.02,2.3236733289340767,2.170958557741511,1.8570694865854542,79.77403256815835,3195.8758762527746,3.5629664555502147,84.45891511815582,0.44086755976834613,False
0.393770784643634,1.5023944918345962,0.8456138065449457,0.02,2.325888874173588,2.1959338187075015,1.5365267953220683,80.1667312470192,1646.8226496129316,3.623089844117778,81.43482334575313,0.4335515801092107,False
0.10738138077254566,1.4114782077729222,0.7858330060005643,0.02,2.3271341222717132,2.218488604677208,1.2104457557175108,80.44305703937454,449.77071427410493,3.654781828823139,79.91439543128531,0.4297920916665776,False
0.16045412571015452,1.5371857008856886,0.7964973781689414,0.02,2.3275316760379066,2.1934501726933977,1.5280677855023503,80.41580476918871,672.0516897583987,3.6490876880477936,80.18395618173075,0.43046275153646657,False
0.33444579113861184,1.1502599873675592,0.8595059008877248,0.02,2.3293726060863023,2.2783095966380853,0.5719670566181478,80.06680459640567,1398.1114797094956,3.615803682155411,81.79140995876772,0.43442522461798355,False
0.43443764165168564,1.3264385782358215,0.8673902776192803,0.02,2.329837455048053,2.2358472148716118,1.1140966569836286,80.04227360277488,1815.6380371568393,3.611681484579887,81.99433610417881,0.4349210564390654,False
0.7644709733791963,1.423035807713208,0.9669420779393411,0.02,2.3348387741451853,2.194482140952666,1.7082627069460412,79.74223516675717,3194.0035753924417,3.5604298006717205,84.59068184389554,0.44118165916332513,False
0.45025830395672983,1.4371622579997108,0.8607115914347768,0.02,2.3362096188447667,2.2178895198700808,1.4088457543132438,80.0798184603787,1881.968333549957,3.6151727002605907,81.8224160471172,0.4345010479531641,False
0.2829480582806435,1.3822597951724793,0.8217096093996008,0.02,2.336342065062886,2.2350200696790585,1.1709657854636686,80.23892193718163,1183.4742964312027,3.6356961545333815,80.8241240308138,0.4320482955750461,False
0.3875438524772832,1.2444932453201998,0.8619640972108661,0.02,2.3377474608346813,2.2640933065352584,0.8592790490082803,80.05350430727482,1619.6966201101945,3.6145174514178873,81.8546358753712,0.4345798153993451,False
0.7334392833190827,1.441931946488197,0.9487572624559099,0.02,2.339796300557878,2.198176934154012,1.7219616272706888,79.78636897392667,3063.915314908826,3.5696829190398947,84.11169716746261,0.440038054477225,False
0.6768156421774624,1.1887569321583928,0.9944481413393166,0.02,2.34031037151326,2.2695254338575084,0.8585067751052993,79.66063848131142,2828.5593450963797,3.546524480927779,85.31919411398431,0.4429114574683473,False
0.10613685301627131,1.4081838538999016,0.7828393673181065,0.02,2.3413337945196737,2.2331685812704984,1.2044377110895703,80.44365947831713,444.50046278242723,3.6563834497102956,79.83885633414401,0.4296038280447186,False
0.4764803851953413,1.4492795973779649,0.8655225795023631,0.02,2.3413724614720555,2.219012377523574,1.4615149654230524,80.0577743627142,1991.3184920843842,3.6126571255270528,81.94622991631115,0.4348036008442767,False
0.14192692327415127,1.175441091181951,0.7994504903125139,0.02,2.3437749852815295,2.2851400574576037,0.6161611663919372,80.33296818611109,594.0359024388345,3.647514037267011,80.25872951713838,0.43064846652978317,False
0.5029619064358574,1.287723351611388,0.8896648611406259,0.02,2.347980137308044,2.259919662794511,1.0531654849157972,79.94041820735607,2100.9658762269846,3.6000862619148823,82.56977603357342,0.4363218580099777,False
0.19033982204834338,1.4595625628056257,0.7980046886089319,0.02,2.348946645339459,2.2310225793777536,1.3450969667155952,80.36512686329081,796.7140307671415,3.6482843046878917,80.22211460628762,0.4305575431104669,False
0.7856862594827323,1.3234341953249602,0.9953775272705165,0.02,2.350151064578359,2.234935651343582,1.4046346768588291,79.6457431580683,3282.1969688736554,3.546056539105138,85.34389365238859,0.4429699045890829,False
0.5765339702829839,1.0798601365157752,0.9654678465823867,0.02,2.3510919788681894,2.3153167938480426,0.4195844068263603,79.68823590184849,2407.977574092123,3.5611781578406214,84.55177230490654,0.44108894786307873,False
0.5418478245397027,1.3390236372567843,0.8929167872547806,0.02,2.3533447629771707,2.2526075948909274,1.211689826164269,79.92753791316707,2263.052805274135,3.5983996695678995,82.65405075620242,0.4365263647835761,False
0.7722075748907532,1.3367720019900349,0.9814320025748193,0.02,2.3570263494340176,2.2394323755820125,1.4332807811116326,79.67055011862037,3225.1184212105422,3.5530910515497762,84.9738535454763,0.44209289995812284,False
0.6349307934302589,1.2972067199430797,0.9308473360762024,0.02,2.3582780887402524,2.260924046339451,1.1804366452329333,79.79410263186892,2651.148878064771,3.578843294503718,83.64201445259226,0.4389117369869978,False
0.8889995635545723,1.5233519997723894,0.9933325333857157,0.02,2.359223073716281,2.177726381364024,2.2052108998617026,79.68660309386256,3714.9756240467664,3.5470863478626367,85.289552778504,0.4428412992374458,False
0.7286603193327615,1.3606957014509058,0.954380815549988,0.02,2.361181510043972,2.241130121359525,1.461637065495643,79.73537414394448,3042.596454435309,3.5668163108621815,84.25959526021603,0.44039170786880216,False
0.24272526496001046,1.4215693301348606,0.8066565908520568,0.02,2.361382351802953,2.251910844085998,1.2584250159772719,80.29671811187829,1015.3686292344223,3.643679750077663,80.44142273952455,0.43110164299192755,False
0.7706266803885542,1.3158914075074097,0.9847380348221417,0.02,2.362525917773591,2.25082862369578,1.3615337087739865,79.65578363081923,3218.3333299942824,3.551420873715202,85.06146590465201,0.44230080935230287,False
0.34623449432625475,1.4762900299657018,0.8270081989008116,0.02,2.3663757797441343,2.24302452192171,1.4484716267584186,80.20550517267232,1447.6589802522128,3.632894285918999,80.95917689578755,0.43238151269175684,False
0.21983311161786986,1.2432855324382708,0.8083161264325812,0.02,2.3698901630134017,2.2973486308704762,0.8081257198945344,80.25952877959743,919.3726681043643,3.6427978710963558,80.48354316070325,0.4312060076839073,False
0.18291008106247922,1.371068721849424,0.793365559644529,0.02,2.370528537813637,2.2710841303348372,1.1226353499626769,80.34709184958078,765.3031612595089,3.650758051928791,80.10471873756684,0.43026579807582804,False
0.4586562252560631,1.1812811303796478,0.8873383312695564,0.02,2.3711021859800394,2.310632443886393,0.7101443469439327,79.92485110735957,1915.5241738454113,3.60129387344987,82.50952464155382,0.43617554745404535,False
0.6693883454993229,1.509497219206423,0.9075346013360072,0.02,2.3735619027738815,2.2222679866022297,1.8328335466420067,79.89090994522802,2795.5274104681903,3.5908377028919265,83.03370913670398,0.43744564827584265,False
0.19540011764630963,1.321000451998119,0.7968545391529638,0.02,2.37569557955472,2.2857585238871416,1.0119628734530508,80.31738045126079,817.3951198763012,3.6488972923634178,80.19299660606717,0.4304852126373445,False
0.3788908613175628,1.3476204958076383,0.8382662067416821,0.02,2.380752332970651,2.2835162353610623,1.1433310525898572,80.11557599428617,1583.1138860447516,3.6269554178845533,81.24672051248092,0.4330895050568541,False
0.5476798792353154,1.1988146913607658,0.9153533236303796,0.02,2.380804851388122,2.313161236849544,0.8098629818885026,79.82623535527479,2286.675160512748,3.58680601778037,83.23733880704323,0.43793735122786365,False
0.29148710083209506,1.1828866342930089,0.8310108021361803,0.02,2.383166166558812,2.3243196227650715,0.6583673830873241,80.14046312499592,1218.215959987584,3.6307805902470442,81.06131578890013,0.43263322796600523,False
0.46487124134728164,1.2751134566025155,0.8703429138877543,0.02,2.383728535213212,2.3001506584844367,0.9932782488172291,79.97706642285407,1941.2659347419824,3.610140172407962,82.07043236431126,0.43510674150560086,False
0.2690778524596661,1.2139305654024384,0.8202118622418434,0.02,2.3878408237312434,2.322016562408726,0.7385735075596205,80.18497832322501,1124.7035675818393,3.6364889396831557,80.7859812281285,0.43195410541569224,False
0.508768504423432,1.4049669324884833,0.8666407734150516,0.02,2.3881626420680298,2.2741919714947993,1.3663907883206534,80.00007807651757,2124.573595891473,3.6120729443878328,81.97502849701742,0.43487392170069045,False
0.7441562872453926,1.3120541101038443,0.9628942384366577,0.02,2.3901316352726867,2.281695751968398,1.3212441513104278,79.68118354769138,3106.0509872245602,3.5624853407465453,84.48388002170695,0.44092709907564825,False
0.7005068443257454,1.4273092252578965,0.9230419442909383,0.02,2.3902161825808563,2.2557484281023474,1.6337020307912402,79.80982280637677,2924.1123375236493,3.5828502377866847,83.43796033391148,0.43842087236257477,False
0.3665671205991896,1.3925514945002462,0.828753510801383,0.02,2.395001730568485,2.2897452779968432,1.2368733495996154,80.14939781663948,1531.6029067673198,3.6319723186766084,81.00370140411545,0.432491271675565,False
0.7538925509723362,1.2472302501913861,0.9858487756033703,0.02,2.401471414129389,2.3091861205895188,1.1245853799953933,79.61665392762336,3147.0944486198314,3.5508600897700946,85.09091702089856,0.4423706614970009,False
0.4186160422671268,1.2911832749950287,0.8494739446331002,0.02,2.4045759788114287,2.3188539625400053,1.0115040626238656,80.0406701928308,1748.0926929486366,3.621062324360749,81.533783088207,0.4337943360508715,False
0.8581399995868008,1.3651061644736717,0.9967917529274011,0.02,2.4087275592151944,2.27463634503437,1.6336728564992256,79.59880787155424,3582.2924463488457,3.545344719431688,85.38148895319657,0.44305884225743,False
0.17302308176545095,1.2326559713625531,0.7881375324008963,0.02,2.4158722283276592,2.3450970408554896,0.7737467199332023,80.31384439079102,723.5220961838766,3.653549844073564,79.97258495214408,0.4299370184706501,False
0.8678856302837692,1.5100875179554851,0.9643341542734373,0.02,2.4165332284335825,2.2418441688881874,2.123444867401342,79.69546885458995,3622.7107903401707,3.561753862780346,84.52186007588699,0.4410176523452171,False
0.31883986455165153,1.3442094745439022,0.815746666357153,0.02,2.416934463638937,2.321445574529968,1.1097396440034692,80.18245391717753,1332.1665902809534,3.6388545032801787,80.67235195590516,0.4316732986655364,False
0.6147097378481003,1.1732400511741712,0.9352829049811706,0.02,2.4194735315864104,2.3562087904669546,0.7622046412701184,79.72033065317243,2564.7781923049556,3.5765702605437095,83.7581453978518,0.4391906805588951,False
0.43690116015453995,1.3206121434476885,0.8474123869964624,0.02,2.41961816125507,2.326739088002853,1.1010534205830818,80.03518734116359,1824.0638511238947,3.6221448655937447,81.48092050930441,0.4336646890398213,False
0.2661605173329985,1.208054492258192,0.8132816116319093,0.02,2.4243403023955916,2.359702786349796,0.7233454950604602,80.18553512967578,1112.1547353743308,3.64016175460066,80.60967628957555,0.431518276573734,False
0.8180311700581159,1.5077323004640366,0.9423065912144941,0.02,2.4263802343418304,2.2588444473029354,2.036660740750804,79.74203267938171,3413.764137340664,3.5729768303408638,83.94229443457158,0.4396323853701122,False
0.5256096637216052,1.3830394122941267,0.8632193802763669,0.02,2.4305690055218188,2.320606354886315,1.320930259592173,79.96942888350652,2193.5735828062625,3.6138609879098404,81.886937185831,0.4346587575033988,False
0.2512304405318162,1.3310999596356374,0.7973669942764041,0.02,2.4322527564909207,2.340116597628897,1.0533141472547642,80.25531137570283,1049.962685801813,3.6486241470475735,80.20596924173218,0.4305174398590679,False
0.3675445270300973,1.3328461940177112,0.8251274594662914,0.02,2.4337880493771173,2.340045920391938,1.0988082860255857,80.12119248319765,1534.9097483174116,3.6338883173512553,80.91121925352057,0.432263236956014,False
0.48058687469873496,1.1805495132681987,0.8771811811253147,0.02,2.438397794633904,2.377664528935238,0.7165623078354105,79.89536993970822,2005.274622151025,3.606575559958624,82.24688381539015,0.4355367857073033,False
0.7436191294869879,1.5176558152327322,0.9121601840713021,0.02,2.4394119073362464,2.2785815978979613,1.9525608123080784,79.82096380374227,3102.795403007105,3.5884514500688236,83.15413004365936,0.4377365414167077,False
0.2790607885715728,1.1900840441735374,0.8146604530179306,0.02,2.4396951770054747,2.3792318000610146,0.6753601496277238,80.15950935969796,1165.71063972027,3.6394304209378867,80.6447294787543,0.43160498899992705,False
0.31133114515399873,1.2299333323042791,0.8172457049549031,0.02,2.4447597055441594,2.3753303669932326,0.7923659608716404,80.13870660669313,1300.1820829092528,3.6380600021589515,80.71048496469312,0.4317675700408271,False
0.45168331838891296,0.9734462516480726,0.9059748718951235,0.02,2.449019248610423,2.426485000101157,0.24126318493663287,79.7616313554855,1884.0972745057445,3.5916430541951376,82.99313441492286,0.43734756018145043,False
0.7511792764266326,1.3025510383713013,0.9473027650411249,0.02,2.4509624779271313,2.343682368612589,1.3075056739859703,79.66336701276872,3132.511421784109,3.5704250997666396,84.07347706459933,0.4399465842029742,False
0.5344256057277569,1.295903627049185,0.8723531865889949,0.02,2.4512496714446663,2.3598656551885875,1.0976628990217592,79.90748345266942,2229.4730869507807,3.609091538038762,82.12227355186474,0.4352331633152459,False
0.8733413100058685,1.4656771623918883,0.9625372199147002,0.02,2.4523070871636095,2.288517203083274,1.9925531391177143,79.65784207538289,3643.2506418250246,3.562666752819134,84.47446514012861,0.4409046469339091,False
0.26743128575943365,1.3878214716689738,0.7943272745604204,0.02,2.453392978455119,2.3504387534899056,1.1871738520067696,80.25733678770453,1117.4282193897918,3.6502449560060057,80.12904421766972,0.4303262782982152,False
0.5394562542370004,1.2116457192752865,0.8882612918777859,0.02,2.455800219505264,2.385283538937847,0.844173208588966,79.84452619312255,2250.1549961374035,3.60081470341453,82.53342291656325,0.4362335904997732,False
0.5715991588445885,1.2419373607945807,0.8910914289917506,0.02,2.459979891437836,2.380369922492446,0.9588494552237967,79.82660275408949,2383.7976663410464,3.5993461862748517,82.6067376995823,0.4364115718528854,False
0.5817354114775964,1.3596720686741488,0.8743089636664678,0.02,2.462684813050009,2.3547150532357675,1.3039951088138217,79.89354167617964,2426.271862044299,3.6080719151297114,82.17273413365272,0.4353561580100672,False
0.3252229570146633,1.454460780423282,0.8029537966692664,0.02,2.4653356005882783,2.3471211216644763,1.3827442657030622,80.21889691053477,1358.5613852093306,3.645648958888263,80.34750599745318,0.4308687820765687,False
0.5062232818373905,1.3188109513761457,0.8561723874261521,0.02,2.468292427554663,2.3729617106753325,1.1415642361466671,79.95365873920711,2111.6931973316478,3.6175493783864345,81.70573205706926,0.43421558698820906,False
0.8353645178640068,1.2543604215098692,0.9956348835259118,0.02,2.4721440488014856,2.3718737007359536,1.2220375606124938,79.52602181866585,3483.788916321669,3.5459269831669533,85.350734175412,0.442986089181109,False
0.2894959468114624,1.2587879935780288,0.8024018062092394,0.02,2.4731276090887517,2.397145279928778,0.8671885746194277,80.17916131708581,1208.8585129504659,3.6459426991038177,80.33351293929277,0.4308340685609246,False
0.34953200409038,1.5299846007076852,0.8039464488242223,0.02,2.4769035503386934,2.341819380941926,1.5884555780840477,80.22069218244884,1460.121016210841,3.645120840829156,80.37267479882286,0.4309312078766605,False
0.4641723809299202,1.5397963954593497,0.828132517724952,0.02,2.476936191239499,2.334947349632477,1.6933234899683034,80.1092124092337,1937.8821012835617,3.632300306851319,80.9878570744012,0.4324522187309316,False
0.6370003948102085,1.3976893137531734,0.8834983122416027,0.02,2.4769810191156716,2.355813968244416,1.4686206356496527,79.85621309037509,2656.238990494113,3.603288851708567,82.41015311946602,0.4359340567576408,False
0.5141323257435577,1.2949262988404207,0.8597656746402806,0.02,2.4794230201586336,2.3891093246861823,1.0821360245795921,79.929704972283,2144.3017099422027,3.61566771444874,81.79808963556793,0.43444156124130645,False
0.7359810955031009,1.1962695445947862,0.9651609445008132,0.02,2.4794410421145354,2.403580630976007,0.9229067489999052,79.59042932284399,3068.5465955953905,3.56133398867287,84.54367394999984,0.44106964743855803,False
0.3609478652950914,1.2213551900190907,0.8243951576333011,0.02,2.479690667841851,2.4117597986701904,0.7844552073625486,80.07208938345117,1506.3690337548558,3.634275509636038,80.8925521311464,0.432217184038479,False
0.7105292829715901,1.426895713003077,0.9015854164549844,0.02,2.4818418197495062,2.3469257870848246,1.6396995713605862,79.79690698234914,2962.480353250078,3.593911447392006,82.87903061807555,0.437071516588083,False
0.6813910721191454,1.4590360534164053,0.888873603291277,0.02,2.48250743173003,2.342253782991207,1.701727140940392,79.8473791515626,2841.4600884137567,3.6004968823208654,82.54928053083898,0.4362720974729376,False
0.7492506296055876,1.268080632761717,0.9464920839477099,0.02,2.4825419673523155,2.385054229917668,1.1880212769180054,79.63665583869329,3123.187761293784,3.570838896805806,84.05218050039666,0.43989560217908696,False
0.30185491877314885,1.1994463779478197,0.811378235856076,0.02,2.4825489899006556,2.419716129239619,0.7096318671857413,80.1349518228424,1260.2297764200218,3.641171782893162,80.56130820086828,0.43139857728623576,False
0.6175279138157448,1.1225478658482146,0.9254990741299253,0.02,2.4878140009588594,2.439420235313303,0.5788229046321799,79.66993502831369,2573.6641780166046,3.5815878885423995,83.50215446890489,0.43857539607499746,False
0.7579587746017119,1.4650675338043515,0.9095732932640745,0.02,2.4913114512976926,2.341655543214159,1.819792995304425,79.7727502020841,3160.0613441300266,3.5897855883092626,83.08676695759209,0.43757385731071446,False
0.24453310460952773,1.4537004818158565,0.7811657481176764,0.02,2.492381334229611,2.3753269075934624,1.3495355532125308,80.30449209153659,1021.7750517104676,3.6572794614124127,79.79665046720665,0.42949857766359134,False
0.5639666636999213,1.4814000261744211,0.850644262966028,0.02,2.4991951479745453,2.36372764280417,1.6315788411640226,79.98053975575615,2352.4343377927416,3.6204480682566746,81.56380451907073,0.433867934902121,False
0.6304825785346997,1.1721928834475648,0.9145700021544283,0.02,2.5093017610621584,2.4459272245913435,0.7646935517715115,79.69715284353966,2627.210567267143,3.587209525472284,83.21692052245479,0.4378880897926053,False
0.4553911106736179,1.3380484298935462,0.8304544259776417,0.02,2.5142801073380316,2.4164948555774517,1.1639253125964169,80.0223091793696,1899.3400872967218,3.6310742543061303,81.04711200336234,0.43259823864303304,False
0.6275188988041285,1.2405296343851837,0.8941685873595598,0.02,2.523726210119198,2.441813679079268,0.9919890406606551,79.75694825779604,2614.569155618002,3.5977508519756087,82.68650954082952,0.436605087851577,False
0.3361657880502562,1.300406770948888,0.8017450019943353,0.02,2.5240818900224884,2.437701207787438,1.0036187006456145,80.14155895329328,1402.801580002953,3.6462922773491226,80.3168653652036,0.4307927635293339,False
0.35270206374947577,1.158159837046824,0.8184013786358305,0.02,2.527318285238716,2.4740838466518484,0.6025400919749876,80.04517901134591,1471.081456465889,3.63744772368454,80.73989313350448,0.4318402479208042,False
0.8536774797778861,1.5464772379061733,0.9200847323263195,0.02,2.528001532739714,2.3469016851532465,2.1991353800007003,79.73023821881894,3558.194522178411,3.5843706844049397,83.3607522816135,0.43823489954016087,False
0.5273014316276101,1.2937240097484153,0.8524977327055617,0.02,2.528698368984763,2.4380636187483824,1.0878175002320465,79.91277241873725,2197.9135871854523,3.6194756779175012,81.61136826970028,0.4339844957042698,False
0.7035583839886018,1.2395300092466093,0.9206883117968604,0.02,2.530069621629455,2.443939639942709,1.0479485530115566,79.66513639421989,2930.7630633386525,3.584060250013342,83.37650624159839,0.43827285737985267,False
0.4878582761300896,1.3833892807692516,0.8297427490128582,0.02,2.5368754954141592,2.428828413036662,1.2924980121954217,80.00983080692345,2034.1135544761926,3.631449957817094,81.02894640493116,0.4325534827799528,False
0.6630982983357794,1.3966918675119875,0.8760509636229663,0.02,2.541649116672315,2.4186456639913265,1.4930735593714535,79.82637235212823,2762.8484646474362,3.6071642275539975,82.21769963907913,0.4354657087126989,False
0.4787853385105775,1.5227671261850613,0.819122475056969,0.02,2.5419077095059435,2.402566609635858,1.664468129325616,80.08626516083416,1997.3584921171093,3.63706578960821,80.75824702785873,0.431885596153625,False
0.7593910804406374,1.41402361627231,0.9032839220784894,0.02,2.5439710111490434,2.407758486862399,1.6578077740069534,79.73528081004893,3163.479543059848,3.5930333498531284,82.92316865924865,0.4371783320238611,False
0.7890012421005412,1.3091545048852984,0.9320622936419851,0.02,2.5459478791333603,2.43389741429288,1.3662110892360906,79.62344193350071,3285.9483131425527,3.578220394935851,83.67381168725136,0.4389881431054381,False
0.6197277621111422,1.2104631900014948,0.8925321821890866,0.02,2.5510831162700702,2.4774111719707457,0.8905794036861496,79.7428749825075,2581.439152205037,3.5985990603197773,82.64408007426927,0.4365021777822932,False
0.797976342395576,1.5063102406662217,0.9009121671717615,0.02,2.553743074463344,2.3895496777583376,1.995674770418009,79.75769163169772,3324.704238887974,3.5942596242217495,82.86154038689683,0.4370291773608354,False
0.8758610104275172,1.2228189985795268,0.9975769299803041,0.02,2.5538907228392875,2.460578074445555,1.1354715779996267,79.44600930185021,3648.6346893176283,3.5449496410301657,85.40236734363474,0.44310822038600856,False
0.7043245493253671,1.5202220295810829,0.8707210972660916,0.02,2.561371904307069,2.404395413616666,1.9035596437340536,79.8587313445494,2934.998200971914,3.609942851102963,82.08018304079204,0.43513052466051194,False
0.36983514775387627,1.1689423333696574,0.8150308041133372,0.02,2.562749887091931,2.5066360292616134,0.6414676593013354,80.02872888309157,1541.880811607539,3.639234037801961,80.6541466862128,0.4316282795990863,False
0.8544357219440855,1.3642221646632917,0.9386361547301963,0.02,2.567722231616969,2.435119361395489,1.6157933480094362,79.59660740417863,3557.6661405214845,3.5748537831206124,83.8460226216503,0.43940155936215514,False
0.8481505934713746,1.1932891260802958,0.988539194504188,0.02,2.57130527262426,2.4895932753521848,0.993893727271604,79.44854653179209,3532.119775315205,3.5495025014182175,85.1622856640571,0.44253985626641446,False
0.624438156936667,1.155560290584454,0.8981782993934782,0.02,2.5713460280099105,2.5129642648845656,0.7027162404062361,79.68904575133307,2599.8469120945815,3.59567416160834,82.79054739319542,0.43685725018317056,False
0.8067995301033186,1.5215293772815144,0.8972559555757296,0.02,2.572085137863905,2.403144037069009,2.0526890742096895,79.75830540286708,3360.880885714417,3.59615164505268,82.76660675117984,0.436799245926095,False
0.552668281041615,1.2940334802277647,0.8499746400707018,0.02,2.573229174376637,2.481267042189234,1.107079124172861,79.88261111475627,2302.3048385930533,3.6207995026357986,81.54662604025181,0.4338258237307587,False
0.5915354192702166,1.5453418130683936,0.8375599960224618,0.02,2.5735247193992623,2.421169090726432,1.836329707672934,79.9841134176695,2465.917190175545,3.62732739003743,81.22865924393791,0.43304509295442667,False
0.7554104387615522,1.4947946239051393,0.8844221026023601,0.02,2.5752355777587885,2.4186546388253065,1.9023897459342045,79.79246114383254,3146.7154532603045,3.6028087194785607,82.43405025780558,0.4359921519847549,False
0.45733121590758385,1.3996152901749608,0.8129403973994793,0.02,2.5779252047885026,2.4673317377791886,1.3182723793721898,80.05091909659764,1906.4958444089632,3.6403427790562204,80.60100374276061,0.4314968183304251,False
0.8940159117957716,1.4846562345457088,0.9273488779448145,0.02,2.583334842972657,2.4126626622899763,2.0748443253729203,79.64736634291505,3723.006719789733,3.5806381394934683,83.55050721697596,0.43869172633487835,False
0.4084779577229075,1.3348419965723222,0.8042512191393165,0.02,2.5856378431496907,2.489892677722662,1.1312303553463383,80.07362100012391,1702.918535375054,3.644958725396474,80.38040354361549,0.43095037423888416,False
0.5237543357843969,1.3220013759990523,0.8349160411778846,0.02,2.586269373044555,2.4893042103744816,1.163932343851231,79.93378359877627,2181.9709675721574,3.628720679906289,81.16106860877794,0.43287882021149726,False
0.832761795848678,1.1673570569889546,0.9824960059347464,0.02,2.586406059257637,2.514344784494038,0.8753833934234961,79.43835330004349,3466.7777770329294,3.5525533551903656,85.0020428335529,0.4421598128849847,False
0.6570911604843643,1.379835078822247,0.8643520334348802,0.02,2.5926838350581556,2.474305820687651,1.4370529330670365,79.82094941816919,2736.1703314545002,3.6132688596183176,81.91609157255259,0.43472998767128146,False
0.6674750501766236,1.3584479524556659,0.8695458151832204,0.02,2.5944213197490362,2.480592028147769,1.3828343833604595,79.79541993772743,2779.0453174775644,3.610556138011959,82.04988380963903,0.43505661364949916,False
0.8109990596059217,1.381221194163954,0.9124636823871362,0.02,2.594948295654576,2.4621762561049048,1.6178690485845044,79.65557092459218,3375.8470703378916,3.5882949917534694,83.16203598986657,0.43775562778558114,False
0.3523196012991425,1.4331286405628676,0.7825185270605188,0.02,2.6064739203398104,2.4918787821960247,1.346051296050204,80.18052746740608,1469.4717611168287,3.6565551851291147,79.83076389736688,0.4295836510777099,False
0.5309696502479196,1.3125302214076329,0.833747676940623,0.02,2.607722795844781,2.512576528884435,1.1428476201484317,79.91934390526053,2211.448708721835,3.6293367160698877,81.13121449560175,0.43280534424920214,False
0.6588430816795301,1.2361652392228972,0.8850670977368713,0.02,2.6081653675548493,2.5258122617685452,0.9995880073436161,79.71399204968495,2742.129736352774,3.6024735645603445,82.4507385881442,0.4360327143681902,False
0.8289097287386323,1.3412720024454998,0.9218233339966766,0.02,2.6095990498006794,2.486429747790385,1.5013033049717566,79.60420962015426,3449.2548738626447,3.5834766283761477,83.40613762126999,0.43834423653174565,False
0.5147827494943132,1.4570345539433596,0.8166090126280107,0.02,2.6130505060875424,2.4863050900768755,1.520449301941389,80.01794465507896,2145.1380870382013,3.638397411233025,80.69428683698105,0.4317275298034488,False
0.7811065354206721,1.4720489103092123,0.885556998476941,0.02,2.6133349934164123,2.459613400740938,1.8695707969911677,79.75144817199768,3251.934648752017,3.6022190420685956,82.46341584489845,0.4360635231923202,False
0.6094585228306173,1.5045987494098427,0.8352454671358005,0.02,2.6187386236454278,2.4742114906591604,1.7454070207947825,79.94455433192553,2538.897897919115,3.6285470233184665,81.16948769404826,0.43289953711508855,False
0.8698229610587813,1.3671869889673745,0.9291571126566885,0.02,2.619643259438822,2.484725600380935,1.6436004025121496,79.58080115447416,3619.3024540188085,3.5797102200875526,83.59779446676508,0.43880544240155783,False
0.39769569521404957,1.4985287448563298,0.7871111895260455,0.02,2.623585609659544,2.4929539850415,1.5464466184174357,80.15833439968684,1658.4211773711133,3.6540984176680578,79.94666550917213,0.42987247393225236,False
0.4907876433168221,1.2129877093225283,0.832237497047069,0.02,2.624435321719495,2.555626622252297,0.8171095086866788,79.90267348329799,2043.6702016095378,3.6301332892281013,81.09263918733211,0.43271037222132,False
0.5745439105992575,1.4605808836766654,0.8264693401902037,0.02,2.6340423800456008,2.5025981218785573,1.5848711709702652,79.95676158862673,2393.0193486636585,3.63317903453241,80.94543404050523,0.4323476250041331,False
0.882510020889287,1.3740054824667136,0.9266081009982025,0.02,2.641723314699549,2.503565524243535,1.6825633637008044,79.57220969709138,3671.1534423962316,3.581018417839961,83.53114113781368,0.43864514043532543,False
0.6042779144946162,1.2015597712164685,0.8618478984354807,0.02,2.6614317451388927,2.591115481380654,0.8482132298771622,79.75215358821649,2513.936849221127,3.6145782308525485,81.8516463227325,0.4345725079034747,False
0.693868192218573,1.157166657907435,0.9003892741150333,0.02,2.6623270577796743,2.6008722177608106,0.7442661169177787,79.59944145232663,2885.2076009279963,3.5945300895461174,82.8479582295936,0.43699629371950577,False
0.6540953065564923,1.4376965968097775,0.8427159042777844,0.02,2.6631926553215526,2.5312308077936723,1.599661824604506,79.85942216793256,2722.3816055808893,3.6246134466509887,81.36059424103578,0.4333693371485601,False
0.8197053453881527,1.508973423127087,0.8780998730047148,0.02,2.6756628407886764,2.5084842728406715,2.0320192092886837,79.73526639482839,3410.4850789400434,3.606097205867333,82.27061203560815,0.43559456030167965,False
0.29423614678530197,1.0117164835993282,0.7838546968556893,0.02,2.6763953642278002,2.6514201601186573,0.24165029876083774,80.02980387917086,1225.2590333466046,3.65584008291456,79.8644699468229,0.42966767997756733,False
0.7962064467239114,1.1957267786002144,0.9241411852835284,0.02,2.6939128001224364,2.6152569355632886,0.9576113413854297,79.50914641517028,3309.441873410319,3.5822853932877265,83.4666739688617,0.4384900013098234,False
0.3934054141273159,1.2815632206047738,0.7842014040322602,0.02,2.693990487240726,2.610647634873457,0.978591293365909,80.06233708178479,1638.3130349585556,3.655654575050811,79.87321779857366,0.4296894836605462,False
0.7150654732132548,1.3489824559397285,0.8627034815526151,0.02,2.6955278440498893,2.5801802983721784,1.4042024920865195,79.73373495702064,2973.4600073468887,3.614130753720409,81.8736607128263,0.4346263137209158,False
0.6120629204593695,1.4999980538793727,0.8208894019985464,0.02,2.695728932868498,2.551967214288201,1.7367290468563163,79.9383954197054,2547.789061115272,3.6361302625923524,80.80323421435433,0.4319967144617665,False
0.40594157183060386,1.3564300799611801,0.7810165431626394,0.02,2.698114565850369,2.596956824426945,1.1964615662356122,80.08588369175447,1690.7364219282738,3.6573593631417265,79.79288863597303,0.4294891944787069,False
0.20159389917058207,1.1166896541285922,0.7451592527556339,0.02,2.700896913136837,2.656440821304724,0.4590955802633625,80.22592777687402,840.2542084567542,3.676663310093768,78.8929534735711,0.4272342051235678,False
0.7393743551454641,1.4518805591840904,0.8562556210553951,0.02,2.7009232413564153,2.557299919762689,1.745942203791484,79.77882003726964,3075.3910400163836,3.6175057700336453,81.70787046359489,0.43422082137557644,False
0.783859586599759,1.2631550316316038,0.8953434329214122,0.02,2.7168112063579968,2.6185999015964856,1.1974557641596737,79.5855152912386,3257.4143742824667,3.5971421333168276,82.71698200941005,0.4366789714107037,False
0.7469341175043609,1.4009323444769248,0.8574733525547353,0.02,2.731783867234468,2.6004768897185566,1.5984309634117737,79.73541139781065,3105.0961323030215,3.6168678877080787,81.73916100673841,0.4342974019408467,False
0.5990271431234384,1.2181277562738304,0.8402101954185595,0.02,2.732422106408391,2.6582128648123455,0.8954631316119652,79.77032985541382,2490.2216386301543,3.625931882785869,81.29645425727296,0.4332117584040287,False
0.868349179280118,1.2370403160119108,0.9297463344116518,0.02,2.7333067279977965,2.636680856534646,1.1764843895279902,79.46193910984024,3607.3592671652937,3.579407957083258,83.61320774336576,0.4388424973148036,False
0.692629165259248,1.5309765590684363,0.830031609860442,0.02,2.7364463348849197,2.5781918684396974,1.917703883497265,79.87365974399397,2881.4305620118457,3.6312974550510337,81.03631920641827,0.4325716486293247,False
0.6617630555383872,1.324069695048878,0.8411415114509396,0.02,2.7403087441426237,2.634525298911533,1.2849107238079562,79.77481152101024,2750.9507794764468,3.6254417375325985,81.32028898139264,0.43327032690475625,False
0.43321833966952705,1.2511440057964676,0.78678735354482,0.02,2.744601860559867,2.667776296245766,0.9065149767045418,79.99661339392559,1802.5805678061274,3.654271540085414,79.93848869277812,0.4298521085705035,False
0.4951616455060417,1.4961489579640532,0.7855295753266183,0.02,2.74509252579521,2.609976388315855,1.6177370914820806,80.0555096202046,2061.429021880261,3.654944102780955,79.90673630001476,0.4297730095515599,False
0.6807828401500415,1.1601614047553657,0.8739238854004773,0.02,2.7479028509848566,2.6860793612547105,0.7484320081858682,79.61710742132045,2828.123891384918,3.6082726259042155,82.16279688377725,0.43533194125021596,False
0.6894791702123608,1.3467265140109457,0.844842797999835,0.02,2.7484791859114606,2.635544168708563,1.373480306989191,79.75942466394426,2865.8216421985276,3.6234950848786336,81.41506890874624,0.43350309300819967,False
0.861742513627565,1.4037827318917333,0.8870052070861533,0.02,2.7514529350323507,2.607773967249068,1.749511808560062,79.6149068236732,3580.5631574384247,3.6014668516191013,82.50090037117775,0.4361545979768544,False
0.5918531365898135,1.478302615703731,0.8048563095837192,0.02,2.7614067013772607,2.624314470422895,1.6547816112876232,79.94625453210995,2462.144973060632,3.6446369044347544,80.39574993545838,0.43098842710053475,False
0.41443141389354854,0.8499164551055519,0.8519381464460802,0.02,2.769685816548985,2.71273448608938,0.6645131148941794,79.68113444138176,1722.8712871350594,3.6197691999698702,81.59700585519822,0.4339493045048208,False
0.8022736193892022,1.3517524796696112,0.8717869521838179,0.02,2.770433834494608,2.6469252550251916,1.5056254676166745,79.63792180659111,3332.5403020471463,3.6093868457129648,82.10766881413369,0.435197554027938,False
0.802047459361632,1.386126162179674,0.8665062759139467,0.02,2.772401898433981,2.639675455201448,1.6172595897798272,79.66466687015026,3332.022736457868,3.6121432002936076,81.97156415254233,0.43486546343655946,False
0.604100289841543,1.440703109287237,0.8069485039055087,0.02,2.779074490640005,2.650224791718337,1.55753014083059,79.91264441510761,2512.118599061581,3.6435245962225795,80.44883046744728,0.43112000078808804,False
0.4859920332682144,1.2720451311691028,0.7914758859901163,0.02,2.7821265966110027,2.6982690370133553,1.0002971331053072,79.94456644248302,2020.945114994676,3.651766654402751,80.05693878334574,0.43014696048584233,False
0.8389750759805751,1.4393756039965493,0.867984180362802,0.02,2.783896378563724,2.633245898924964,1.8335078607323516,79.66516600164047,3485.470148857722,3.6113713543696004,82.00963788327773,0.4349584057298073,False
0.6543028559701993,1.4406090880127418,0.8181931641368305,0.02,2.784282832841611,2.651561851790491,1.608948592509377,79.85936022959102,2720.100402452893,3.637558020966054,80.73459411679839,0.4318271537501767,False
0.7190205250792999,1.4226278521239863,0.8356530526320756,0.02,2.7882517136578793,2.6542057736610962,1.6298334430835795,79.77880287732611,2987.9485479149484,3.6283321880053685,81.17990524775311,0.43292516930717495,False
0.8241746522658442,1.448369023062169,0.8613228899747183,0.02,2.7896951041444162,2.638187622862461,1.8436713867582881,79.68687354124555,3424.0540249387623,3.614852869535042,81.83814002125665,0.4345394912288475,False
0.8911439400586406,1.4091310992279753,0.8863535596453681,0.02,2.7907744042790403,2.642448928362196,1.8050989257128793,79.58704848594458,3700.9945189152795,3.601805274326896,82.48403188095492,0.4361136172439101,False
0.6846203866323993,1.260939308247471,0.8458919656546416,0.02,2.793391939378002,2.70271245393476,1.1028333584666108,79.69888668669795,2843.51333870973,3.6229436664182195,81.44195114499333,0.43356907294886143,False
0.6001208540990643,1.3950748510984659,0.805729345007292,0.02,2.7975183013001472,2.679616430658527,1.426148868412196,79.88931876671457,2494.6588167163677,3.6441726754722175,80.41789610187494,0.43104333045671345,False
0.6322455030095,1.1765401589571332,0.8434474088770151,0.02,2.800356186787667,2.7358394168710216,0.7789762996011862,79.6924970680405,2625.7371268109728,3.624228729535771,81.37932651083923,0.4334153399297457,False
0.6979147036577007,1.2618214432920287,0.8469700714677799,0.02,2.806887013691048,2.7151110350648966,1.1168595187245258,79.68354985660143,2898.1853580463903,3.6223772135336385,81.46958216084123,0.43363687274925755,False
0.8626345177419276,1.1656820364324065,0.9259240990660348,0.02,2.810476517245784,2.737982255185843,0.8796239315786519,79.3911090359493,3579.5261455280042,3.581369622426774,83.51326243150673,0.43860212499666773,False
0.7173347608316463,1.2848893230890288,0.8477572631497546,0.02,2.814887364499256,2.715496549070996,1.2104334807532016,79.67921447416445,2978.6355361093865,3.621963723147584,81.48976195544077,0.4336863775736087,False
0.640669669394524,1.246046943344699,0.827940808309782,0.02,2.8308378072307514,2.7470295978356685,1.016312394566974,79.73933182284685,2660.417640363433,3.6324015734434987,80.98296620078051,0.43244016253020984,False
0.7767210528742229,1.3357976339169475,0.8487441650771375,0.02,2.8549977114563023,2.7371797404548235,1.436263928726318,79.65121161631674,3223.7831694975634,3.621445463741185,81.51506693982796,0.4337484417540181,False
0.8718465395922091,1.50002006155073,0.8532829234435673,0.02,2.862767781540782,2.6919647155337656,2.0759353916291445,79.67343469207177,3619.818849649218,3.6190638988816906,81.63152444551503,0.43403387469347554,False
0.8868759920357857,1.445579936590808,0.8637048688267674,0.02,2.863771543387195,2.70599018502178,1.9192057947028631,79.61842574925018,3681.062412820698,3.613607160496793,81.89943261396206,0.4346892888542278,False
0.7711371779442531,1.0091873722153617,0.9175784139036288,0.02,2.8682051757379554,2.8479982404251607,0.23431676659790862,79.32003607605412,3196.26567350593,3.5856603153875146,83.29536000090661,0.4380772824614691,False
0.5529846150900313,0.7450698794789891,0.9900123475676712,0.02,2.8706080220611807,2.7543894601888557,1.4203992122834657,79.27348175498979,2299.9301681851857,3.5487595864834445,85.2013835001005,0.44263249975505903,False
0.11670738390737949,1.3895972776206131,0.6925523896331514,0.02,2.8731063954863933,2.7645978217636547,1.2141235621571693,80.42652416555316,486.4927640739681,3.705356139374739,77.58748297879843,0.4239258704724564,False
0.36528302858450856,0.9638873978667704,0.7765556808546006,0.02,2.873344781702913,2.8480089406502067,0.26150593894908064,79.88012421379203,1517.2056086288128,3.6597498425369976,79.68048468394485,0.4292086602580452,False
0.6994439482352386,1.4730248826270689,0.8094024146174773,0.02,2.8747137702319927,2.7297797579986796,1.7592074759892404,79.83027558010797,2905.152534406748,3.6422208475223425,80.51112358807646,0.4312743220564032,False
0.6462615654041788,1.5430360858806054,0.7910008489459156,0.02,2.8825293764787476,2.7257554817716527,1.895560873105832,79.92446328259699,2685.6257702855223,3.6520202903638497,80.04493116542596,0.4301170864081915,False
0.5977552112288531,1.5361516497346597,0.7805179251700123,0.02,2.885256529154699,2.733928114428656,1.82510615334894,79.96896776404968,2484.521013300377,3.6576264066812887,79.78031825551784,0.429457837444952,False
0.4854154648247043,1.1684276244040726,0.7837912509477173,0.02,2.885341909783235,2.8275101425371116,0.68174801049397,79.87364040114346,2015.8882028913968,3.655874032086107,79.86286921091559,0.42966368999824983,False
0.5206968118385927,1.2452898862419501,0.783229549657154,0.02,2.890493045000402,2.8122741552803316,0.9364457190597695,79.8839881872217,2162.4383844393124,3.6561746194535587,79.84869864561894,0.4296283657889577,False
0.6216986602710456,1.4347239297239263,0.7908005795521126,0.02,2.890732410189024,2.761997949446777,1.5582223490767548,79.88887653433855,2582.3676922228706,3.6521272305201085,80.03986934230505,0.43010449188847005,False
0.6505168907278946,1.2058162870783455,0.82607912661218,0.02,2.89232685288022,2.818896561576278,0.8897720405080158,79.69341480286312,2699.2915646247175,3.6333852626024123,80.9354833323344,0.4323230852953407,False
0.6902298011471912,1.3851424584402379,0.808820991960448,0.02,2.9059100230124297,2.783627692906886,1.4867530043804669,79.78277567885726,2864.952354550024,3.6425296696962466,80.49636056072441,0.4312377576119748,False
0.8598145544876864,1.1702619384990423,0.8950141544528006,0.02,2.923429431875163,2.8496488140190914,0.8956577775313578,79.39621260154205,3563.06728577237,3.597312720451934,82.70844048598808,0.4366582637824036,False
0.7082411318291019,1.469236176077398,0.8019068418429868,0.02,2.9273876379784673,2.782682189812021,1.757021582239778,79.81829907816451,2940.1023658765785,3.6462061332945446,80.32096715540989,0.4308029412960252,False
0.8053138903887083,1.2655095627548647,0.8521396400444958,0.02,2.93643168421028,2.8362075478700124,1.2221363759163804,79.55711825806837,3338.430380315053,3.6196635042301057,81.60217718629963,0.4339619760121878,False
0.5701143713683372,1.2302772057644407,0.7886850857956829,0.02,2.94142072269345,2.86522003776299,0.9172192107055823,79.81169217626712,2365.693271502919,3.65325724771453,79.98641570972174,0.42997145294862094,False
0.7817544827810328,1.1587693034906443,0.8652726770037329,0.02,2.941440557102122,2.875625576459024,0.7993278041856708,79.48183625601106,3239.5140196290363,3.612787708615682,81.93979488022019,0.4347878850032905,False
0.7220529591324103,1.280566257956785,0.8228314837596691,0.02,2.946040488885818,2.8476019691971475,1.1991107013518612,79.6675042743651,2994.190646030328,3.6351025521699705,80.85270393392939,0.4321188478870318,False
0.8974127812070506,1.2711060067808901,0.8776043043186741,0.02,2.9515248698752448,2.8422401704764106,1.3302121083111167,79.45450332670714,3718.6759435633985,3.6063552279872138,82.25781168603791,0.4355633950323836,False
0.8143233263717288,1.3292374079024012,0.8398310240314835,0.02,2.957552836777475,2.838575653129131,1.4505017531351982,79.60207282758608,3375.864166413977,3.6261314760568744,81.28675189052063,0.4331879131153322,False
0.8843473863817476,1.2288019654762135,0.8811552729351474,0.02,2.9579809307759484,2.8634883550969263,1.1496771814310478,79.42793550200138,3663.8400824229448,3.6045072006780243,82.34956644454346,0.43578670795814267,False
0.7907548920702792,1.2033792281154705,0.8552069734322469,0.02,2.9651653137605276,2.8847352309594947,0.9795875045278682,79.51609211144597,3276.7249917747854,3.618055261757588,81.68093223877935,0.4341548741386087,False
0.8303219346867629,1.474911817037367,0.8238986379419863,0.02,2.968784284388758,2.809692127286365,1.9350415613856113,79.69554816689536,3443.931440842037,3.634538083018357,80.87989728222455,0.43218595896246736,False
0.7409200077179031,1.5443891482011551,0.7931397130454074,0.02,2.9873355159621084,2.821008623866341,2.017558201182616,79.82974512222238,3074.7876410977365,3.6508785669399786,80.09900706112265,0.43025159505961763,False
0.6440125020958952,1.3288125058922082,0.787532207929507,0.02,2.9889911096214035,2.883149529605667,1.2846876126314897,79.79424670805881,2671.159447308324,3.6538733661418275,79.95729716909318,0.4298989508915359,False
0.7239456615114105,1.453060745713123,0.7958235648035905,0.02,2.989078837855819,2.8471482685809897,1.7246916853778789,79.7904424992493,3003.1596989301784,3.649446939162965,80.16690289812847,0.4304203768352839,False
0.8442399025840364,1.1851547033147114,0.8690478914485853,0.02,2.9992363574268026,2.9215792830630134,0.9441930571844762,79.42957715340364,3496.0421360170417,3.6108160279361146,82.0370497979824,0.43502530027616476,False
0.5763799915785498,1.191884978802364,0.7847647280105879,0.02,3.004334243772342,2.937807054469282,0.7992907470917601,79.77289627022212,2389.932701845451,3.655353205140891,79.88743279542341,0.429724909917249,False
1.3883916794640365,1.542392097808738,0.9773534029224551,0.02,3.006837610062938,2.7450090738684074,3.1099650977772377,79.20799142178063,5754.945420669255,3.555153689220993,84.8658636090554,0.44183640542951896,False
0.8518297574801831,1.5243610728710408,0.8168939103796449,0.02,3.008920802335903,2.8344536728422915,2.119500499457827,79.70700460482352,3532.414804509638,3.6382464246288286,80.70153461818192,0.4317454464220763,False
0.13600039847295306,0.565102718322098,0.7737885404564802,0.02,3.0397315506927267,2.8738550415933046,1.9430341059895544,79.90002640813765,565.804336436223,3.6612342641334585,79.61082259093129,0.4290346406355052,False
0.22238673487061067,0.8264885151246248,0.7240853013765128,0.02,3.040025465194984,2.9766140993466186,0.7036101730937637,79.99809823699104,923.4238597074997,3.6881039453042908,78.36787182501844,0.42590890877542675,False
0.15828383070275348,0.7227189680607851,0.7260653158480723,0.02,3.0401644700245805,2.939836115039673,1.1430542768446164,80.02822592093513,657.7943716050071,3.687026004608327,78.41708559676937,0.426033427708835,False
0.8215125802775857,1.43036022128591,0.8125893234393913,0.02,3.0408692211210315,2.8950568980938525,1.7751245596189407,79.6711822352896,3404.4057423220197,3.6405290531885677,80.59208136902994,0.4314747400296422,False
0.7619728682825851,1.3342111139747603,0.8059741370778529,0.02,3.0530759423663203,2.937068923372811,1.4140052300226644,79.66301118856636,3156.7685839311034,3.6440425306540973,80.42410658036897,0.43105872491365854,False
0.7941866796477485,1.5162818479325006,0.7950815946113081,0.02,3.0566166938688886,2.8909567760113406,2.012604110316427,79.75826468065827,3292.591134042889,3.6498426106905386,80.1481280093467,0.4303737158950278,False
0.8781746467922857,1.542103055302762,0.8099087761168768,0.02,3.0717014755927865,2.8896699916708157,2.2102185236496026,79.69175765195537,3639.5331863713254,3.641951936679668,80.52398247792739,0.4313061660629646,False
0.8166089358158473,1.3019079098001698,0.8222066626631248,0.02,3.0738219216666267,2.9622334855477472,1.3606294654509292,79.57326382555325,3381.133361783809,3.635433131475943,80.83678554048757,0.43207955420628846,False
0.7791112835848167,1.1513656183865102,0.8365207719933335,0.02,3.079117675573614,3.016227454692,0.7631533861286103,79.47419356676906,3223.860749217139,3.6278749042398433,81.2020869775001,0.43297973834740844,False
0.8993832486070326,1.479742722177758,0.8196846303881777,0.02,3.080745391730175,2.9123867114105635,2.046308443075577,79.62644586271118,3725.615093291891,3.6367680954930757,80.77255773313153,0.43192094891657556,False
0.8477312830468201,1.2160430278589054,0.8415539994287865,0.02,3.1013682969066427,3.013702699159227,1.067314726437874,79.45538895483767,3507.203610732141,3.6252246902738143,81.33084735576536,0.43329626740356714,False
0.8647912205003464,1.313929098128039,0.8254672082305426,0.02,3.115846127061989,2.996694074266108,1.4518104554045939,79.52806515526817,3578.6440757979067,3.63370870891912,80.91988095831664,0.4322846030391204,False
0.6663317331774625,1.1836127063940596,0.7898792420093305,0.02,3.118175944166564,3.0502122484956655,0.8235402286953767,79.64931799493469,2758.363489269024,3.652619288439243,80.01658576588876,0.4300465509139045,False
0.8424480209230084,1.353426720722003,0.8108514537388385,0.02,3.128997760809253,3.0003837117216103,1.5677785222080798,79.58661520974024,3486.7797181919586,3.641451419396483,80.54792583334603,0.4313654490700944,False
0.7686384815674869,1.369772872756082,0.7891855973808426,0.02,3.1340351107998488,3.0084664461239643,1.530132708402038,79.6811238547515,3182.450069035119,3.6529898301048083,79.99905990185182,0.4300029290664159,False
0.1968488216254095,1.4835964348187147,0.660682991738023,0.02,3.1736190176425194,3.044919130405442,1.478996918155471,80.36155449317297,818.2976136988918,3.722957206925692,76.80520997351738,0.42192167126519664,False
0.8913782357996761,1.135888179825355,0.8479222749475214,0.02,3.218702746450977,3.1558660295380947,0.7585191475752098,79.30780898955004,3681.023026409535,3.62187705890474,81.4939925623943,0.4336967548174888,False
0.8361425404318807,1.2704760702497138,0.8010979020938813,0.02,3.238315208945437,3.134576043983401,1.2647867662205425,79.5185297657561,3455.758522093556,3.646636756122678,80.30046645043352,0.43075206878160827,False
0.8809514783681788,1.3528841988135045,0.7985825445334184,0.02,3.2519826277058894,3.1200448689045706,1.6072359364835314,79.54099584467579,3641.4093212176026,3.6479764062990165,80.236747201313,0.43059388325060943,False
0.2747588762802389,0.8850824923438725,0.6942576621063812,0.02,3.2532982735643725,3.2085879375764765,0.4839864792021368,79.95532514332785,1138.1005549631045,3.7044190284627145,77.62952353211912,0.4240331114611396,False
0.793120027816864,1.196982850145634,0.7924876056303509,0.02,3.2929231639542755,3.21459714435741,0.9536931440733292,79.49872306332233,3275.9018893594775,3.6512265855451016,80.08251704420593,0.4302105853998618,False
0.8256963622340323,1.235210138170663,0.7941296763111959,0.02,3.2935411435277695,3.2017523585438576,1.1186653987477528,79.49638662375051,3410.4104598147883,3.650350367217119,80.12404571422263,0.43031385176114173,False
1.2481583462947001,1.3504747288111778,0.8994174727218005,0.02,3.293846259183884,3.1222091965745102,2.0462433311698747,79.13732012790452,5151.120767454844,3.5950328598933488,82.82272030145663,0.4369351791798355,False
0.419604326468198,1.3967912285745665,0.6813989748714435,0.02,3.3084707279444783,3.194593123585548,1.353832447655153,80.08468524335906,1738.895174689089,3.7114970684481503,77.31297210053313,0.4232244557454756,False
0.6004091551808026,0.6402463416447838,0.9762329081335115,0.02,3.312717857210557,3.1232738652853054,2.3334818044101167,78.93723229264104,2484.363741189178,3.555720767509453,84.83621461079451,0.4417659398758512,False
0.4379671756587574,1.304533980474917,0.687753241144092,0.02,3.3158931675283565,3.2237923795318415,1.0941268598201135,80.01553102460487,1813.8222115478584,3.707995997281444,77.46926778700484,0.4236240621474625,False
0.8399000351163556,1.200818283503365,0.8002447945231749,0.02,3.321794157666747,3.2395029571930425,1.0014790826653635,79.4436705348956,3467.42678688575,3.6470910010137465,80.2788509357425,0.43069841864606,False
0.6049296028377439,1.1235187304164276,0.7428983644903361,0.02,3.3251378147647186,3.276709452536029,0.5787825243182895,79.67093710573033,2499.536590597005,3.6778873019518157,78.83648521704613,0.4270920226297559,False
1.155061880442525,1.5456480100329362,0.8303660510521773,0.02,3.32900730358859,3.107370318385087,2.6680896324366192,79.41983807476204,4771.509172917588,3.631120904349404,81.04485605228332,0.43259268093039155,False
1.1851344129532542,1.3066313907380755,0.8793720287933882,0.02,3.3402324242277626,3.191095628796788,1.783360316956699,79.15441062579609,4888.289609118891,3.6054350159701114,82.30347850405073,0.43567456349570177,False
1.326239752759865,1.1798250284917198,0.9719116882723545,0.02,3.3501952057691495,3.2389874158768825,1.2831863642424703,78.82522752974941,5466.331345587486,3.5579094161619502,84.721947394878,0.4414941874741075,False
0.30331645844151456,1.2513964159512054,0.6539825802073176,0.02,3.366128723538235,3.288731290662884,0.8888615629023346,80.15228942575017,1256.7270040669162,3.726679055200714,76.64156435105473,0.4215002965181008,False
1.0378760401408258,1.0307166308609845,0.8930626541352245,0.02,3.3963856243317165,3.3684713490052345,0.30990595420628453,78.95732520988355,4272.7847694688935,3.5983240535999697,82.6578325243046,0.43653553804399076,False
0.5373566960753777,1.5174497148486337,0.6765160383168125,0.02,3.461794052430174,3.316040036347057,1.7529337175628144,80.01473365938561,2223.551703474266,3.7141919625235786,77.19304163751833,0.4229173781657832,False
0.8917220343716882,1.2174427913829193,0.7818145705182407,0.02,3.481578964571772,3.391044504852677,1.1006100574715632,79.39354713768458,3675.1444669649995,3.6569320468461717,79.81301055876146,0.42953938073571535,False
0.9120662888394538,0.7891095964466034,0.9850362959904712,0.02,3.4969157802351933,3.371320718221952,1.542671220002951,78.68517188658822,3757.8150901338695,3.551270272063814,85.06937347963293,0.44231956636801717,False
0.8565216728249816,0.7483142927366829,0.9806116254262264,0.02,3.5353745746084186,3.387161155423383,1.8276186467246176,78.68523041690707,3528.86381699231,3.5535057420280447,84.95212372439843,0.4420413081697786,False
0.31306013182885184,1.4365180484516236,0.6222775666131934,0.02,3.5722386770568804,3.4506792525909593,1.424821729234846,80.21743498120884,1295.9466816828713,3.7443914929398323,75.87110870370724,0.4195064350927734,False
0.9320958183681299,1.4772137453960934,0.7394178239507615,0.02,3.5890399715101453,3.4183519971195073,2.0732790039480147,79.5809684666591,3843.357860651535,3.679773178735399,78.74961848073276,0.42687313877718974,False
0.9590490745151412,1.186808834979268,0.7854805300134865,0.02,3.6072391739594365,3.522276768842992,1.0269855819770155,79.27241805237698,3946.0853457217336,3.6549703334433485,79.90549836398279,0.42976992519527485,False
1.623702103711659,1.5479514150530518,0.8938920351660531,0.02,3.6634744250212097,3.3614720109785785,3.5228007530873335,78.96909218232756,6680.2603990810185,3.597894170961827,82.67933776902377,0.4365876960674957,False
0.5627347200721847,0.8110248352764603,0.7301300495701901,0.02,3.771329076639489,3.6913568346441887,0.971374130367097,79.34173096009945,2313.9653834079622,3.684815094163635,78.51819395515174,0.4262890502383349,False
0.7987387971576883,0.8178508130319881,0.822289429146801,0.02,3.7951383679934527,3.7013411989211638,1.1524211435034721,78.93067863130692,3278.4118973277846,3.6353893380677516,80.83889401612818,0.43208475921585654,False
0.38201330475622286,0.5667297529686561,0.7663459244276376,0.02,3.801320274303906,3.605664162901162,2.376246693045536,79.25463450754545,1573.1586675095336,3.665232807843569,79.42369883576085,0.42856659021315235,False
0.7435821898684306,0.897606373826003,0.7557873960601721,0.02,3.8237470085313294,3.7748585313857634,0.5928863949475948,79.17009435529113,3052.2446496441466,3.6709203819999123,79.15884027049137,0.4279025866366323,False
1.2535561607254686,1.465680148173473,0.7719242207516531,0.02,3.857118697127307,3.647365655857072,2.508205522241433,79.2360646891605,5149.468548321264,3.6622350502531007,79.56391632544958,0.4289173975019264,False
1.530739256739174,1.1019049600821202,0.9566004986732224,0.02,3.8722628117204207,3.787650680733874,0.8850627120800836,78.41516135362741,6265.961766280642,3.565686093481305,84.31802790802577,0.4405312990581492,False
1.0718548175576843,1.2624843401686148,0.7534052081519802,0.02,3.8845178217931897,3.7643812095242946,1.4468235716369753,79.21671904830406,4399.018421763264,3.6722060391579023,79.09918186766197,0.4277527758641523,False
0.9411296456942291,1.3996439542321153,0.6997783620505758,0.02,3.9017646137803372,3.751045920454817,1.8326762714879894,79.50156802975076,3868.4510357125796,3.7013884462821762,77.76575408301903,0.4243802966350824,False
1.6330286225513282,1.3422719616314578,0.8980093190818429,0.02,3.9028788552326326,3.684013678610224,2.5047873021669718,78.69446650988658,6692.746006912564,3.5957616306725746,82.78616088190114,0.4368466233678245,False
0.373446714217197,0.6945979542741031,0.6716699602860707,0.02,3.921962977587072,3.796919170610238,1.5027928750849253,79.52508494758811,1536.0666853516602,3.716870386450254,77.07416680731417,0.4226126185409075,False
0.6586804579251185,1.3631462013420683,0.6357585050119388,0.02,3.9487158838500624,3.8305893923351864,1.436248736674116,79.78699713518115,2710.7533874108663,3.736839649342505,76.19792220918507,0.42035422287153196,False
0.28105645704183835,0.5561106546773306,0.6796129833551952,0.02,3.9717313932900913,3.7854668401282763,2.2364364461519224,79.49102871072452,1156.485428014987,3.7124823039577177,77.26908848432099,0.42311213850644847,False
1.168931833351674,0.8684876780746151,0.9230984291329997,0.02,3.9811008122231657,3.8910510464464276,1.0632639352353437,78.41836274637585,4781.170367466507,3.582821208734186,83.43943560519827,0.438424424575141,False
1.4272018157273347,1.1199015525121343,0.8779269510123991,0.02,4.0089221982974514,3.921700416205188,0.9547890142658659,78.57125269769061,5835.082302431739,3.606187235003323,82.26614534878803,0.4355836856023504,False
0.8157214286950115,1.311922377269209,0.6643791172473125,0.02,4.012517918126581,3.8976111592350717,1.4022342862968098,79.56454876918437,3350.6381343435783,3.7209073159796056,76.89560379555832,0.4221541128017461,False
1.1469826545096093,1.28041954885595,0.7474990301063045,0.02,4.022365914150217,3.888489378710982,1.6035650434340565,79.1464304966042,4700.688369552232,3.675397467059552,78.95142640103388,0.42738134878554757,False
0.4859407768540316,0.673431339073156,0.7111628713774858,0.02,4.054132212214069,3.906816814270833,1.7979166884388509,79.23876401502051,1994.210672834831,3.6951545619237884,78.0472955772267,0.4250962444117903,False
1.7670620757201267,1.4240951903730936,0.8856398611771417,0.02,4.056907182482708,3.7810427895393883,3.1446614659733516,78.66416143149569,7233.813495005283,3.6021759952284804,82.4655602504556,0.4360687342527425,False
1.8048436643587957,1.2319952634077287,0.9593510720333585,0.02,4.089636026043066,3.9028641283319736,2.029592335573921,78.323552664305,7376.2740715303835,3.564286550946391,84.39047971393626,0.4407042768146175,False
1.1024518353967376,1.3535616894947542,0.7132726364948041,0.02,4.091525664181093,3.937029869072661,1.8628432680698364,79.27613196114763,4519.155383225811,3.6940016106662554,78.09956133166646,0.42522892308960997,False
1.4459640011979171,1.2023842326133205,0.8411333982410903,0.02,4.0974879421831645,3.966337868759598,1.4934673664441982,78.68473112095357,5910.962764718192,3.625446006887239,81.32008132002308,0.4332698166821031,False
1.2891212277328428,1.451138330122398,0.7373208090409423,0.02,4.1318729887353784,3.922491081672541,2.4964768071355294,79.177297665204,5281.733903361868,3.68091034759472,78.69731883804675,0.426741261933024,False
0.17463934409871612,0.6667780394324705,0.5579974327599599,0.02,4.177253814984409,4.046910842508945,1.519907613551803,79.92609967454973,718.4436144782699,3.7808242182194287,74.32872805641625,0.41546399306938947,False
0.836996327457896,0.8788307007713116,0.7357202142658934,0.02,4.189010984862611,4.127030248500002,0.754792058921266,78.97254987754289,3421.9301577497067,3.6817787909105393,78.65741880772477,0.42664060390396885,False
0.22883874830123205,1.2836437822349143,0.5241374588194323,0.02,4.190996182100301,4.100900507847466,1.0275230946236515,80.25506483976748,943.0134855979823,3.8003019490840915,73.52686568583904,0.4133346107336216,False
1.7301031626028356,1.2139948031180747,0.9135629610985793,0.02,4.198592625525297,4.031358060311,1.824866218954765,78.36953044157087,7061.450979700614,3.5877284098923785,83.1906764478287,0.4378247591048888,False
1.3599363426606015,0.8956013346970944,0.9377556172286564,0.02,4.218819195283856,4.135209726702429,0.9344733038989285,78.17688732709341,5544.735675372945,3.5753043573088323,83.82293979788078,0.4393461842161182,False
0.8300809149818001,0.7363412742472862,0.8106831227030808,0.02,4.229353170235241,4.079350326005633,1.8510564008135149,78.6739857002562,3392.536856253782,3.6415407851342363,80.54364992655647,0.43135486308633864,False
1.8297404805428559,1.2389382961090871,0.9272938723673644,0.02,4.2542399325255245,4.061052037462362,2.09610017176498,78.29881109513,7464.269472565955,3.5806663738679023,83.54906908978025,0.43868826715014314,False
1.3972622830815224,1.3870688925739711,0.7495676162082068,0.02,4.282310494330434,4.080006088647902,2.3835154399668554,78.98751247793412,5711.837303345388,3.6742790669441217,79.00315111916716,0.4275114378019521,False
1.5053392376528756,0.9472941573296514,0.9410001056167157,0.02,4.296834258397488,4.243494792241694,0.506611546649947,78.0869284181636,6128.81092943632,3.573644702514185,83.90801679858335,0.4395502232468119,False
1.5780861325836673,1.463039208698353,0.7766282767395758,0.02,4.310981442487589,4.052682489305062,3.0076075672108002,78.89245071461156,6449.397386614933,3.6597109149632234,79.68231292525097,0.42921322566011516,False
0.7899785372495682,1.0814865316284807,0.6417798941711679,0.02,4.319709505529536,4.279289111216839,0.48536460913905155,79.35106053918831,3231.4744423539437,3.733476379468199,76.34427103303396,0.4207328953340379,False
1.8462380480553668,1.3839994746762447,0.8648725981882202,0.02,4.337977361585062,4.068510577662335,3.0278535823216597,78.51458183696012,7533.37472524427,3.612996783913429,81.92949360511052,0.4347627248905225,False
0.25840969646427947,1.1438815323746772,0.5114219144643783,0.02,4.3490259217062714,4.293701635994152,0.6088742437743451,80.15215367348512,1062.6089614723933,3.8076684175459232,73.22762827557077,0.41253495697172315,False
1.71543367268281,0.9866898794577244,0.9877802287006163,0.02,4.357106162605573,4.316931932016286,0.251891369431284,77.88849992072039,6976.472968855739,3.5498853712743803,85.14214793159029,0.4424921265080155,False
0.9824690735995125,0.6320844179252517,0.9698453613322444,0.02,4.407729709995958,4.134323889010023,3.3748756240727076,78.04399463196157,4008.841270940054,3.558956939744087,84.66734902682164,0.4413642405316226,False
0.3953260515627952,1.4499632874968706,0.5191277075307057,0.02,4.442055112280108,4.307474044145365,1.6023866525992,80.1265853071278,1625.0789628591351,3.803200832034412,73.40884711984974,0.4130195580428091,False
2.130758751942305,1.3332780886515758,0.94370959322513,0.02,4.497343399192272,4.20830688821094,3.101223047900025,78.1339296287765,8674.652433318528,3.572259897141371,83.9791164474678,0.43972061720702205,False
0.1875048326863163,1.426272281952628,0.4790308047350634,0.02,4.5002491393608235,4.371272306824797,1.48776728680763,80.35119105689647,771.7512222754465,3.8265631603953874,72.47002096612682,0.4104979484077276,False
1.476054122995661,0.9097107833830214,0.9111117842699042,0.02,4.524564086136166,4.444308148010405,0.8540134835216087,78.02070138213972,5995.879315000162,3.58899202219516,83.12682438724427,0.4376706097647271,False
2.0221866248229468,1.1618376319480759,0.9664697289352635,0.02,4.566115486972249,4.3992789564421235,1.6583037462793069,77.90874530384338,8214.91422837526,3.560669542742165,84.57821357924225,0.44115195413084735,False
0.5853748068103972,0.9422316947025475,0.5743454834012411,0.02,4.590368160733306,4.560930292338888,0.3434646402822332,79.47865827344098,2391.3039420231303,3.77149140158877,74.71849539289066,0.41649208748909955,False
0.6504664548445904,0.7932362342521667,0.6366182986429001,0.02,4.612881143060801,4.517032276015525,1.1759020896262584,79.1288350588138,2653.1794496250454,3.736359037532206,76.21880519319427,0.4204082934793059,False
0.9716672213736784,1.5192828790128998,0.591259906511159,0.02,4.622764250679758,4.433851732368349,2.2917838150662497,79.55284600127094,3974.0042081391366,3.761883626694802,75.12356016794432,0.4175557998786372,False
0.10781308510232933,1.1921806634754222,0.4475320564766659,0.02,4.627699456418208,4.556256051408677,0.7653069369415666,80.37884445113843,443.2498637612399,3.845118077264708,71.7397027856105,0.40851705857426107,False
0.6831526891236661,1.0041754690224047,0.5816614177979688,0.02,4.637861423301236,4.61605456296302,0.2535694965351377,79.40412543350699,2788.165359387021,3.7673297692250283,74.89347267263084,0.41695217117083505,False
1.0496112184681334,1.5047445865937576,0.6055736641338605,0.02,4.640074662094045,4.445582989542544,2.3535286109670217,79.4616629763221,4289.955991201017,3.753791246411295,75.46776987132733,0.41845596190161394,False
1.1340326399503315,1.1277829784199538,0.6656614628672497,0.02,4.711134405596408,4.638942200773632,0.8445786683274109,78.93692628321101,4614.344902957134,3.7201966475996677,76.92698567552152,0.42223475681276157,False
2.1747688377843946,1.3133949957600157,0.9190055597644305,0.02,4.7173717309606555,4.432951239109688,3.0144262105374637,78.03874896799718,8831.336465374961,3.5849258609892125,83.33259071060913,0.43816703265418616,False
1.4296037847666103,1.1988464845175106,0.7288772015438865,0.02,4.720462727563618,4.5934501889624,1.447816548679079,78.67454758025819,5811.148541462291,3.6854962668399565,78.48701871012723,0.42621026126875977,False
1.585314438822453,1.087442517796248,0.8065727151239852,0.02,4.727126846916378,4.6483050913831665,0.7915700870013951,78.27297284761575,6429.972299837883,3.6437243330649887,80.43929436867855,0.43109636822431935,False
1.9628245590183155,1.3777208191901535,0.8245509415985859,0.02,4.745035946523718,4.461263316198619,3.1403030893869572,78.36688301058143,7975.34691590699,3.6341931345738065,80.89652293728741,0.4322269809634399,False
1.5637558523090593,1.4131829052198186,0.7030376363008726,0.02,4.8026876312432005,4.567356974275253,2.7330583669003317,78.82807200663615,6361.295121593474,3.699601597998206,77.84627222562986,0.42458526551746245,False
0.6972513625096151,1.0892805519236526,0.5500897098998448,0.02,4.805805247926894,4.763798631563853,0.5046961886056818,79.4822071039461,2843.796954554317,3.7853551937228747,74.14080516759842,0.41496669305952966,False
0.6297527740824358,1.0466143761245248,0.5360624534085116,0.02,4.828724677944785,4.799434868877704,0.3437851997085838,79.53247390650564,2568.6922413004204,3.7934193210763842,73.80843593353025,0.41408454848834975,False
0.7133451526120067,0.8132991934477274,0.6148862957411716,0.02,4.859155768303886,4.769173274456367,1.1054490474509249,79.04504862342358,2902.265228422924,3.7485449549482244,75.69241674970051,0.4190416136590238,False
0.7732120920067035,0.6006653210440469,0.7713836663860132,0.02,4.891332711024685,4.6394506944104625,3.1167463114334817,78.36881456818895,3141.2984215643583,3.662525327757843,79.55032012828362,0.4288834031781346,False
2.29162702430811,1.1620206355688705,0.9985286507396082,0.02,4.897598274539495,4.700059975008749,1.8526241065508133,77.58011541428114,9274.88593825278,3.5444708806802083,85.42767951546752,0.4431680720969698,False
0.7598621174383715,1.2211973150909774,0.5322576320784065,0.02,4.939056444950171,4.8522985117107895,1.058571345849835,79.53290531741523,3097.882353705113,3.795612601437065,73.71849884005812,0.41384527130091575,False
1.4825657762849962,1.2072689685711118,0.7053131873797327,0.02,4.945226599915109,4.809398690782896,1.5388834912361418,78.61574147722689,6013.558173234241,3.698355083588488,77.90252832229774,0.42472837012468906,False
0.879227171821589,1.3291111911632307,0.544499494473238,0.02,4.957569029763289,4.830300142990722,1.5527951681859826,79.4879471342791,3583.9556147972603,3.788564839137437,74.00819724587105,0.4146151362035362,False
1.2137443635332863,0.7671777347307214,0.8338009876341641,0.02,4.962380652845322,4.7862315816014105,2.1272843108514103,78.01854879400395,4915.250364754957,3.629308602717042,81.13257650408781,0.43280869684626355,False
1.0241539496071916,1.293081342753809,0.5705241374774079,0.02,5.012608783479154,4.885130185532483,1.5438753093095603,79.28051206734611,4167.337700814273,3.773668812569034,74.62723489242258,0.4162517711048235,False
2.1221981124548397,1.4156463722322323,0.8082299828073444,0.02,5.027019682588727,4.697517585375829,3.6047011314497004,78.25337897729858,8600.388084989254,3.6428436374065085,80.48135633019352,0.4312005902930305,False
0.8993181858857114,1.265391426973098,0.5428936657698478,0.02,5.047320156769722,4.938164412979812,1.3299183231834086,79.40065611017167,3660.758161218383,3.789487838941843,73.97014153648486,0.41451414902376826,False
1.738956949026452,0.890334767955338,0.937314496692133,0.02,5.053258616919488,4.935643700235149,1.208263974854663,77.54171996230922,7020.133676558587,3.5755301229701213,83.81137791600632,0.43931844307609064,False
1.9333773422657683,1.063943519920537,0.8710010801259674,0.02,5.079442703379419,4.992986976761751,0.7122440628278388,77.75210190327219,7802.44660949598,3.609796780885513,82.08740240756586,0.43514813219196435,False
0.9893980113291875,1.0429402923075068,0.5881665741913077,0.02,5.108878829210031,5.077033990519427,0.3654447222014258,78.99371487663264,4013.368385185096,3.7636370501894163,75.04934504730896,0.4173612667342196,False
1.6869870914568459,0.9567672420534412,0.8368130019968525,0.02,5.137039870902612,5.0813661815974775,0.4592031198390557,77.80183122233669,6804.1962223660685,3.627720926433751,81.2095584080002,0.43299811607589006,False
1.2270962521908328,0.6101623181459854,0.9925226960226924,0.02,5.171593040453263,4.812757971183259,4.397746125018916,77.39451652771902,4962.854829553527,3.5474943274465143,85.26804063913147,0.44279037027398305,False
0.8034211586908655,0.6990677240613387,0.6587920771874882,0.02,5.1864293950734925,5.012669224003013,2.1472332022318716,78.59485082278131,3255.182383364609,3.7240067917988338,76.75899875179499,0.42180275563787134,False
1.5163343181550168,0.847736139169796,0.8505564245889771,0.02,5.199003336626362,5.0628956436980745,1.5361996258884079,77.74307822341261,6116.755346642797,3.62049416408543,81.56155095392057,0.4338624109318774,False
0.5226063028799797,0.9524878769052283,0.4709632131981656,0.02,5.230380552911782,5.203186567425989,0.30955490923701784,79.58405881376694,2125.905348058628,3.8312984432004784,72.28236601575918,0.40999059459401715,False
1.8787576509450266,1.5112159581290925,0.6913143847642829,0.02,5.239334170480907,4.911505274143802,3.7236576324372987,78.62418134321062,7612.805142905249,3.706036766390204,77.5569737222365,0.4238480149577419,False
0.45533693462972247,1.534483530834719,0.4263273346526104,0.02,5.250299017089885,5.086179258400978,1.9703039392866064,80.09033337227996,1860.5961907866686,3.8577107836067603,71.251621765028,0.4071835383486896,False
1.611518016996304,1.298931997507848,0.6670043530923124,0.02,5.266786260642867,5.073399868547029,2.2005345962907317,78.59970379137366,6521.2101693754585,3.719452716692275,76.959860459991,0.4223192083462786,False
2.6743606114396785,1.430507336105637,0.9166634390965747,0.02,5.299321942443471,4.855009889681318,4.582743330592439,77.73224150486332,10804.481550534196,3.5861313487015267,83.2714974022693,0.43801974162593166,False
1.3059197532926243,0.9007134639067946,0.7069558812665171,0.02,5.325006051758767,5.24989011299991,0.8441622342947893,78.21866412734208,5268.4954616984805,3.697455761244123,77.94315946974726,0.42483167567807595,False
2.054220368540928,1.1952526150537945,0.8099192892085618,0.02,5.327399748473494,5.1361747000881905,1.9411071427013131,77.89851823187433,8282.29922176696,3.6419463539659627,80.5242494718879,0.431306827209124,False
0.5918135973099027,1.5262705770504976,0.43285933931162873,0.02,5.365737920522983,5.198034445465379,2.0318729265654603,79.94086146783071,2413.564056656785,3.8538228839054933,71.40166696900711,0.40759432234286797,False
1.8943648238477013,1.318068086720948,0.7103996419407784,0.02,5.416657956907672,5.175447926216039,2.654645447245459,78.3102833020418,7647.870774497687,3.695571831306816,78.02839489021015,0.42504824652249734,False
0.6373750306471673,1.4083312643188728,0.43789598113397676,0.02,5.416868421371796,5.27826800624843,1.6869435380119684,79.82269158241193,2595.651308273994,3.85083038252932,71.51754833499952,0.40791106612261613,False
1.4711796268392736,1.0279924081527458,0.6780281874360512,0.02,5.430486521571976,5.391256921450694,0.34257844961599865,78.26773673978431,5928.713865300216,3.713356988778106,77.23016548199836,0.4230124740341146,False
2.567706601744779,1.5007954057413495,0.8312927711035936,0.02,5.446491657656253,4.9848462211925595,4.8905030804390845,77.94813002738213,10366.328874317078,3.630631780741226,81.0685149581599,0.4326509603995711,False
1.0916453204480603,1.0557141887608177,0.5646392938481427,0.02,5.451961068460707,5.412572008592464,0.44465428285540337,78.85813094303018,4412.884181135081,3.777026930486055,74.4868765606707,0.41588168570266326,False
0.32920180450710057,1.5409653967504746,0.3836187866618368,0.02,5.463757925531318,5.296448421624559,1.9865802987453636,80.22556439065303,1344.5768978973476,3.883325848212588,70.27727944221247,0.40449768785637724,False
2.302148614919745,1.1836893399396993,0.8672940108904275,0.02,5.474511268236653,5.260964194886988,2.043784922175459,77.5786764718488,9261.004435393468,3.6117317591419362,81.99185602405272,0.4349150024275561,False
0.43195008959385195,0.7794707404824666,0.44947929461450886,0.02,5.478072148549159,5.382362623739614,1.151076837891548,79.51224689439915,1753.9838582582342,3.843965804190109,71.7846672222446,0.4086395162731813,False
0.38973057309367953,1.3372016489578562,0.38966545114408835,0.02,5.4947605131705926,5.381807048580872,1.344765182384147,80.07198476762282,1588.8841094490508,3.8796786227849456,70.41451965350143,0.4048779498306314,False
1.5360458307364075,1.1551221648053795,0.6481343971506388,0.02,5.502653802974852,5.388715187672759,1.2478653280083043,78.43686191029965,6195.1620245456625,3.729933607109104,76.49896690890571,0.4211325166220176,False
2.9211054615415057,1.3478606918232876,0.9940832647364826,0.02,5.518018528001391,5.081142624121483,4.246312507397721,77.31370535357058,11766.142873320514,3.546708228492043,85.3094985894585,0.44288851114847794,False
1.9756761425589975,0.8875279093048156,0.948074408833022,0.02,5.530284219159939,5.388141253911975,1.3839163520104154,77.15041242457711,7930.977715977047,3.570031317667418,84.09375201378037,0.4399951112533157,False
1.6741402029943495,1.4698990027039998,0.6076647684852727,0.02,5.5597446951287175,5.285076940822941,3.1701116561858282,78.76261084140374,6768.850813919948,3.752611940081506,75.51816503782088,0.4185874670432294,False
0.675449968555378,0.582293655863588,0.619736426888513,0.02,5.602409543176486,5.35443717105897,3.0647187567160765,78.51407555330569,2728.748355340326,3.7458184262213368,75.80963460517971,0.41934662817585266,False
0.47856961595754266,1.4765183318285167,0.3881986444870071,0.02,5.608955179757145,5.455440349950169,1.8492950131095542,80.0365114795353,1949.5778718921677,3.8805627412972505,70.38120634718038,0.4047857054540982,False
2.0384496514905797,1.0211793639505946,0.8285495507223106,0.02,5.627293799195169,5.565532910532072,0.3397021928166778,77.4659979066353,8173.791161339764,3.632080037167934,80.99849719282929,0.4324784450564323,False
2.342945641807436,1.1959676933990733,0.8464308204096787,0.02,5.627855944120849,5.400246927453244,2.1868861316499286,77.5523645201573,9411.567876457719,3.622660521944526,81.45576064784292,0.43360296038772755,False
0.46379983270910385,1.326491687498773,0.38387109002920294,0.02,5.647863550439881,5.53578200146161,1.3469120490774078,79.97423960412536,1887.330456675852,3.883173526845397,70.28300127096337,0.4045135546829338,False
2.1455766450571376,0.9232285701953875,0.9547192663130729,0.02,5.659789824478828,5.540447337223631,0.9877864988818819,77.0185838065898,8596.514567793418,3.5666439323425103,84.26850286838507,0.44041299232335335,False
1.2730993637060701,1.1100946181094793,0.5675336149502799,0.02,5.67672154482438,5.604193820106721,0.818159630876574,78.69264190732427,5133.389251454146,3.775374573087173,74.5558808841941,0.41606370345139976,False
2.094251552483757,1.1034948588368692,0.7979313707021433,0.02,5.678417239838183,5.549126826243395,1.1449312109726026,77.61419574439914,8402.805309293693,3.6483233743098027,80.22025818634292,0.4305529323019682,False
0.8518477283513157,0.6218699474544713,0.6549074358681317,0.02,5.724452630365431,5.477365174577036,3.0564053489411442,78.22849389683033,3432.2001567614143,3.7261648870503663,76.66413527066942,0.42155845873968817,False
0.34314722239606554,0.950603587069976,0.3657351569155507,0.02,5.741094128514369,5.710976319353936,0.31789463181142613,79.87556998646316,1393.4635345280224,3.894153135987329,69.87274214970941,0.4033730241059549,False
1.958044917535903,0.9951150867573295,0.7897416574107772,0.02,5.784434320360806,5.734532697703729,0.2418536934290647,77.49054647282017,7839.979663852441,3.6526927795016646,80.01310926208255,0.430037898508727,False
1.0934293230925063,0.5867152683817579,0.8158171161209431,0.02,5.79442283019487,5.446778897293314,4.28343104714815,77.53663562113168,4395.367529989233,3.638817156633196,80.67414375791103,0.43167772910257207,False
1.416907099891775,0.7186788797866369,0.8269419446456725,0.02,5.806829262784303,5.550341206078236,3.0720966303330606,77.4313583630424,5684.895232097951,3.632929294187585,80.95748707167091,0.43237734610141004,False
1.1189693604752953,1.1427172358079516,0.5054321035836127,0.02,5.827919355011692,5.748852359580639,0.932917997071021,78.94840405734823,4513.992286315693,3.811148385469467,73.0870261577137,0.4121582704005375,False
0.550457347249483,0.9339333461360961,0.40622939659045765,0.02,5.834013526441816,5.800958899581006,0.3862287301553725,79.5055420870308,2227.9962747048585,3.869722585232311,70.79166325301797,0.40591962141921784,False
1.7511377724140762,1.2485142582599627,0.6264460399006448,0.02,5.859462864577319,5.674378352578091,2.035667006997138,78.33175049415975,7041.672963043002,3.7420531114187843,75.97203970489267,0.4197685815847054,False
1.4055617829409572,0.8361927334667828,0.6976956063753004,0.02,5.8914927859471,5.757781988111868,1.5458399742918005,77.85131145097239,5636.448914098086,3.7025311900665656,77.7143365070389,0.4242493165240983,False
1.903305836910833,0.9955976732868299,0.7524670092749479,0.02,5.898036397724002,5.850639662885886,0.24278803551033135,77.55997041272005,7614.862294222478,3.6727126284993603,79.07569598639148,0.42769377451584356,False
1.4370273312291588,1.2789071653968023,0.5394855290654595,0.02,5.922964995800619,5.759495874230545,1.8959188510062868,78.74842878684284,5788.749311205155,3.7914482620303858,73.88942834743109,0.4142998184956659,False
2.556807431796907,1.5272949614070004,0.7384147482523432,0.02,5.9327566337521676,5.462476177790661,5.0046959173435255,77.97652604547933,10279.453922485653,3.680317038764109,78.72459823024755,0.42681005746243733,False
0.8734654933485397,0.5611313960065326,0.6901453868575916,0.02,5.943340576997796,5.627799554769334,3.905061765574712,77.93146156236517,3510.7214402154436,3.706679684508973,77.52817403837588,0.42377449914531296,False
1.281235849156834,0.5859725703448978,0.9049493468351033,0.02,5.946030552505841,5.542415986546049,4.9419477035413575,77.10623760515921,5138.245848917323,3.5921727710763265,82.96646491291003,0.4372830670737024,False
1.8660150833343356,1.2370284297589205,0.6404463858845058,0.02,5.977598674200598,5.785264145343439,2.066371176568437,78.17064779373112,7490.3066544845005,3.7342206935896,76.31184040994154,0.4206490338108364,False
1.0752202883160231,0.9388213910456285,0.5222842803272615,0.02,5.988330880954075,5.948142822227097,0.45889886395476165,78.64805012872412,4323.102414818954,3.801373772103347,73.48319028043892,0.4132180682474051,False
1.000127480334985,1.113478375178956,0.4628887095900708,0.02,5.990704366368632,5.929598765156365,0.7279514901610403,79.0625658445819,4032.0723044438637,3.836049532276353,72.09496591864195,0.40948280609472976,False
1.6951094007205254,1.4578886360741943,0.5546433842150582,0.02,5.9960165264747785,5.723030448454156,3.1407588171346354,78.71087546817964,6828.249202680334,3.782744699207281,74.24897214701835,0.41525306403154183,False
0.9183850708809068,0.978066728911962,0.46743171425547314,0.02,5.997753216469264,5.974539036601905,0.26563975945346047,78.96991705034847,3699.1366969164164,3.833374950752072,72.20035275875752,0.40976850607497217,False
1.19486033148596,1.4979302878127,0.4535842995009089,0.02,6.017445945008764,5.801698153170878,2.5936465925760417,79.27537042164238,4828.140462014032,3.8415389393810266,71.87953671880022,0.4088976713712535,False
0.9555591826735622,0.8925393174613283,0.5020004969605105,0.02,6.020906210859693,5.960098409021985,0.7325498104000994,78.74761607010474,3844.036736448064,3.8131449521575824,73.00657726910418,0.4119424638987555,False
1.3559312997055368,1.2420791267913265,0.5135857190085058,0.02,6.03687452555339,5.897257760388934,1.6266117628943038,78.7874846169636,5457.716674245771,3.806412849681682,73.27847670708711,0.4126710340751023,False
0.6850327911439272,1.45392684163023,0.37051932677508564,0.02,6.0374339321450226,5.878591597988257,1.936639104976935,79.79063919889161,2776.9498875403037,3.8912507445512676,69.98076279258575,0.40367389045653446,False
1.2392162897387113,0.9673029631837433,0.5493166319430377,0.02,6.038621822594747,6.006993136114439,0.3182668926079142,78.4503740973282,4974.234142016181,3.7857987355689295,74.12245477521871,0.4149180758175824,False
0.407022338498912,0.6570647786805187,0.4028229334210746,0.02,6.041165808963567,5.879716726974789,1.9618504671119086,79.34661612472935,1644.691023628887,3.8717659211699416,70.71395874797521,0.4057053961362016,False
1.7058250607535743,1.1701320560315598,0.6097223406931671,0.02,6.044106148659429,5.906787000816817,1.4657383921014784,78.2304967602528,6843.292841255301,3.7514522676932764,75.56777930735407,0.4187168634190728,False
2.159739192243459,1.4209193972204526,0.6508851966457314,0.02,6.068121336547582,5.733089114074051,3.6475013687071343,78.17597434331324,8672.263200986965,3.728402061525413,76.56601304519235,0.4213055085996363,False
2.2699059258328473,1.3219365003700605,0.7008051425963284,0.02,6.089431650523471,5.789793207963146,3.134790660843826,77.87996042353348,9097.384571255267,3.7008253430287796,77.7911126848901,0.4244448686976799,False
1.0049279075040314,0.9156815351588163,0.49548575496954983,0.02,6.111673543330524,6.061546731200027,0.5934364792280014,78.71044722759248,4038.49136796451,3.8169411002309293,72.85405550922862,0.41153276551735674,False
2.7814794183830163,1.1405962005456667,0.9297776312413623,0.02,6.123613171172547,5.885607817425617,1.9222832326700325,76.87349433823562,11098.787536226464,3.5793919036492183,83.61402648975161,0.43884446550640555,False
2.7551881301604544,1.026145076301916,0.9975746447064728,0.02,6.132911540055456,6.013786885351176,0.4667512664939961,76.53438109043141,10972.655165498702,3.5449507907861486,85.40230657094821,0.44310807666995794,False
2.9612556948637256,1.1579028281873938,0.9831784915766383,0.02,6.141017446312477,5.86120527658841,2.2533871447488716,76.72559235520855,11816.676106709643,3.5522085452847993,85.02012814164914,0.4422027329673454,False
1.31426690009489,0.8643226313606747,0.6032404087526457,0.02,6.187403207164331,6.085166398624727,1.1810169805943702,78.07169936048008,5261.46644868102,3.755107992312527,75.41157183575903,0.4183092283925356,False
2.9332305474523204,1.3452192833988865,0.8583551474615883,0.02,6.193937754645149,5.760710440205664,4.188313947609303,77.24328493941798,11728.516046846682,3.6164061189168435,81.76182530560101,0.43435285616245134,False
2.849514610770293,1.2913383939616634,0.8542759153638622,0.02,6.209940625097648,5.83274961231365,3.5820609442910776,77.19802167893619,11384.748040277847,3.6185432764366654,81.65702059548683,0.4340963218606928,False
1.7767550400937935,0.7104672137355578,0.9472985053018688,0.02,6.224598885099875,5.888155905782,3.918690622107293,76.71689800222316,7090.319642791344,3.570427273820429,84.07336515044274,0.439946316316958,False
3.031509864492025,1.495652468680527,0.8191222693668817,0.02,6.235965433227726,5.678306925592216,5.616399205891541,77.46900975424175,12139.282747089968,3.637065898542057,80.75824179200539,0.43188558321820925,False
2.3119576250249234,1.229200673286137,0.7184197120396822,0.02,6.244954886767322,5.999451131543774,2.4331208417135035,77.62767395762182,9238.72061057448,3.691191836661442,78.22719026698819,0.4255526118132155,False
1.179614159299868,1.2170629800607338,0.4520809376019151,0.02,6.259129157327365,6.144518476226609,1.361348814387006,78.96446173386197,4744.588978132545,3.842427366069422,71.8447805153709,0.4088031281126673,False
2.6793277731542657,1.2346684152076988,0.8186218089754391,0.02,6.2638656398137895,5.959745204853636,2.844954416278379,77.23324538162878,10693.458394279269,3.637330962605381,80.74550334217368,0.4318541103198792,False
2.0578553739102494,0.8401756163573214,0.8893981812863385,0.02,6.292920122322591,6.088156096976277,2.113707716402001,76.79551885264054,8193.974036671721,3.600224643999014,82.56286793064959,0.43630508707648485,False
1.6031573139803088,1.3939792748525206,0.5031573176532972,0.02,6.323486044759046,6.090090314289887,2.695213668824055,78.7113681334088,6439.945406392197,3.8124716606479927,73.03368880986116,0.41201521391188883,False
1.2156466697619037,0.8041327056177012,0.5860445364633009,0.02,6.331851101779136,6.190666270791201,1.6918225618198817,78.06241057524652,4862.928724060827,3.7648408509376887,74.9984684839636,0.417227816257802,False
1.341096750144368,0.6786036567246275,0.741299003734234,0.02,6.342207038498261,6.054127773342704,3.4886465270566847,77.38155556624653,5355.179609033078,3.678753650614692,78.79655905027492,0.4269914422055493,False
1.1158864326308644,0.7705088894703449,0.5691461201485996,0.02,6.350820833023538,6.1932728091330675,1.9158726756163924,78.1428896547042,4465.86556388776,3.774454626676143,74.59434824833376,0.4161651105018502,False
1.3817912139375153,0.5931426999815214,0.8731796879793646,0.02,6.3685044189497955,5.951116492239824,5.085731325345387,76.89374135627754,5514.513743956391,3.608660580311858,82.14359495936492,0.4352851402442369,False
1.056641740935692,0.5962143031728229,0.6853460646342968,0.02,6.3706772002774645,6.049362455344112,3.9613534552624694,77.62958644713041,4225.060378549069,3.7093215250298646,77.41002824437398,0.4234726798945394,False
1.2638275666842074,0.5979931792508285,0.7954118487838756,0.02,6.3742943510189845,5.999098855810345,4.592546993353711,77.1732909846027,5046.225370556197,3.6496664849709775,80.15648436073992,0.4303944848832914,False
0.9452547205623211,0.842557738453729,0.4726234296886125,0.02,6.379001596346672,6.288737401784311,1.1011539726744528,78.6455588176487,3790.588074990025,3.8303230196038998,72.32094930000306,0.41009500210698563,False
0.7525204629261066,0.8606592496418131,0.4088829733434851,0.02,6.392852599752843,6.322495070870255,0.8622471957681581,79.02795809788944,3024.203337643987,3.868132355158587,70.85224501703925,0.40608649926367285,False
0.6447767566216034,0.9550687072965061,0.35593099208651924,0.02,6.413934263250701,6.386923974561463,0.31797257293568143,79.36610763367831,2595.908975732396,3.9001145343182246,69.65183231162905,0.4027564608610875,False
2.28313666261569,1.4398521683129337,0.6134778560989611,0.02,6.491983518685857,6.125544490646858,3.9472132636477517,78.06433471464402,9132.995364870132,3.749337461106143,75.65840572253141,0.41895303986093446,False
0.825580607817692,1.1735236061376657,0.3580234238295608,0.02,6.506742507330201,6.42717227986001,0.9702435206097886,79.36787192249112,3323.035930884514,3.8988407048161378,69.69892803919456,0.4028880494795625,False
1.3698981059051836,0.9717579665667819,0.5197228388896286,0.02,6.513996441255341,6.480190248893793,0.3092921502029206,78.2431269453845,5471.574507645654,3.8028562289569607,73.42285870926163,0.4130569845985819,False
1.6449343121153963,0.6718859511501089,0.8692577705687916,0.02,6.551957094358649,6.189471761199419,4.305281707067855,76.7485432764345,6544.680923817468,3.6107064775450595,82.04245925107416,0.4350384991313086,False
0.5113302950758553,0.6139574545546387,0.3943553022937597,0.02,6.567743301345155,6.366417660734235,2.4718384403346545,78.98708835940403,2053.8715479481502,3.8768545137195765,70.52112504796537,0.40517288467650675,False
2.518429347075042,1.4682948954241195,0.6452059500143341,0.02,6.587087000739045,6.15941619296231,4.514989266000375,77.87799520641775,10061.232930890392,3.731565443835536,76.42764394317274,0.42094835275897885,False
0.737276271854841,0.9357104534326413,0.3611877741293254,0.02,6.591611374490508,6.557155931520484,0.4140342756354297,79.17959555373244,2960.7322154932126,3.8969158932070775,69.77020318164118,0.40308704879492924,False
2.455719863847464,1.24468895395334,0.6965610093465664,0.02,6.5972604873181036,6.320790298082611,2.7018124362472835,77.48205091028784,9779.235913280234,3.703154005393766,77.68633803112903,0.42417796411031783,False
2.4696954346570648,0.8826380746353856,0.9400100948747986,0.02,6.674800474422339,6.47414950043375,1.751765228245283,76.3269171936893,9782.725049292732,3.574150959840397,83.88204961158196,0.4394879635596142,False
1.5197593261543425,1.2551985266763797,0.46444903543953514,0.02,6.6770004736748,6.514552252186184,1.8552133301860851,78.58829810571443,6080.534926255217,3.8351305083723437,72.13114690495414,0.40958093169599946,False
2.9846362050117294,1.4742910689401394,0.733446104915302,0.02,6.718494549437693,6.188269353614703,5.3293214231862525,77.43866681372272,11895.274189426917,3.6830133716054885,78.60075733455292,0.4264975899639918,False
3.0844851141773404,1.138453303749166,0.9151878576125783,0.02,6.744382399292471,6.467958752574528,2.0720869384146026,76.47448891660564,12221.97969485291,3.58689124573468,83.23302539586606,0.4379269454190436,False
3.24745685667168,1.4295494951213887,0.8138020921777274,0.02,6.7470385681153795,6.188538400584307,5.377544785336209,77.09643464390942,12925.06048071115,3.63988565862562,80.6229066283694,0.4315510084973415,False
2.7357451108661093,1.5148995472359643,0.6575447214494772,0.02,6.754842204679443,6.255620774384062,5.198921773154043,77.74665974927848,10913.12753460309,3.7246994822209345,76.72852766115852,0.42172431206672134,False
2.14277526408775,0.7771823911625351,0.9258093664278985,0.02,6.762169120159843,6.4594834932264655,3.278600549796653,76.35910012581841,8491.375968716653,3.5814285392831122,83.51026379778882,0.4385949097030762,False
2.1925796219715554,1.409777461481534,0.562407145805187,0.02,6.770401811475194,6.436242460958371,3.6146446867260797,78.09262105013573,8750.783637445054,3.778302243886452,74.43369578123034,0.4157413106208089,False
2.2519101724157617,0.7755172492827855,0.9744535752260458,0.02,6.804131180413259,6.479825294919812,3.469718731131097,76.17474540284019,8918.209691281485,3.556621653177249,84.78914879431358,0.44165404138268455,False
1.0470227858290946,1.1525544898901097,0.3646510782402488,0.02,6.84451413050927,6.763228821674652,0.9722122971877584,79.03259654652686,4193.964993995586,3.8948114110631984,69.84828527919562,0.4033048486848567,False
2.0132671762025165,1.4476825619966691,0.5069437991267499,0.02,6.856573494085201,6.535202090003279,3.571486127317348,78.33709622306938,8040.722062413607,3.810269518712077,73.12248942983241,0.41225333774442474,False
2.8050901135890975,1.1049013258164846,0.8137537850625656,0.02,6.895275696001273,6.690425407153946,1.4856951493710295,76.67285996633933,11096.850846487856,3.639911282027778,80.6216786144463,0.4315479705647696,False
3.0163994578559405,1.0742573258225336,0.902745103688963,0.02,6.904576538498873,6.706619039397984,1.1723020228071104,76.31999710190559,11918.09816574785,3.593311863012268,82.90916471817609,0.4371444468719452,False
2.440109517479142,0.8457236782278306,0.9326190686429362,0.02,6.9107555636138365,6.663516955576928,2.3582549334956897,76.19327136244782,9643.344711808648,3.577935013043972,83.68838645733331,0.4390231575107683,False
2.7168273363129414,1.529702578301318,0.6248463900474523,0.02,6.92170827078641,6.419330695890416,5.255013477947803,77.78182256219262,10824.756736151752,3.742950118905144,75.9332943724618,0.4196679829797926,False
1.9206432241669111,1.0516421810167516,0.5779867463895035,0.02,6.9328600168458205,6.856475673080398,0.5944206054210424,77.63477934958297,7621.245987133933,3.7694189388669956,74.80554184544157,0.4167210788374305,False
1.4626549415944707,1.181520722538496,0.4348463109368367,0.02,6.936478008845132,6.814457972530785,1.375396987838521,78.52663099789858,5836.71818320106,3.852641777032594,71.44736322275244,0.4077192787969935,False
2.6549471613601674,1.492196894502558,0.6165541524121894,0.02,6.956431041279218,6.48845682886069,4.890318574102581,77.77115960629412,10571.946637323375,3.747606912197091,75.73270854552169,0.4191465016468319,False
2.266539903743743,1.1084952905216947,0.6441695366670065,0.02,6.959054509419498,6.8100777663395275,1.2679365130023215,77.33679431982802,8982.713342422085,3.7321433130024695,76.40241497476237,0.4208831749098101,False
3.2239965392859364,1.165394189958148,0.8951989846006541,0.02,7.006776927861727,6.682059237247048,2.5069981644946027,76.38480300790366,12743.661627802108,3.59721696471835,82.71323491730922,0.4366698873605153,False
1.3354673529654038,1.3255272348074167,0.3756258470870458,0.02,7.0284884806753265,6.854200416828474,2.0601074888134887,78.90042153496204,5340.530540733576,3.888157563884898,70.09622276864353,0.4039950287470905,False
1.2993687419564415,0.9134824509725068,0.4607330976507431,0.02,7.029817306995347,6.964308650245636,0.7269046209194759,78.1918204157268,5168.724541624723,3.837319901439546,72.04500692397696,0.40934724420698476,False
2.4333047307549602,1.5239566989304987,0.5517241518062517,0.02,7.034077242205647,6.596624730034646,4.703170222510068,78.03408155071914,9695.113360597426,3.7844177993264996,74.17961412669841,0.4150694796632777,False
2.9130851859174123,1.2677346844345854,0.7311400556469425,0.02,7.0988111020581215,6.732336853318924,3.383072000971422,77.00937281927563,11533.853226844853,3.6842661377905457,78.54333373036225,0.42635256738996147,False
3.4168700817953264,1.1890009187186115,0.9204567932301386,0.02,7.138384522298824,6.757257543144612,2.963053596727788,76.24433488001608,13491.067900161255,3.584179318821645,83.37046312680275,0.43825829766556446,False
1.985369135650715,1.4816434321676408,0.4597771600450579,0.02,7.1412418269865325,6.809600310084636,3.7130067916509644,78.40624129123802,7915.659744580572,3.837883534546008,72.02286136295614,0.40928712730744965,False
2.1180250569611996,0.9186247694295375,0.6849152783590665,0.02,7.156132120264472,7.036243753511249,1.0138769501560132,76.93227395642877,8362.861545461084,3.7095588403375754,77.39943068437829,0.42344558865440507,False
2.834762265228825,0.9437573989935371,0.9101296894514701,0.02,7.174287470507556,7.014412153843653,0.8954036493873363,76.02854439504672,11157.095367194333,3.589498554147248,83.10125200836772,0.43760884789325916,False
3.119813506513377,1.2592569394626034,0.7786484885738668,0.02,7.184419611543872,6.78873987911294,3.514492871141438,76.76223876087414,12333.60319083335,3.658627963251535,79.73320304759588,0.4293402725208719,False
2.6135298353863554,0.9256944399418103,0.8459367401045959,0.02,7.185869906241698,7.026092553523277,1.1126248223806363,76.25206529863925,10291.985902146755,3.6229201377280047,81.44309853188292,0.4335718887195703,False
1.9308261589769566,1.3341091188477132,0.46960086017927505,0.02,7.1900960386229835,6.937782129650283,2.771902563865438,78.2244033508572,7682.187238066755,3.8320992348559857,72.25071818321335,0.40990491908645177,False
2.22696009958004,1.2753273550919202,0.5457657501745571,0.02,7.195718151269512,6.934036262484196,2.6970364275555565,77.77621402342719,8836.832955129177,3.787837336437909,74.03821718627051,0.4146947683535104,False
1.677966966410385,0.6083674976133939,0.8610222831324306,0.02,7.23283855400055,6.7633801070110104,5.622648134777476,76.28865263656975,6629.029393675185,3.615010139633025,81.83040743895036,0.4345205866986461,False
1.7614852922513455,1.403804311562351,0.4165090386615967,0.02,7.256587578920537,6.995441938789949,2.967783675981215,78.52215276208803,7018.788032278127,3.863569489053359,71.02659981475303,0.40656608642485387,False
1.721243255879136,0.8770154542861281,0.5730580154920848,0.02,7.280325034935391,7.154689788775219,1.3178137598895059,77.39162393385635,6805.347197876033,3.772224722791947,74.68773797885882,0.4164111213481202,False
2.1073326877950938,1.3724234150826022,0.4857813665132441,0.02,7.283203742104194,6.983971709650488,3.242549528315909,78.0939978089191,8374.54064706579,3.822609895350566,72.6273603334612,0.4109224769980985,False
2.336691447965812,1.4452073249379942,0.5155726305092289,0.02,7.291603122993693,6.913777876046912,4.0472377182389945,77.98369426877935,9284.75654676567,3.805260654710153,73.3251945304423,0.41279598674812573,False
2.883337539188694,1.0989229104202998,0.769067012059387,0.02,7.324063202287501,7.116168578446256,1.4421816024635108,76.52599035487141,11354.55985458751,3.663769891696452,79.49207200137239,0.4287377136743606,False
1.0192829458064978,0.8073755145711506,0.3915916073887108,0.02,7.335425645046462,7.214158348908244,1.479446288889436,78.39211740781957,4052.281702717512,3.878518242733996,70.45828629531165,0.40499908173375787,False
1.6164302380006237,1.492990970903245,0.36810768416892914,0.02,7.3441402061306515,7.067478039456309,3.2181831821143017,78.79483773807885,6449.129718736971,3.8927132642695055,69.92629263748697,0.4035222273402322,False
3.3203866333189773,1.2059880097197766,0.8351672876473327,0.02,7.37003823557993,6.988975807139582,3.087713061353282,76.37915118503601,13084.37321430295,3.6285882340589994,81.16748961102556,0.4328946205719732,False
3.0056458532177484,1.3403782148212062,0.6826037407223384,0.02,7.380732716220435,6.941201428415544,4.187739664569616,77.07762756364137,11881.875115404084,3.7108327591927948,77.3425859047247,0.42330022092846536,False
2.31553544111587,0.9746770471635409,0.6622201362005412,0.02,7.402972138318333,7.323325278884933,0.3664267243822829,76.82757981079283,9114.745389822168,3.722104424124746,76.84279236832124,0.42201833903794084,False
2.385003805918775,0.7958726861769745,0.8871166107331523,0.02,7.408581421567513,7.096510642265964,3.2134303997402087,76.00410879690993,9380.092740468854,3.6014090022766823,82.5037844275799,0.43616160391721553,False
2.987754866870714,1.1288809939844153,0.7640071852814254,0.02,7.446665527403471,7.195052751449423,1.8733225122437223,76.49313142311978,11755.571092789263,3.666491098975542,79.3649707316894,0.42841951184166094,False
1.1422281534113978,0.7156578189279725,0.46619225434125083,0.02,7.464224262038826,7.252904141020831,2.5806633696510444,77.86619567491836,4525.880507909577,3.834104282061353,72.17158719685254,0.40969055905552465,False
0.7213298550888843,0.6298705806314466,0.35971367588536696,0.02,7.471164931020478,7.247823054963896,2.7631152632242815,78.49548047627668,2868.8984756376385,3.8978123214604046,69.73699203431946,0.4029943458658784,False
1.2046097873916266,0.6603838829263045,0.530160026821224,0.02,7.4789995482385505,7.201460731819662,3.3916768018908723,77.52168617561067,4766.2418319657545,3.796822845963758,73.66895582966566,0.4137133573310496,False
1.785168435649852,0.8367392928623949,0.5955397349575936,0.02,7.492309637914301,7.319849229680174,1.870353813841319,77.13371598741662,7039.124827426789,3.759460342353422,75.22634228840708,0.4178249492616215,False
2.1690617835667663,0.6927543914515251,0.9340405028258522,0.02,7.50227135641779,7.059893296190975,5.002286273636626,75.82069945253222,8530.200703176797,3.577206645839865,83.72560448755642,0.4391125485081115,False
2.2469048368305002,0.8725157945184212,0.716901335668529,0.02,7.5209633878936275,7.3357606151797,1.7378246217282372,76.54045966132159,8832.991425544802,3.6920202694520037,78.18952243210671,0.4254571243261472,False
1.5597993416550748,0.5763370961628334,0.799486761827837,0.02,7.52540068719701,7.0350867828727575,5.931788702767029,76.32202353682194,6147.66215234874,3.647494717383941,80.25964826425225,0.4306507475688695,False
2.489090700914776,1.1325869518640415,0.6114723078429509,0.02,7.528966620745623,7.336717560305971,1.6268960816781646,77.09335258722186,9808.550226254465,3.750466529087574,75.60999753890748,0.41882691516168397,False
1.8175575256532654,1.3583954346357674,0.39666662813995396,0.02,7.571393746619792,7.322982574836278,2.784527807499817,78.37800784274268,7217.30013021306,3.875464203997332,70.57371558866141,0.4053182390833865,False
2.99825837898527,1.0371931935310132,0.7944650345188292,0.02,7.615899519999373,7.461845561936495,0.6450620308614392,76.1413243959793,11751.855149881072,3.6501714698671104,80.13252918142811,0.4303349417314041,False
3.0264987900403058,1.0608292944025106,0.7814929154381668,0.02,7.6547589273338215,7.471061936443969,0.983073748952751,76.19223645707665,11863.661017349094,3.657104270103384,79.80489967312583,0.42951915252623935,False
3.1319304949541893,1.0942849285239324,0.7927137886429989,0.02,7.658958297672661,7.425103256333589,1.4863562839622448,76.18816767421606,12281.885175826907,3.6511058680136923,80.08823628813724,0.4302248095724093,False
1.6608562464241183,1.2163005635890225,0.3738577554495597,0.02,7.722252175583789,7.564342993827519,1.7418803921413446,78.30954621478622,6580.0143020708,3.889227996122139,70.05622685687094,0.40388383719368004,False
3.114961216566361,1.4060618501740694,0.6328612716314412,0.02,7.7379922354858675,7.22912529138352,4.921222096612329,77.10200696968398,12284.840308497438,3.7384600702555684,76.12758784938687,0.42017202197575265,False
3.207685538744837,1.146375590461166,0.7676758283393423,0.02,7.763423783251906,7.462817893930292,2.2268153449233483,76.2737221768435,12578.499144738673,3.6645176765214043,79.45710962544094,0.42865022506481604,False
1.6559020293551991,0.7072941813186959,0.630299775668634,0.02,7.774613847308014,7.467436187326747,3.6117757867798446,76.80690511696372,6512.334549965711,3.73989388437358,76.0654485690679,0.42001093489795627,False
1.5490116529518094,0.8213671815574837,0.49071174115273697,0.02,7.784379894715838,7.623124357301793,1.8383505056699008,77.4619158558367,6104.186024511051,3.819727726248002,72.74245916339787,0.41123253785888036,False
2.1815171569587792,1.2103923100368355,0.476608744987358,0.02,7.789706400252744,7.576341714730169,2.1307484153835836,77.65472091478124,8606.400496033713,3.8279835613414006,72.41363942092433,0.41034563017936754,False
2.219574924108242,1.0592936363691057,0.5269278561451348,0.02,7.862466249813244,7.758676444908312,0.7398368293542433,77.20265324935072,8721.602091863138,3.7986892064585076,73.59267062933887,0.4135100929352784,False
2.239659737717684,1.4420219294395689,0.42306589445962883,0.02,7.885002692236534,7.527630736997593,3.867008203133001,78.05164830689522,8860.507465542209,3.8596549557496482,71.176805812467,0.4069784332547431,False
1.8838906407189828,1.0475364052281488,0.44251632879552927,0.02,7.916742633741355,7.84499806551696,0.5577694827896783,77.62530217505336,7415.882137302288,3.848089304881361,71.62399402589843,0.4082016300407366,False
1.906657695443523,1.07107881343804,0.4392664938539426,0.02,7.9241700650362885,7.834544815498673,0.7677470818006186,77.65669930113421,7507.48336808741,3.850016901841917,71.5491086334602,0.40799725477656984,False
3.27417956654421,1.1490401080254444,0.7490409964110406,0.02,7.988568490242379,7.675396306329682,2.3010391443262432,76.18894684233985,12809.56529508123,3.6745637241969935,78.98998047231856,0.42747831979377754,False
3.2665177086336104,1.489116714315002,0.6008281648372686,0.02,8.016846848075192,7.417790630132851,5.853711689106729,77.12727086604842,12863.173339191342,3.756470286047354,75.35350781138335,0.4181575274611649,False
3.4351725530517254,1.0064904880621948,0.8909238479587379,0.02,8.043416658748761,7.874592831452104,0.291468374894961,75.44089036773211,13378.64013374741,3.5994331082807585,82.60239508528386,0.4364010330352202,False
2.5514208600658987,1.2249875088801794,0.5173384804306218,0.02,8.08096106085179,7.807871572335356,2.57754732769637,77.23765346092071,10022.277236608903,3.804237236963122,73.36673571215515,0.41290703732473977,False
2.693511467928065,1.177476024634808,0.5663699785857561,0.02,8.096544257182266,7.840952309009969,2.228581152791839,76.94097872341806,10560.68475706333,3.776038715048336,74.52813188036623,0.415990524815048,False
2.3307284432482462,1.2724861117070656,0.44558115507852025,0.02,8.158006590896072,7.884115684697636,2.7710392444580356,77.60274002056698,9169.478328547622,3.8462732110370315,71.69467800990107,0.40839437050062777,False
3.1385027240310364,1.4176455589012658,0.5751811116650277,0.02,8.159245277920409,7.638849146611464,5.036238443211808,77.07917085756338,12333.73866650873,3.7710155936087046,74.73846408335797,0.4165446383879071,False
2.3760071722843294,0.8321088308273399,0.7078861457058145,0.02,8.167546142656557,7.913859094646093,2.4925431113584002,76.11872935588626,9275.060257143772,3.696946665177106,77.96617669156738,0.4248901780463327,False
2.042917487267108,0.7835243610790007,0.6392992771345698,0.02,8.172704743397817,7.901786786047351,2.9495396097569024,76.43640058180934,7988.658921703598,3.734861203997838,76.28395205580567,0.4205768945613021,False
2.4522824821711775,1.2857604276223151,0.45668873343426364,0.02,8.243137599795576,7.9423265430171535,3.0067380480885966,77.49009779957025,9636.565459791775,3.8397056427339957,71.9513536999099,0.40909290267272636,False
1.4957070069523457,0.6434759352635814,0.5599243826828944,0.02,8.28781172019361,7.927975012698688,4.332084011154271,76.7805889431239,5859.4697986455085,3.77972175554275,74.37458144259152,0.4155851748852708,False
1.942574361040734,0.6192412300168213,0.8022327559759785,0.02,8.295469069417143,7.779399165379615,6.066254670299709,75.72669694533107,7583.615221022351,3.646032668192058,80.32922787394779,0.430823437348355,False
3.471349856684078,1.3207126436099546,0.6691850249648376,0.02,8.295556368376312,7.781926039542799,4.53682390755846,76.4888145892652,13584.760034853607,3.7182453072912494,77.01326916022495,0.42245634620036016,False
2.4777250688143053,0.6696794565749906,0.9893346957662378,0.02,8.301342125447094,7.74247514894293,6.213992714695685,75.06242051131983,9654.052809711056,3.5491012894273672,85.18339673955786,0.4425898836627281,False
3.216350777540016,1.1677898039036494,0.6715839932067815,0.02,8.320910642180792,7.9977935309549615,2.496809049212041,76.28996117524636,12552.18078892856,3.7169179352667583,77.07205937739275,0.4226072122526328,False
2.741564385177494,0.852828839211581,0.7914873892268701,0.02,8.32898348264563,8.053148736227561,2.4390778304214513,75.64952381284544,10667.108972911168,3.651760512930192,80.05722957108861,0.4301476839001365,False
2.872631231373556,1.288922640312313,0.5329561689249908,0.02,8.348964823467892,7.97642193108509,3.5012080935833088,77.02609091148511,11254.659048183945,3.7952097414525165,73.73500370100139,0.4138892008096806,False
2.728612035939959,1.505932382933799,0.4438488228907013,0.02,8.352384171212703,7.865162222780581,5.057965122745325,77.65404013521699,10738.802475018134,3.8472995113299744,71.65471793090377,0.40828542778357474,False
2.8235655611522743,1.0419770443200709,0.607167896248676,0.02,8.489910764962417,8.34886852550852,0.6711567046274826,76.30910726170553,10987.362922130464,3.7528920907184893,75.50618799749041,0.41855621979638863,False
2.813835572790421,0.8309085034410988,0.8217256784846039,0.02,8.499612514075677,8.178385639709804,2.9327208413587784,75.4194011650612,10925.797784494414,3.6356876507449916,80.82453333629387,0.4320493061259053,False
2.090729722243558,1.0359609793100173,0.4208416536994358,0.02,8.523042363755398,8.445571287340387,0.5016482632274438,77.27065288219768,8173.18230208407,3.860981968820294,71.12582165093623,0.40683855544522174,False
2.4106936753014376,0.7912747713033221,0.7152964936157225,0.02,8.527015455384289,8.2082539272607,3.276305399444636,75.83782793030774,9374.86288403153,3.692896282618167,78.1497255425136,0.4253561991947532,False
2.3719474942112,0.7273660583811202,0.7877706441785901,0.02,8.547440797494154,8.129833589658972,4.5408025378563535,75.56161411307394,9221.095910013559,3.6537459245265422,79.96331872110386,0.42991394564427543,False
2.7873061363895437,0.9602512652185042,0.6465477437153357,0.02,8.562882152432788,8.429514535051318,0.6134066326276632,76.03418647428848,10824.630827184481,3.7308175706273086,76.46031683114708,0.4210327353344107,False
2.4179418620555837,1.0318380609250803,0.49637962478362607,0.02,8.568407850161256,8.471876176833383,0.49420923607078804,76.80481015926972,9424.472977301948,3.8164197938750983,72.87496657828709,0.41158897910440534,False
2.0677846403374374,0.9842094077490364,0.42237705578103624,0.02,8.649772896624947,8.591041635063876,0.283579657535265,77.13462336154217,8067.702955045391,3.8600658290003476,71.16101284406568,0.4069351136433055,False
1.589346212978739,0.6030800660345019,0.594370267622111,0.02,8.697832931215675,8.253790016474351,5.3441400961070356,76.32749125606732,6195.202254629678,3.7601221971389336,75.19824537356033,0.4177514039278062,False
2.700771500460474,0.733513516663396,0.8846435355197251,0.02,8.78189105437502,8.306526742346874,4.969297143699433,75.03039354661814,10460.823495012884,3.602693650602352,82.4397792200386,0.43600607743383,False
2.7119361604570944,1.3788450949728284,0.41475559187709243,0.02,8.809977064842684,8.404289126511188,4.071564644842465,77.38726115639408,10610.899830234332,3.8646176669640604,70.98647790923285,0.4064558158553552,False
2.3660603179410917,0.7421460476255808,0.7209869661565628,0.02,8.814532517401755,8.425212021901416,4.192879929214959,75.62836136791515,9175.262332388527,3.6897919769698238,78.29091207629729,0.4257140610091752,False
2.891400229268409,0.8250518582751417,0.8048768145840689,0.02,8.82833051656874,8.485105711876042,3.1261389576437066,75.24061183113344,11186.875235941916,3.6446259997235364,80.39627002716487,0.4309897166167529,False
3.376582176299957,1.2468366911511168,0.5997455536900813,0.02,8.838634076224123,8.412645643706465,3.5740027530186604,76.3266488012811,13131.364727141296,3.757082002662947,75.32746083681319,0.4180894443298141,False
1.7966020646351175,0.7304159387392575,0.5079137235805958,0.02,8.884310762974012,8.584965857193161,3.4468338151580244,76.57637389401259,6990.106941110891,3.809705839265385,73.1452508237953,0.41231433424733627,False
2.9345760703140416,1.3673067091964706,0.45095032819291847,0.02,8.899232960069023,8.458948898824916,4.274481454029311,77.12153242230856,11458.35822462005,3.843095781736993,71.8186514680382,0.40873202647188045,False
2.8981889491515704,1.0664057427807792,0.5465572562879933,0.02,8.98219329929136,8.808034889059142,1.0058187585106766,76.2665934060758,11230.770726447729,3.787382733812402,74.05698712581791,0.4147445445033552,False
3.451016030837155,0.9201249908999738,0.840590266338513,0.02,9.015876433226017,8.747198734171713,1.5187131419753686,74.92492993623955,13300.718370647368,3.6257318380562715,81.3061805617674,0.4332356602624504,False
3.333223299759111,0.8664771310853507,0.879872054574654,0.02,9.019385439115014,8.676589817201345,2.599557922805471,74.81050588671208,12851.111345490319,3.6051748062309636,82.31639962305846,0.4357060090623146,False
3.0662011573527206,1.001833272332158,0.6234466146985255,0.02,9.022704440366889,8.89276325306398,0.2668529807513998,75.79277875187304,11844.674825692855,3.7437353991586577,75.89940361543238,0.4195799540608311,False
3.3928111403095498,1.4866619756500519,0.48840289792011027,0.02,9.056743588884448,8.433835150672154,5.989575495701666,76.93725236704144,13234.905777649998,3.821076874822091,72.68854027579602,0.41108733957833093,False
3.1844383658062743,1.3747766607970326,0.4771661239738608,0.02,9.078010693384742,8.582626449134946,4.673864062556646,76.87039859881779,12402.978736153847,3.827656596712077,72.42661096764816,0.4103806825680749,False
2.352317433169774,0.9044766531305237,0.4979703303006986,0.02,9.09703952545731,8.940624611384804,1.2974130553407446,76.39437674869343,9113.010769533435,3.815492443877169,72.91219193015138,0.41168901521888707,False
1.8394997806224869,0.6158609837104647,0.6286072700542069,0.02,9.14220843855476,8.653503975842042,5.783045033062934,75.83731493132076,7127.642387539844,3.740841879052626,76.02441306790193,0.4199044967900924,False
2.5086500505667164,0.7465818467896846,0.7196020264870049,0.02,9.15390671890506,8.745573771443318,4.310534590860321,75.38166772898404,9688.91466566049,3.690547018135622,78.2565312700228,0.4256269650747943,False
3.077243157396374,1.0227100472431152,0.5935028736053628,0.02,9.157627198474431,9.011110175763687,0.46101048102458636,75.8536457886804,11878.39240244267,3.760613245428783,75.17741152346383,0.41769685534780254,False
1.825385631440813,0.6763793284500922,0.536386656290769,0.02,9.182800204803721,8.79985238716441,4.4735198835988985,76.22045740758702,7076.714696256705,3.793232552270209,73.81610360148206,0.4141049369237306,False
2.662975621718724,0.6983054116412892,0.8548275746173017,0.02,9.22902684248353,8.692925638109404,5.763271341617025,74.82327468027235,10267.374575393367,3.6182541079962363,81.67118776542982,0.4341310145474533,False
2.2000258848439858,0.9019250249233695,0.4287660524457822,0.02,9.32606401742383,9.182318057989882,1.255444292136631,76.60208509145214,8516.074498939503,3.8562583226027907,71.30760916864836,0.40733690416638996,False
2.2155984107988926,0.9323507831026456,0.40948038974336637,0.02,9.3349627609091,9.22244646311421,0.8538011623455508,76.6936534958521,8577.923519751788,3.867774516905967,70.86589036338768,0.40612406952085145,False
3.0492201733322775,0.9276569134504051,0.6320155742077549,0.02,9.44632606728393,9.24223074603258,1.2135381436088408,75.45640952098039,11724.011138437461,3.738933333335853,76.10706746503124,0.42011883784871923,False
3.0474388407842956,0.9990338689762635,0.5559906871885498,0.02,9.48563714735305,9.357838816855004,0.26188634693661317,75.76612144194559,11722.737200925205,3.781973018084884,74.28100103840046,0.41533779307349916,False
2.494606986094668,1.0777545407493094,0.378525875677411,0.02,9.518091261784667,9.374722020292984,1.0133135209142987,76.79453213250405,9651.105385356137,3.8864031133373147,70.16186733853446,0.40417740542772196,False
2.001110433182242,0.8565606166879174,0.3733310216740608,0.02,9.614059152829496,9.441216453346405,1.7530052891156662,76.72242926649993,7735.597851292845,3.8895470035131487,70.0443154932353,0.4038507120176486,False
2.869764429078081,1.3606280152715264,0.3515342736161142,0.02,9.63641108764689,9.215070839684644,4.108295503870254,77.13173631586955,11138.554119094144,3.90279388022277,69.55296347847278,0.40247996051106755,False
2.7648705758159804,0.7608181705050681,0.7249610357175768,0.02,9.638093545777435,9.206606619372893,4.358995541340311,74.99608024287491,10614.577481551627,3.6876271085945755,78.38963534476439,0.42596398186083323,False
2.943373234247104,1.3091136913056995,0.3799127175196928,0.02,9.638177231561167,9.240928181272759,3.7325347817652426,76.92173770875102,11406.888586342853,3.885564665452959,70.19327862050984,0.4042646209857329,False
2.6302003585915976,0.9914673746088944,0.4302828374079375,0.02,9.678135992509905,9.584611054372386,0.2690483722287751,76.28942377219879,10127.989112330202,3.855355501474917,71.3424502270666,0.4074322915731034,False
1.858950603130578,0.7135997599695637,0.4411867495465407,0.02,9.701694768538493,9.368620208944984,3.8342074389677507,76.31752564019331,7175.761361658013,3.8488776940190594,71.59334861645891,0.40811801560642635,False
3.409752064407014,1.533138691072121,0.3861641152333236,0.02,9.807192352264881,9.151222446892874,6.374104534841829,76.97942777192634,13227.306192384256,3.8817897222039943,70.33502195325404,0.40465775820103755,False
3.4432380102065427,0.965746536429926,0.6517691058411043,0.02,9.818792305989179,9.622587440178332,0.6235446316835199,75.06727360974742,13168.258646883334,3.7279101998507396,76.58756709819453,0.4213610957843859,False
2.5393566146419784,0.5583740427983942,0.994963866268543,0.02,9.831916473771814,8.989400435380112,9.69621511814385,73.91659967763927,9728.501401076832,3.546264800391821,85.3328994381297,0.4429438903212591,False
3.2831695541600228,0.7207062474949483,0.9825460983349477,0.02,9.885337171190502,9.252312339602103,6.285974976716554,73.89825310047826,12547.205875205775,3.552528044900644,85.00337013993602,0.4421629630903668,False
3.06282647059475,1.3684853151906509,0.3534309654141899,0.02,9.914195098615174,9.45059472309023,4.421917690656266,76.92940140194348,11850.312580594442,3.9016375910503465,69.59559919066771,0.4025992394573039,False
2.838615157951701,1.0707556463584527,0.4049215738811989,0.02,9.969495830249253,9.79775331994562,1.0387465654894805,76.2872446955363,10910.469815230877,3.8705068156687545,70.76182188225161,0.40583737520779717,False
3.1745849575483818,0.7990640485840287,0.7607763374783503,0.02,10.021624633852786,9.584635106851266,3.974549220562299,74.54527596156069,12119.668299149875,3.6682307852491904,79.28389825884697,0.42821633063858305,False
2.400362737038192,0.6629499396033709,0.6734550111623185,0.02,10.029557799559523,9.489240440242899,6.048044669651994,74.96656376939823,9191.946956846916,3.7158833408048886,77.11793687872475,0.42272487662506925,False
3.3589663351181995,1.4588726044302651,0.3523528069937622,0.02,10.179289862168579,9.588170860597474,5.640880514395706,76.83375760572952,12973.563922208179,3.902294789803115,69.57136046628648,0.4025314363485463,False
2.5068203788775243,0.8731822909543947,0.42499138510421836,0.02,10.238125000021688,10.026560229080557,1.8571573844679852,75.93718921214503,9598.798179009906,3.8585069175788504,71.22096748804641,0.40709952329968746,False
2.0111112343628204,0.7532159772324815,0.38077773215332533,0.02,10.298587620216276,9.996506918243105,3.358892002967384,76.19159327044649,7715.864121387396,3.885041883663051,70.21287698572661,0.40431901993135155,False
3.370783161196806,1.0176403647049737,0.4997704802163242,0.02,10.448543927766512,10.275823438202423,0.4258098760580044,75.33926625959188,12833.89408746183,3.814443535356738,72.95433812002274,0.41180222284978485,False
3.421705756326118,0.908343609861072,0.6181109098879066,0.02,10.495530864699125,10.21378143371015,1.721678436200924,74.74533906075906,12996.12619626304,3.7467317778172244,75.77033243375934,0.41924440284060394,False
3.158271838307714,0.7516068220947508,0.756565052742426,0.02,10.52598831832049,9.997711085555128,5.1335843308370475,74.21606012773867,11993.50547860528,3.6705008787242748,79.17832337754652,0.4279514918249645,False
2.592080291206752,0.7384474977308377,0.5583327557124138,0.02,10.574669135298235,10.140657321746051,4.5565760326612414,75.05570301782454,9870.22387364425,3.7806323242346536,74.33670564480988,0.41548508082252794,False
3.1679076972985247,0.6821238230501692,0.8815252761431837,0.02,10.628637900020799,9.936097155906602,7.170664609031576,73.70155171760281,12012.749305425612,3.6043147492019054,82.35913171712127,0.4358099766793991,False
2.793094322793173,0.7559474344151392,0.5975038344079016,0.02,10.632718372323815,10.19048300799673,4.464924170610364,74.81853406642013,10617.721880817095,3.758349293200509,75.27355017990884,0.41794846733291485,False
3.107006871143165,0.9885020497534249,0.40108166192757105,0.02,10.883028451410267,10.747600647446708,0.28829710020246435,75.52272799685137,11794.594425485873,3.8728112406981516,70.67426735415938,0.4055958912450711,False
2.9583907160633265,0.5746709228602648,0.9784920292527002,0.02,10.995620510549895,10.065456965385543,10.373978588822572,73.11033467594288,11176.874242350697,3.554577619889377,84.89600058194043,0.441908011237572,False
1.9929172432496836,0.6380454117382859,0.41286818493772626,0.02,11.025286168487025,10.545857724919074,5.58022581930917,75.50429727301427,7582.524331684605,3.865746559524342,70.94331267580759,0.40633712081429724,False
2.081436773013043,0.655918139097093,0.41895481585978545,0.02,11.057768525334904,10.588989450655516,5.391421516453191,75.43847533266116,7913.104954548111,3.8621083981763724,71.08259619213875,0.40671989619364446,False
3.1950876635715972,0.6500749217868905,0.8714187940691861,0.02,11.189331536219166,10.408305640698494,8.241107432884226,73.32655871782426,12040.921673286462,3.6095788767801706,82.09817410396482,0.4351744013407137,False
2.4240123758118224,0.7629659986406508,0.39274339399436453,0.02,11.196410726889216,10.83916612481348,3.7461857783441466,75.43461467003883,9193.422154638538,3.8778247000651795,70.48446880611611,0.4050715151637706,False
2.6048559460047054,0.5697241605162086,0.7590301480515494,0.02,11.303101508782023,10.486409118194866,9.315446177424688,73.69931735746938,9825.781535598917,3.669171727986616,79.24010840401552,0.42810651646900144,False
3.2534966133320964,0.645858915822517,0.8753579983826697,0.02,11.39089514971632,10.582220826436043,8.514021296597639,73.16444586570438,12231.432769924031,3.607525249743683,82.19981010338003,0.43542212959050053,False
3.2353201960993814,0.6245355784669843,0.900667214920358,0.02,11.496461512710308,10.63316318405782,9.217657744010642,72.99651457508807,12148.027617207938,3.594386320186542,82.85517753030685,0.43701377283045506,False
3.312290743057134,0.8579476886427557,0.5091948149018207,0.02,11.524638353082523,11.176385797380778,2.696012447396257,74.52104225020953,12458.296693095024,3.8089615782433133,73.17532362317098,0.4123948993781516,False
3.147874814969661,0.8005837802100297,0.5278772566559022,0.02,11.566199222218405,11.142425427692352,3.842391751640391,74.42679508751472,11839.522185791948,3.798140801421823,73.61507132464828,0.4135697987307036,False
2.855496086989894,0.8195714411707058,0.4113342054718594,0.02,11.600577906134424,11.261753743828386,3.110456551311035,74.99743867791875,10762.405346132802,3.8666645466089435,70.90824710908946,0.406240652081516,False
2.6166175278961377,0.5507775651611421,0.7622040043529335,0.02,11.610373376553675,10.737583533171966,10.003757996158354,73.45848992486752,9835.282850954038,3.6674618384592383,79.31971485203954,0.42830611359675774,False
3.3007514418094406,0.7858893865474769,0.5897286423697861,0.02,11.63112961497828,11.149439159724714,4.376602936375637,74.0889971965827,12392.067724242122,3.7627514037164316,75.08681450482572,0.4174595019068857,False
3.2892137084710233,0.7725129522110711,0.584215703019725,0.02,11.79412866093003,11.287800559201905,4.698771297198853,74.00007445175724,12327.57797119772,3.765878939204754,74.95464463213058,0.4171128047803374,False
2.6326611424676227,0.6467758793961949,0.5401190871433321,0.02,11.85753988816399,11.23238359764964,6.902752010615888,74.22266477693228,9886.502957859067,3.7910836742681324,73.90442697953108,0.41433966162673486,False
2.5319322730473828,0.6836821502484445,0.4340417828002822,0.02,11.950038026332429,11.42987309265825,5.685373818766566,74.6710163845394,9514.00208546057,3.853119921949593,71.42885769956683,0.4076686837195839,False
2.9767586006152262,0.7256153371830844,0.47460990762116917,0.02,12.36327585467167,11.827953979767912,5.431577545113985,74.12749898679361,11111.366078569907,3.8291565607620837,72.36713797141873,0.4102199275138217,False
3.483717864333872,0.8090719559567967,0.49386630378638635,0.02,12.536677170328227,12.068710296564792,3.9644786585866876,73.85615131241762,12953.306690124651,3.817885929674023,72.81618326732709,0.41143092164857153,False
3.3288018649435798,0.6898166647194055,0.5819580967812248,0.02,12.93340529314601,12.233470248815895,7.0636148054655585,73.19046251491874,12317.788297659532,3.7671611986477282,74.90057563007517,0.4169708286862676,False
3.4572662801590965,0.5892763279471933,0.8612493734626581,0.02,12.964038532064288,11.927175055790233,11.094864266664393,72.05547159032672,12761.633955734953,3.6148913302998644,81.8362488850486,0.43453486793048224,False
2.5736140753148873,0.5802510763603808,0.4891497777745497,0.02,13.002066868756588,12.237433552746717,8.69499004427093,73.65520723566894,9550.168350340533,3.8206403390601595,72.70597859350232,0.41113430927688355,False
2.580770214817048,0.6264893084154874,0.39991344758246544,0.02,13.070195284617371,12.420953418899504,7.250850518882304,74.0274012650449,9578.91187040871,3.8735128591751775,70.64764934370903,0.40552242470917743,False
2.768732840609944,0.5713670663018541,0.5792301308864518,0.02,13.072560837830903,12.219408710316902,9.612823177870263,73.16170724896035,10248.213813346762,3.7687117752125436,74.83528502290147,0.416799272665607,False
3.230733668864611,0.7643456376486795,0.3987755933937872,0.02,13.18274678572919,12.677901352638504,4.753922509494807,73.88162565670562,11949.607792329758,3.8741964880661732,70.62173146322895,0.4054508674594789,False
3.4023144194472925,0.6877615571405267,0.5255521385260886,0.02,13.582864946416,12.862634994435176,7.221098753004098,72.96462889256033,12501.097067025421,3.7994841473719596,73.56022136598386,0.4134235769562009,False
3.100163585390236,0.6525647780432299,0.48064439082633476,0.02,13.591414225800897,12.863455391738519,7.693608298655355,73.19768306388427,11406.307272692951,3.825617468384573,72.50760334693248,0.41059942343325556,False
2.645669464790097,0.5537769918904792,0.4851018692105557,0.02,13.689828947908127,12.831979531132944,9.790647981298262,73.16609334437402,9738.622953298256,3.823007452906468,72.611509729986,0.4108797448460865,False
3.494876772675056,0.7038958547293601,0.48259472980168533,0.02,13.938993210219227,13.23760440806458,6.861803902819099,72.89567356239378,12791.238244328611,3.8244750356924437,72.5530512767392,0.41072207613730566,False
3.348943669590246,0.7025704270093732,0.36333482103447745,0.02,14.542814275378127,13.879080688137508,6.58669575186468,73.05602847240375,12196.440086537988,3.895610968976675,69.8186005241104,0.4032220720457423,False
3.4799584854323626,0.6334893343372221,0.455869938525072,0.02,15.16407257633128,14.283695500940533,9.114105880468463,72.12381026964539,12559.562785952587,3.840189005080425,71.93240599271645,0.40904141038808045,False
3.3566978669563623,0.6068000025928586,0.3694780090073883,0.02,15.949655964696351,15.036663356713479,9.683978845027251,71.97255073323372,12019.455204982958,3.8918821078348054,69.9572386958459,0.4036084041787143,False
