step,measured_boundary_heat_load_kw,simulator_delivered_heat_kw,pignn_v3_delivered_heat_kw,pignn_v3_energy_residual_kw,state_type
0,76887.0390625,77294.98955727358,78227.99870532914,-6958.411110874433,calibrated_simulator
1,76186.5703125,76517.68368285387,76814.25730855437,-6174.165589028615,calibrated_simulator
2,74111.7109375,75492.87210169274,75507.34278071705,-6498.60033388784,calibrated_simulator
3,75600.234375,74178.81492377384,74955.94140177203,-4421.755997674735,calibrated_simulator
4,75317.7890625,75084.89079382621,75230.82909899784,-5042.5511002335425,calibrated_simulator
5,75038.171875,75126.70594096855,75425.26317632133,-5462.402711709584,calibrated_simulator
6,76964.6875,75060.72793237986,75598.27459320634,-1771.1801293901917,calibrated_simulator
7,74991.875,76774.80441571497,76366.87108059852,-6138.717175549769,calibrated_simulator
8,74135.6875,74521.75394012779,74946.48726279999,-5891.320041433743,calibrated_simulator
9,74065.0625,73697.44025902855,74369.7043410153,-4167.319818265312,calibrated_simulator
10,73976.1328125,73746.34072271043,74278.96727281426,-4497.111905557283,calibrated_simulator
11,73221.1015625,73595.36210027797,74063.16863319268,-5234.359998008068,calibrated_simulator
12,76186.5703125,76517.68368285387,77573.19754468634,-5833.91194988492,calibrated_simulator
13,74111.7109375,75492.87210169274,75349.93694934656,-5674.43613085315,calibrated_simulator
14,75600.234375,74178.81492377384,74735.43124169036,-3984.609940359683,calibrated_simulator
15,75317.7890625,75084.89079382621,75030.03765300788,-4648.271071831071,calibrated_simulator
16,75038.171875,75126.70594096855,75243.77840420279,-5328.3802756369305,calibrated_simulator
17,76964.6875,75060.72793237986,75429.08120253847,-1514.2263787069728,calibrated_simulator
18,74991.875,76774.80441571497,76219.07638052423,-6141.610293223749,calibrated_simulator
19,74135.6875,74521.75394012779,74798.31881595774,-5859.934397025591,calibrated_simulator
20,74065.0625,73697.44025902855,74221.40850877561,-4106.622805737688,calibrated_simulator
21,73976.1328125,73746.34072271043,74135.10178494155,-4452.613242627021,calibrated_simulator
22,73221.1015625,73595.36210027797,73924.59188488054,-5208.294082625765,calibrated_simulator
23,73055.375,73028.01720468566,73475.89603295448,-5234.134619643276,calibrated_simulator
24,74111.7109375,75492.87210169274,75388.83001435468,-4812.809096406277,calibrated_simulator
25,75600.234375,74178.81492377384,74388.75527532914,-4202.487247522915,calibrated_simulator
26,75317.7890625,75084.89079382621,74722.54351532664,-4485.505289619231,calibrated_simulator
27,75038.171875,75126.70594096855,74979.46852733237,-5308.668702553212,calibrated_simulator
28,76964.6875,75060.72793237986,75219.55874523245,-1387.883069431198,calibrated_simulator
29,74991.875,76774.80441571497,76033.35883853628,-6219.584941023823,calibrated_simulator
30,74135.6875,74521.75394012779,74608.54503517502,-5877.071949586798,calibrated_simulator
31,74065.0625,73697.44025902855,74032.63359401062,-4089.3031662523945,calibrated_simulator
32,73976.1328125,73746.34072271043,73952.50107200684,-4433.904648789611,calibrated_simulator
33,73221.1015625,73595.36210027797,73746.81217627302,-5186.707152144369,calibrated_simulator
34,73055.375,73028.01720468566,73300.5465586491,-5188.179313124777,calibrated_simulator
35,76082.359375,74351.09162576719,74421.8459227672,-881.5794443962131,calibrated_simulator
36,75600.234375,74178.81492377384,75797.15462426074,-5250.37787828633,calibrated_simulator
37,75317.7890625,75084.89079382621,75121.38679060053,-4546.2576765822705,calibrated_simulator
38,75038.171875,75126.70594096855,75192.06696209975,-5400.3132147772085,calibrated_simulator
39,76964.6875,75060.72793237986,75412.51491506898,-1276.2968407500284,calibrated_simulator
40,74991.875,76774.80441571497,76197.25721808993,-6346.207496136334,calibrated_simulator
41,74135.6875,74521.75394012779,74734.24840041035,-5960.615782353926,calibrated_simulator
42,74065.0625,73697.44025902855,74131.45046744138,-4150.304135580136,calibrated_simulator
43,73976.1328125,73746.34072271043,74035.05744208068,-4507.695842525395,calibrated_simulator
44,73221.1015625,73595.36210027797,73816.48102614535,-5262.256813008538,calibrated_simulator
45,73055.375,73028.01720468566,73358.75154085837,-5248.937928194832,calibrated_simulator
46,76082.359375,74351.09162576719,74476.18084577525,-935.6924702429505,calibrated_simulator
47,83785.046875,80813.5318494811,78715.86291614643,-48.72933372174157,calibrated_simulator
48,75317.7890625,75084.89079382621,75908.2053497652,-4313.838886761297,calibrated_simulator
49,75038.171875,75126.70594096855,75064.21338979245,-5280.23699804036,calibrated_simulator
50,76964.6875,75060.72793237986,75250.34674770589,-631.1811181239966,calibrated_simulator
51,74991.875,76774.80441571497,76048.72714603214,-6217.228792863783,calibrated_simulator
52,74135.6875,74521.75394012779,74577.10424900273,-5813.097906230908,calibrated_simulator
53,74065.0625,73697.44025902855,73971.99210310851,-3986.6747372255245,calibrated_simulator
54,73976.1328125,73746.34072271043,73881.48278759717,-4401.225130853344,calibrated_simulator
55,73221.1015625,73595.36210027797,73668.88696117685,-5201.796896005964,calibrated_simulator
56,73055.375,73028.01720468566,73215.69098799261,-5192.798454431574,calibrated_simulator
57,76082.359375,74351.09162576719,74345.30478753388,-887.9547068750544,calibrated_simulator
58,83785.046875,80813.5318494811,78606.25185064472,-62.8139747379646,calibrated_simulator
59,92437.5234375,89287.20983015401,84446.49409078242,881.3538456689312,calibrated_simulator
60,75038.171875,75126.70594096855,75779.2865318133,-2788.527985485459,calibrated_simulator
61,76964.6875,75060.72793237986,75471.44327714677,-926.4048923342868,calibrated_simulator
62,74991.875,76774.80441571497,76139.84087864358,-6689.778076197286,calibrated_simulator
63,74135.6875,74521.75394012779,74623.21332115712,-5927.76298051198,calibrated_simulator
64,74065.0625,73697.44025902855,73999.32586391956,-4036.150604097085,calibrated_simulator
65,73976.1328125,73746.34072271043,73901.35641110248,-4471.864596237073,calibrated_simulator
66,73221.1015625,73595.36210027797,73679.44675791975,-5264.790872283491,calibrated_simulator
67,73055.375,73028.01720468566,73215.40836130039,-5221.583925900643,calibrated_simulator
68,76082.359375,74351.09162576719,74346.58305037543,-839.8632648407902,calibrated_simulator
69,83785.046875,80813.5318494811,78625.77975518888,60.828160026891965,calibrated_simulator
70,92437.5234375,89287.20983015401,84500.56311795775,806.9383204516871,calibrated_simulator
71,94792.390625,95401.66742585304,90069.75801789277,5458.996038972209,calibrated_simulator
72,76964.6875,75060.72793237986,76787.69647019621,-4822.012594657306,calibrated_simulator
73,74991.875,76774.80441571497,76368.17647475854,-6865.867911526335,calibrated_simulator
74,74135.6875,74521.75394012779,74638.18160317202,-5683.872183983629,calibrated_simulator
75,74065.0625,73697.44025902855,73961.04508725746,-3669.8328999696378,calibrated_simulator
76,73976.1328125,73746.34072271043,73848.5285601741,-4267.871957723427,calibrated_simulator
77,73221.1015625,73595.36210027797,73619.6903252245,-5192.2001884232395,calibrated_simulator
78,73055.375,73028.01720468566,73151.90991016339,-5191.828498258039,calibrated_simulator
79,76082.359375,74351.09162576719,74289.49656320238,-883.8440657362416,calibrated_simulator
80,83785.046875,80813.5318494811,78587.56376890371,-173.95578774702426,calibrated_simulator
81,92437.5234375,89287.20983015401,84504.66003415769,872.7832556089106,calibrated_simulator
82,94792.390625,95401.66742585304,90100.35276417738,6251.431077013086,calibrated_simulator
83,98025.2578125,98616.62041651481,93242.53445368698,-653.9482683454262,calibrated_simulator
84,74991.875,76774.80441571497,76817.98144300155,-6569.131424246159,calibrated_simulator
85,74135.6875,74521.75394012779,74557.3949924217,-5482.003480619185,calibrated_simulator
86,74065.0625,73697.44025902855,73879.83696744815,-3521.35497262043,calibrated_simulator
87,73976.1328125,73746.34072271043,73808.5562446845,-4197.774260754247,calibrated_simulator
88,73221.1015625,73595.36210027797,73598.52124622333,-5140.675426229124,calibrated_simulator
89,73055.375,73028.01720468566,73135.94479244118,-5132.190897939459,calibrated_simulator
90,76082.359375,74351.09162576719,74292.14675338246,-706.9267309805837,calibrated_simulator
91,83785.046875,80813.5318494811,78638.35490825376,103.56965533350194,calibrated_simulator
92,92437.5234375,89287.20983015401,84613.23026531302,708.0674228722883,calibrated_simulator
93,94792.390625,95401.66742585304,90258.1176635533,5230.302142354547,calibrated_simulator
94,98025.2578125,98616.62041651481,93402.67515826406,-1158.2543751815556,calibrated_simulator
95,99059.109375,100638.40538184931,95189.78633367951,-2905.7992174035217,calibrated_simulator
96,74135.6875,74521.75394012779,74985.96841294368,-4436.270185894908,calibrated_simulator
97,74065.0625,73697.44025902855,73803.43342489561,-3783.355941609969,calibrated_simulator
98,73976.1328125,73746.34072271043,73691.44387147373,-4279.0098014238365,calibrated_simulator
99,73221.1015625,73595.36210027797,73481.90621670288,-5147.471130063148,calibrated_simulator
100,73055.375,73028.01720468566,73019.56319361561,-5112.880162834482,calibrated_simulator
101,76082.359375,74351.09162576719,74193.54632811774,-643.1197423697531,calibrated_simulator
102,83785.046875,80813.5318494811,78584.13591035435,184.48771483107066,calibrated_simulator
103,92437.5234375,89287.20983015401,84631.74350027391,653.1716786693942,calibrated_simulator
104,94792.390625,95401.66742585304,90326.5888682296,5248.484660907496,calibrated_simulator
105,98025.2578125,98616.62041651481,93485.49256386288,-1360.0979093133883,calibrated_simulator
106,99059.109375,100638.40538184931,95274.98986007247,-3089.050834419558,calibrated_simulator
107,75655.7265625,92517.94776759052,87755.72898636601,-4460.477726171893,calibrated_simulator
108,74065.0625,73697.44025902855,74558.55025214936,-4802.969643044142,calibrated_simulator
109,73976.1328125,73746.34072271043,73710.31886815213,-4881.593697539546,calibrated_simulator
110,73221.1015625,73595.36210027797,73401.30018580293,-5227.915804860391,calibrated_simulator
111,73055.375,73028.01720468566,72933.32403761697,-5030.082261779342,calibrated_simulator
112,76082.359375,74351.09162576719,74133.28600105474,-536.2798463927038,calibrated_simulator
113,83785.046875,80813.5318494811,78587.85056821637,253.7108184859144,calibrated_simulator
114,92437.5234375,89287.20983015401,84723.09159923358,598.9365912934172,calibrated_simulator
115,94792.390625,95401.66742585304,90466.76755409584,5349.49696883385,calibrated_simulator
116,98025.2578125,98616.62041651481,93630.02463959114,-1562.5353215976984,calibrated_simulator
117,99059.109375,100638.40538184931,95413.09405213437,-3288.0180463885795,calibrated_simulator
118,75655.7265625,92517.94776759052,87873.11601881229,-4644.781003095456,calibrated_simulator
119,70143.8203125,69778.33207932454,77215.10448321264,-10544.838141575648,calibrated_simulator
120,73976.1328125,73746.34072271043,74479.60805873577,-5276.057154268361,calibrated_simulator
121,73221.1015625,73595.36210027797,73394.68902697555,-5650.426661375794,calibrated_simulator
122,73055.375,73028.01720468566,72855.85568860314,-5023.023751062098,calibrated_simulator
123,76082.359375,74351.09162576719,74104.3905757449,-369.09838534628307,calibrated_simulator
124,83785.046875,80813.5318494811,78660.30257426693,455.13110735706687,calibrated_simulator
125,92437.5234375,89287.20983015401,84908.76599278196,449.6788555562571,calibrated_simulator
126,94792.390625,95401.66742585304,90707.8106613217,5089.872886781137,calibrated_simulator
127,98025.2578125,98616.62041651481,93859.52534274574,-1949.26468325335,calibrated_simulator
128,99059.109375,100638.40538184931,95619.85680004276,-3639.122520375412,calibrated_simulator
129,75655.7265625,92517.94776759052,88034.18557766567,-4846.637386244313,calibrated_simulator
130,70143.8203125,69778.33207932454,77318.79072326062,-10723.84382470735,calibrated_simulator
131,69416.4453125,66153.19023825193,74249.86946389404,-9883.755500341063,calibrated_simulator
132,73221.1015625,73595.36210027797,73809.0275981629,-5334.641585136946,calibrated_simulator
133,73055.375,73028.01720468566,72693.96588670448,-5512.759948021672,calibrated_simulator
134,76082.359375,74351.09162576719,74002.07014059869,-353.83661399067887,calibrated_simulator
135,83785.046875,80813.5318494811,78726.96276095689,781.4349605893876,calibrated_simulator
136,92437.5234375,89287.20983015401,85150.93208916133,136.86660169312836,calibrated_simulator
137,94792.390625,95401.66742585304,91025.19539866122,4620.653148133738,calibrated_simulator
138,98025.2578125,98616.62041651481,94151.12205682034,-2507.5412017730723,calibrated_simulator
139,99059.109375,100638.40538184931,95874.06512618452,-4099.956047477994,calibrated_simulator
140,75655.7265625,92517.94776759052,88223.30363228162,-5061.675090086136,calibrated_simulator
141,70143.8203125,69778.33207932454,77437.21018299219,-10922.089810977139,calibrated_simulator
142,69416.4453125,66153.19023825193,74324.15596687049,-9997.591428651642,calibrated_simulator
143,68405.7265625,66555.73573374786,73101.17297333799,-13188.221356129683,calibrated_simulator
144,73055.375,73028.01720468566,73271.34083133079,-131.76210726138243,calibrated_simulator
145,76082.359375,74351.09162576719,74170.74878989787,-976.8636169478355,calibrated_simulator
146,83785.046875,80813.5318494811,79105.94750722112,801.340318647316,calibrated_simulator
147,92437.5234375,89287.20983015401,85721.24232463025,-496.92721127102504,calibrated_simulator
148,94792.390625,95401.66742585304,91597.46269721436,4025.4045421974215,calibrated_simulator
149,98025.2578125,98616.62041651481,94625.37735003712,-3124.16843175347,calibrated_simulator
150,99059.109375,100638.40538184931,96261.64998437413,-4581.67741614341,calibrated_simulator
151,75655.7265625,92517.94776759052,88540.8434395116,-5175.593245075046,calibrated_simulator
152,70143.8203125,69778.33207932454,77682.4541855328,-11095.369021204275,calibrated_simulator
153,69416.4453125,66153.19023825193,74508.54496740103,-10091.298247661738,calibrated_simulator
154,68405.7265625,66555.73573374786,73256.2692551873,-13245.618104747839,calibrated_simulator
155,67992.296875,66523.16616879168,72136.62779010388,-13764.878516099587,calibrated_simulator
156,76082.359375,74351.09162576719,75848.77288733805,1483.8488561441063,calibrated_simulator
157,83785.046875,80813.5318494811,80517.42061397152,-191.62713319430623,calibrated_simulator
158,92437.5234375,89287.20983015401,87040.37308606086,-1850.456925812563,calibrated_simulator
159,94792.390625,95401.66742585304,92621.00284084432,3149.141615267298,calibrated_simulator
160,98025.2578125,98616.62041651481,95373.98869963718,-3761.944483097446,calibrated_simulator
161,99059.109375,100638.40538184931,96825.366634409,-5003.803090674784,calibrated_simulator
162,75655.7265625,92517.94776759052,89036.10779692237,-4978.669221916561,calibrated_simulator
163,70143.8203125,69778.33207932454,78114.5719612438,-11114.005168395324,calibrated_simulator
164,69416.4453125,66153.19023825193,74844.59478257528,-10046.625223156378,calibrated_simulator
165,68405.7265625,66555.73573374786,73544.11648009675,-13108.490358508632,calibrated_simulator
166,67992.296875,66523.16616879168,72400.09277318713,-13534.521635103009,calibrated_simulator
167,67426.59375,66645.82541671285,71900.16462499737,-8527.642210980099,calibrated_simulator
168,83785.046875,80813.5318494811,83543.86137536146,2757.4235004326456,calibrated_simulator
169,92437.5234375,89287.20983015401,88790.92208799397,422.5935981673683,calibrated_simulator
170,94792.390625,95401.66742585304,93663.31625892458,3953.6034589505034,calibrated_simulator
171,98025.2578125,98616.62041651481,95980.06518322384,-3793.3305229807274,calibrated_simulator
172,99059.109375,100638.40538184931,97198.19030448627,-4854.691640642752,calibrated_simulator
173,75655.7265625,92517.94776759052,89413.80460245624,-4373.027377449075,calibrated_simulator
174,70143.8203125,69778.33207932454,78486.43706417686,-10854.788572925698,calibrated_simulator
175,69416.4453125,66153.19023825193,75104.78722795476,-9803.681344421018,calibrated_simulator
176,68405.7265625,66555.73573374786,73751.1470628973,-12805.123447715225,calibrated_simulator
177,67992.296875,66523.16616879168,72587.04560014787,-13182.069450309062,calibrated_simulator
178,67426.59375,66645.82541671285,72059.91952004522,-8241.509553834425,calibrated_simulator
179,66658.234375,65945.33192355052,71310.6430019455,-6103.988951872582,calibrated_simulator
180,92437.5234375,89287.20983015401,91610.32998210443,2003.4702682827592,calibrated_simulator
181,94792.390625,95401.66742585304,95200.05993318687,1917.9885997280662,calibrated_simulator
182,98025.2578125,98616.62041651481,97030.123517161,-3326.804838661473,calibrated_simulator
183,99059.109375,100638.40538184931,97992.32410841697,-4793.217540399792,calibrated_simulator
184,75655.7265625,92517.94776759052,89988.91492933471,-4594.46243131764,calibrated_simulator
185,70143.8203125,69778.33207932454,78858.97848466941,-11144.037029190931,calibrated_simulator
186,69416.4453125,66153.19023825193,75408.31116683842,-10116.969511433655,calibrated_simulator
187,68405.7265625,66555.73573374786,74011.42424552346,-12978.488460160614,calibrated_simulator
188,67992.296875,66523.16616879168,72810.07563640334,-13254.863343866127,calibrated_simulator
189,67426.59375,66645.82541671285,72268.49090899307,-8407.359951237513,calibrated_simulator
190,66658.234375,65945.33192355052,71498.81821829246,-6253.00219370327,calibrated_simulator
191,66112.953125,65398.99699130366,70882.7393545665,-4045.3638680042795,calibrated_simulator
192,94792.390625,95401.66742585304,96844.91852188388,-551.4353366990417,calibrated_simulator
193,98025.2578125,98616.62041651481,98034.14151403704,28.71319316652989,calibrated_simulator
194,99059.109375,100638.40538184931,98720.81533518314,-3498.346086310131,calibrated_simulator
195,75655.7265625,92517.94776759052,90491.98280710708,-4476.555342467418,calibrated_simulator
196,70143.8203125,69778.33207932454,79178.10650481338,-11351.534504511896,calibrated_simulator
197,69416.4453125,66153.19023825193,75701.10878861256,-10525.684100514814,calibrated_simulator
198,68405.7265625,66555.73573374786,74267.35591993069,-13189.771565259405,calibrated_simulator
199,67992.296875,66523.16616879168,73024.54371454114,-13388.79737573921,calibrated_simulator
200,67426.59375,66645.82541671285,72474.2421432423,-8798.954741866508,calibrated_simulator
201,66658.234375,65945.33192355052,71683.21229202909,-6636.748207636421,calibrated_simulator
202,66112.953125,65398.99699130366,71039.04984969397,-4397.592391532622,calibrated_simulator
203,65425.73828125,65280.20138293574,70483.95794988344,-6286.443488280281,calibrated_simulator
204,98025.2578125,98616.62041651481,98871.74994572434,-3391.1692550746575,calibrated_simulator
205,99059.109375,100638.40538184931,99307.96989480978,-1972.7551012998883,calibrated_simulator
206,75655.7265625,92517.94776759052,90705.18859480803,-3797.5138615837936,calibrated_simulator
207,70143.8203125,69778.33207932454,79217.20086625367,-11660.464055450124,calibrated_simulator
208,69416.4453125,66153.19023825193,75671.51467702865,-10968.44082253872,calibrated_simulator
209,68405.7265625,66555.73573374786,74218.74234615853,-13734.450986150605,calibrated_simulator
210,67992.296875,66523.16616879168,72969.80038326055,-13918.621339159645,calibrated_simulator
211,67426.59375,66645.82541671285,72415.75709722872,-9153.262484973835,calibrated_simulator
212,66658.234375,65945.33192355052,71624.40250402852,-6943.730326261388,calibrated_simulator
213,66112.953125,65398.99699130366,70979.74135779387,-4663.591885248168,calibrated_simulator
214,65425.73828125,65280.20138293574,70420.70408231326,-6534.088340025481,calibrated_simulator
215,66060.1484375,64813.61401622843,69863.00599827614,-3835.431632800666,calibrated_simulator
216,99059.109375,100638.40538184931,99845.8898380238,-2187.343222306201,calibrated_simulator
217,75655.7265625,92517.94776759052,90172.25986649639,136.8964476213023,calibrated_simulator
218,70143.8203125,69778.33207932454,78491.99860325851,-10941.64112847001,calibrated_simulator
219,69416.4453125,66153.19023825193,74958.03072741244,-11016.78728545321,calibrated_simulator
220,68405.7265625,66555.73573374786,73540.99466220068,-13899.384632746018,calibrated_simulator
221,67992.296875,66523.16616879168,72321.34020338835,-14140.829002439357,calibrated_simulator
222,67426.59375,66645.82541671285,71800.87541880147,-9411.99113044291,calibrated_simulator
223,66658.234375,65945.33192355052,71038.33172019968,-7089.05376240303,calibrated_simulator
224,66112.953125,65398.99699130366,70414.86227180476,-4693.720145398786,calibrated_simulator
225,65425.73828125,65280.20138293574,69877.63743612927,-6644.5297869975,calibrated_simulator
226,66060.1484375,64813.61401622843,69335.06836906035,-3827.3101574222806,calibrated_simulator
227,65782.8984375,65697.1406053584,69315.17717169979,-6250.723079882435,calibrated_simulator
228,75655.7265625,92517.94776759052,85777.94905992005,-15160.70084295963,calibrated_simulator
229,70143.8203125,69778.33207932454,74980.16294854127,-8609.592578245125,calibrated_simulator
230,69416.4453125,66153.19023825193,72018.0210500086,-9782.703250418172,calibrated_simulator
231,68405.7265625,66555.73573374786,70936.08928133543,-12865.997020606928,calibrated_simulator
232,67992.296875,66523.16616879168,69924.73968982192,-13289.961320799503,calibrated_simulator
233,67426.59375,66645.82541671285,69573.7187591198,-8568.451532996693,calibrated_simulator
234,66658.234375,65945.33192355052,68945.88644921084,-6167.079795524266,calibrated_simulator
235,66112.953125,65398.99699130366,68422.02203291215,-3614.170127081072,calibrated_simulator
236,65425.73828125,65280.20138293574,67979.28065979897,-5751.370184303618,calibrated_simulator
237,66060.1484375,64813.61401622843,67504.3090042032,-2770.483468182696,calibrated_simulator
238,65782.8984375,65697.1406053584,67568.07958220491,-5407.423308093552,calibrated_simulator
239,64293.828125,65133.93114874894,66935.28642513785,-5333.617203979863,calibrated_simulator
240,70143.8203125,69778.33207932454,74792.7019811466,-9693.865492863291,calibrated_simulator
241,69416.4453125,66153.19023825193,71328.31313575571,-9910.431455124151,calibrated_simulator
242,68405.7265625,66555.73573374786,70186.42444963114,-13052.57141482689,calibrated_simulator
243,67992.296875,66523.16616879168,69178.2744853006,-13423.84408030408,calibrated_simulator
244,67426.59375,66645.82541671285,68842.38668054687,-8531.628176359265,calibrated_simulator
245,66658.234375,65945.33192355052,68233.7417734245,-5947.446138286146,calibrated_simulator
246,66112.953125,65398.99699130366,67730.84774746589,-3251.4107612754374,calibrated_simulator
247,65425.73828125,65280.20138293574,67314.05968955957,-5611.584970219542,calibrated_simulator
248,66060.1484375,64813.61401622843,66861.94310687535,-2515.130301884989,calibrated_simulator
249,65782.8984375,65697.1406053584,66960.06524504739,-5367.06798624532,calibrated_simulator
250,64293.828125,65133.93114874894,66354.43322005233,-5293.681136095497,calibrated_simulator
251,63422.0390625,63591.8340577026,65238.55235397091,-3547.113047668944,calibrated_simulator
252,69416.4453125,66153.19023825193,71973.60481302593,-12038.035373475444,calibrated_simulator
253,68405.7265625,66555.73573374786,69516.21349806768,-12038.280899846648,calibrated_simulator
254,67992.296875,66523.16616879168,68448.96382165748,-12750.358064508875,calibrated_simulator
255,67426.59375,66645.82541671285,68185.31994146922,-7978.953420673809,calibrated_simulator
256,66658.234375,65945.33192355052,67643.86733932002,-5316.681765882189,calibrated_simulator
257,66112.953125,65398.99699130366,67196.6145517027,-2568.3893069364167,calibrated_simulator
258,65425.73828125,65280.20138293574,66818.32431260876,-5249.362609658412,calibrated_simulator
259,66060.1484375,64813.61401622843,66401.98819003935,-2064.2864917562692,calibrated_simulator
260,65782.8984375,65697.1406053584,66539.83695141421,-5204.87810049676,calibrated_simulator
261,64293.828125,65133.93114874894,65955.25869409894,-5162.36013164731,calibrated_simulator
262,63422.0390625,63591.8340577026,64846.968898472885,-3381.0135402894666,calibrated_simulator
263,62554.40625,62675.86776495813,64094.58235510942,-2719.9498747788566,calibrated_simulator
264,68405.7265625,66555.73573374786,69250.50868979897,-12285.159065406939,calibrated_simulator
265,67992.296875,66523.16616879168,67351.15249024185,-12093.542786865833,calibrated_simulator
266,67426.59375,66645.82541671285,67175.46012284214,-7369.967984958479,calibrated_simulator
267,66658.234375,65945.33192355052,66778.99837313396,-4583.685177318151,calibrated_simulator
268,66112.953125,65398.99699130366,66438.46317374395,-1838.3505170842373,calibrated_simulator
269,65425.73828125,65280.20138293574,66128.69900721431,-5065.042071775866,calibrated_simulator
270,66060.1484375,64813.61401622843,65768.48425710897,-1789.5078959693428,calibrated_simulator
271,65782.8984375,65697.1406053584,65962.62795863442,-5284.44193424843,calibrated_simulator
272,64293.828125,65133.93114874894,65412.90353248894,-5257.042223856114,calibrated_simulator
273,63422.0390625,63591.8340577026,64322.9543656492,-3419.963037269399,calibrated_simulator
274,62554.40625,62675.86776495813,63589.90356123412,-2729.947778957935,calibrated_simulator
275,62425.10546875,62243.85801248342,63269.332712892356,-5126.804124928913,calibrated_simulator
276,67992.296875,66523.16616879168,66827.61318097962,-6134.381782656571,calibrated_simulator
277,67426.59375,66645.82541671285,66167.24028622036,-7461.059251730838,calibrated_simulator
278,66658.234375,65945.33192355052,65948.13016019188,-3817.7675898474963,calibrated_simulator
279,66112.953125,65398.99699130366,65779.3349499546,-952.9518921643137,calibrated_simulator
280,65425.73828125,65280.20138293574,65563.57245934679,-4855.829045537668,calibrated_simulator
281,66060.1484375,64813.61401622843,65275.35051278876,-1497.7361296016888,calibrated_simulator
282,65782.8984375,65697.1406053584,65528.789387557874,-5391.329916158456,calibrated_simulator
283,64293.828125,65133.93114874894,65011.56272879428,-5376.482588186034,calibrated_simulator
284,63422.0390625,63591.8340577026,63936.44178626333,-3482.683451730806,calibrated_simulator
285,62554.40625,62675.86776495813,63219.689247651935,-2764.28674540167,calibrated_simulator
286,62425.10546875,62243.85801248342,62915.042217931004,-5123.862183756009,calibrated_simulator
287,62697.76171875,62094.69052433142,62718.52730910016,-2624.4126612886425,calibrated_simulator
288,67426.59375,66645.82541671285,65883.45567943102,-2571.157383037601,calibrated_simulator
289,66658.234375,65945.33192355052,65199.518114731836,-2979.2794074025455,calibrated_simulator
290,66112.953125,65398.99699130366,65230.74137246805,507.09628822255786,calibrated_simulator
291,65425.73828125,65280.20138293574,65155.34876826002,-4027.27787436521,calibrated_simulator
292,66060.1484375,64813.61401622843,64968.29995633283,-710.146981773557,calibrated_simulator
293,65782.8984375,65697.1406053584,65281.19437552108,-5022.37506507798,calibrated_simulator
294,64293.828125,65133.93114874894,64790.381120513186,-5083.231018821132,calibrated_simulator
295,63422.0390625,63591.8340577026,63725.120955643266,-3204.568058809774,calibrated_simulator
296,62554.40625,62675.86776495813,63018.69217214531,-2505.884715424304,calibrated_simulator
297,62425.10546875,62243.85801248342,62724.54065998386,-4910.991781754547,calibrated_simulator
298,62697.76171875,62094.69052433142,62541.40606713365,-2425.2036573108003,calibrated_simulator
299,62434.265625,62499.294950720054,62584.523725756764,-4760.546436789144,calibrated_simulator
300,66658.234375,65945.33192355052,64625.352494278406,1090.3128051505269,calibrated_simulator
301,66112.953125,65398.99699130366,64378.60747749279,616.8482563211193,calibrated_simulator
302,65425.73828125,65280.20138293574,64488.37642658827,-3596.565714253774,calibrated_simulator
303,66060.1484375,64813.61401622843,64467.43663243542,17.73671661799608,calibrated_simulator
304,65782.8984375,65697.1406053584,64871.2270218688,-4778.72544219021,calibrated_simulator
305,64293.828125,65133.93114874894,64426.03124888349,-4888.402273860624,calibrated_simulator
306,63422.0390625,63591.8340577026,63385.378749195406,-3019.202947173908,calibrated_simulator
307,62554.40625,62675.86776495813,62699.22277035499,-2343.854306607114,calibrated_simulator
308,62425.10546875,62243.85801248342,62422.07613717204,-4758.51685514744,calibrated_simulator
309,62697.76171875,62094.69052433142,62256.99142015892,-2276.1975728064813,calibrated_simulator
310,62434.265625,62499.294950720054,62317.35103621531,-4638.380549923952,calibrated_simulator
311,62015.9140625,62179.84876439471,61979.152890160025,-4375.503814957004,calibrated_simulator
312,66112.953125,65398.99699130366,63705.675807918735,-3158.454092937901,calibrated_simulator
313,65425.73828125,65280.20138293574,63649.187537415964,-5057.587322484071,calibrated_simulator
314,66060.1484375,64813.61401622843,63885.78213589011,653.6514229122563,calibrated_simulator
315,65782.8984375,65697.1406053584,64436.116607855765,-4446.997513673784,calibrated_simulator
316,64293.828125,65133.93114874894,64058.892882115855,-4556.639066114136,calibrated_simulator
317,63422.0390625,63591.8340577026,63052.73341799113,-2735.5862726396626,calibrated_simulator
318,62554.40625,62675.86776495813,62391.58991890613,-2127.585606785882,calibrated_simulator
319,62425.10546875,62243.85801248342,62133.35626866986,-4603.500613203076,calibrated_simulator
320,62697.76171875,62094.69052433142,61988.91144332967,-2114.480093246173,calibrated_simulator
321,62434.265625,62499.294950720054,62067.41676431946,-4530.099456290145,calibrated_simulator
322,62015.9140625,62179.84876439471,61742.811644682115,-4255.687275451273,calibrated_simulator
323,61817.25390625,61699.513896667704,61332.23758334963,-3138.717422727056,calibrated_simulator
324,65425.73828125,65280.20138293574,62972.753246041975,1911.9542628669424,calibrated_simulator
325,66060.1484375,64813.61401622843,63308.81913786272,657.7152777190863,calibrated_simulator
326,65782.8984375,65697.1406053584,64076.97395767286,-3935.4270444397807,calibrated_simulator
327,64293.828125,65133.93114874894,63810.893224933854,-3749.1811549354393,calibrated_simulator
328,63422.0390625,63591.8340577026,62856.972383395434,-2030.3617057886922,calibrated_simulator
329,62554.40625,62675.86776495813,62226.22557008781,-1584.332827795201,calibrated_simulator
330,62425.10546875,62243.85801248342,61987.38234679772,-4274.05536819391,calibrated_simulator
331,62697.76171875,62094.69052433142,61864.8114488325,-1777.9231248843748,calibrated_simulator
332,62434.265625,62499.294950720054,61959.03558670727,-4311.568667436179,calibrated_simulator
333,62015.9140625,62179.84876439471,61643.36249336636,-4048.817517347592,calibrated_simulator
334,61817.25390625,61699.513896667704,61238.837968292595,-2925.7668146091646,calibrated_simulator
335,61440.01953125,61610.466160522745,61133.59402082242,-4615.336775277151,calibrated_simulator
336,66060.1484375,64813.61401622843,63011.93038399371,-2799.790970002078,calibrated_simulator
337,65782.8984375,65697.1406053584,63671.28404926847,-4890.448936078794,calibrated_simulator
338,64293.828125,65133.93114874894,63524.711777029734,-2941.3765397885863,calibrated_simulator
339,63422.0390625,63591.8340577026,62656.066454936605,-1163.2297729853149,calibrated_simulator
340,62554.40625,62675.86776495813,62070.2335182933,-945.9984808394274,calibrated_simulator
341,62425.10546875,62243.85801248342,61854.188628285265,-3964.5364330737857,calibrated_simulator
342,62697.76171875,62094.69052433142,61755.73541709278,-1446.9466864521519,calibrated_simulator
343,62434.265625,62499.294950720054,61864.79948557567,-4159.341218506866,calibrated_simulator
344,62015.9140625,62179.84876439471,61557.93079466862,-3924.325815450554,calibrated_simulator
345,61817.25390625,61699.513896667704,61159.510529356296,-2797.7649129791143,calibrated_simulator
346,61440.01953125,61610.466160522745,61057.8172431686,-4522.934430521624,calibrated_simulator
347,61688.640625,61354.22877915489,60876.35482141911,-4559.520971188372,calibrated_simulator
348,65782.8984375,65697.1406053584,63032.34205041765,-967.4732798609122,calibrated_simulator
349,64293.828125,65133.93114874894,62914.756342264074,-2426.485965557168,calibrated_simulator
350,63422.0390625,63591.8340577026,62275.35228095536,-118.07943327886778,calibrated_simulator
351,62554.40625,62675.86776495813,61830.106605550216,37.66034183797956,calibrated_simulator
352,62425.10546875,62243.85801248342,61687.506260149145,-3485.7267358061827,calibrated_simulator
353,62697.76171875,62094.69052433142,61649.31523340172,-866.8326593918232,calibrated_simulator
354,62434.265625,62499.294950720054,61792.09262502137,-3862.584055855102,calibrated_simulator
355,62015.9140625,62179.84876439471,61503.91516577183,-3689.5138860667244,calibrated_simulator
356,61817.25390625,61699.513896667704,61117.830965659465,-2564.050224077693,calibrated_simulator
357,61440.01953125,61610.466160522745,61025.02673836643,-4355.0796677909975,calibrated_simulator
358,61688.640625,61354.22877915489,60850.759808757335,-4409.106687890937,calibrated_simulator
359,59261.23828125,61417.11434349414,61389.813945709284,614.4481667291066,calibrated_simulator
360,64293.828125,65133.93114874894,61968.99375688213,-103.04312897285718,calibrated_simulator
361,63422.0390625,63591.8340577026,61591.2951252094,-1023.4861828874828,calibrated_simulator
362,62554.40625,62675.86776495813,61414.96635375708,328.0096793588773,calibrated_simulator
363,62425.10546875,62243.85801248342,61417.88307125875,-3403.353589715983,calibrated_simulator
364,62697.76171875,62094.69052433142,61483.510407207665,-478.5141126303665,calibrated_simulator
365,62434.265625,62499.294950720054,61677.577447193355,-3779.6703191482106,calibrated_simulator
366,62015.9140625,62179.84876439471,61417.163892385994,-3641.186811916157,calibrated_simulator
367,61817.25390625,61699.513896667704,61048.80545613469,-2503.6407122444907,calibrated_simulator
368,61440.01953125,61610.466160522745,60967.247875196554,-4343.528250895646,calibrated_simulator
369,61688.640625,61354.22877915489,60802.08868298723,-4407.393505991331,calibrated_simulator
370,59261.23828125,61417.11434349414,61351.24088534219,766.6197143331456,calibrated_simulator
371,59858.015625,59041.75769864014,59788.06550510927,-9208.77773614015,calibrated_simulator
372,63422.0390625,63591.8340577026,60904.47701671001,421.1511243810164,calibrated_simulator
373,62554.40625,62675.86776495813,60867.79392502163,-698.2775913118121,calibrated_simulator
374,62425.10546875,62243.85801248342,61100.72966392924,-3812.213246530384,calibrated_simulator
375,62697.76171875,62094.69052433142,61338.51037548487,4.682078661335254,calibrated_simulator
376,62434.265625,62499.294950720054,61605.90021357114,-3697.8064992878285,calibrated_simulator
377,62015.9140625,62179.84876439471,61380.34864279717,-3620.2219477619615,calibrated_simulator
378,61817.25390625,61699.513896667704,61031.43521023727,-2487.589118366608,calibrated_simulator
379,61440.01953125,61610.466160522745,60959.07651622921,-4407.7158134316205,calibrated_simulator
380,61688.640625,61354.22877915489,60801.23327557339,-4476.688893460543,calibrated_simulator
381,59261.23828125,61417.11434349414,61355.88794079377,813.6526253084185,calibrated_simulator
382,59858.015625,59041.75769864014,59786.35798625561,-9323.631657619158,calibrated_simulator
383,60311.77734375,59664.496061766855,59966.21056810629,-8748.06913772433,calibrated_simulator
384,62554.40625,62675.86776495813,59959.390247945776,-4382.406217443169,calibrated_simulator
385,62425.10546875,62243.85801248342,60359.435118235364,-5948.924441160587,calibrated_simulator
386,62697.76171875,62094.69052433142,60938.222024079914,759.5193903329891,calibrated_simulator
387,62434.265625,62499.294950720054,61372.24799407056,-3353.932556557388,calibrated_simulator
388,62015.9140625,62179.84876439471,61230.127326350696,-3359.261992907554,calibrated_simulator
389,61817.25390625,61699.513896667704,60928.10982034804,-2276.7460611201427,calibrated_simulator
390,61440.01953125,61610.466160522745,60880.095374522134,-4354.422304882736,calibrated_simulator
391,61688.640625,61354.22877915489,60740.72074578991,-4448.883175255219,calibrated_simulator
392,59261.23828125,61417.11434349414,61308.225634398594,928.1058005592204,calibrated_simulator
393,59858.015625,59041.75769864014,59737.257800448984,-9374.44551083144,calibrated_simulator
394,60311.77734375,59664.496061766855,59924.868900339534,-8797.231149371033,calibrated_simulator
395,60491.26953125,60247.99008852974,60326.69030631916,-7453.02841791776,calibrated_simulator
396,62425.10546875,62243.85801248342,59774.79511949114,2820.074561252963,calibrated_simulator
397,62697.76171875,62094.69052433142,60448.876850648565,1778.186861431911,calibrated_simulator
398,62434.265625,62499.294950720054,61136.50081902763,-2776.5073235654177,calibrated_simulator
399,62015.9140625,62179.84876439471,61139.992044457984,-2775.0516668286054,calibrated_simulator
400,61817.25390625,61699.513896667704,60914.386605818145,-1809.8593598616847,calibrated_simulator
401,61440.01953125,61610.466160522745,60899.79346149476,-4176.401653747362,calibrated_simulator
402,61688.640625,61354.22877915489,60783.33203724504,-4341.032126550376,calibrated_simulator
403,59261.23828125,61417.11434349414,61366.590921703355,1070.0825086923114,calibrated_simulator
404,59858.015625,59041.75769864014,59793.317228218766,-9390.782224186962,calibrated_simulator
405,60311.77734375,59664.496061766855,59987.121263273046,-8823.933176982682,calibrated_simulator
406,60491.26953125,60247.99008852974,60396.58792568775,-7458.677536736868,calibrated_simulator
407,60594.21484375,60498.58377703901,60529.94455471594,-6546.616646583506,calibrated_simulator
408,62697.76171875,62094.69052433142,59502.22552526718,-2131.4674399812025,calibrated_simulator
409,62434.265625,62499.294950720054,60342.771767973885,-3903.5514325209892,calibrated_simulator
410,62015.9140625,62179.84876439471,60625.16962293634,-2355.5992820390265,calibrated_simulator
411,61817.25390625,61699.513896667704,60568.37443538049,-1285.7452348420861,calibrated_simulator
412,61440.01953125,61610.466160522745,60632.08438819961,-3990.223314257187,calibrated_simulator
413,61688.640625,61354.22877915489,60567.37254597784,-4231.750941909062,calibrated_simulator
414,59261.23828125,61417.11434349414,61170.93775828262,1227.1153180970678,calibrated_simulator
415,59858.015625,59041.75769864014,59609.09867230958,-9430.332030184894,calibrated_simulator
416,60311.77734375,59664.496061766855,59820.72781213417,-8844.187372414362,calibrated_simulator
417,60491.26953125,60247.99008852974,60246.4185001905,-7444.165611179509,calibrated_simulator
418,60594.21484375,60498.58377703901,60392.26317528613,-6516.445035417442,calibrated_simulator
419,60764.09765625,60592.04900242101,60461.944851800945,-5048.726813189341,calibrated_simulator
420,62434.265625,62499.294950720054,59464.003047322476,-1043.826402651108,calibrated_simulator
421,62015.9140625,62179.84876439471,59977.83025078541,-2475.245128075352,calibrated_simulator
422,61817.25390625,61699.513896667704,60240.322058132515,-329.21623258844556,calibrated_simulator
423,61440.01953125,61610.466160522745,60462.40387883634,-3448.9332899122046,calibrated_simulator
424,61688.640625,61354.22877915489,60492.74724238081,-3791.703408319058,calibrated_simulator
425,59261.23828125,61417.11434349414,61141.06860685628,1534.4657298012671,calibrated_simulator
426,59858.015625,59041.75769864014,59601.4205976411,-9316.826337753482,calibrated_simulator
427,60311.77734375,59664.496061766855,59835.283705085,-8730.974190285744,calibrated_simulator
428,60491.26953125,60247.99008852974,60279.91154373085,-7341.219188536514,calibrated_simulator
429,60594.21484375,60498.58377703901,60437.63947675624,-6417.238186722251,calibrated_simulator
430,60764.09765625,60592.04900242101,60514.84602338951,-4947.487682889341,calibrated_simulator
431,60947.734375,60545.098153461,60488.047009645656,-3880.1000424163394,calibrated_simulator
432,62015.9140625,62179.84876439471,59105.56737973532,670.154308216735,calibrated_simulator
433,61817.25390625,61699.513896667704,59623.81969927072,-503.59247569011495,calibrated_simulator
434,61440.01953125,61610.466160522745,60119.64190055063,-3129.9752251764717,calibrated_simulator
435,61688.640625,61354.22877915489,60326.46113413577,-3298.422803783888,calibrated_simulator
436,59261.23828125,61417.11434349414,61040.29748106455,1894.1949511021294,calibrated_simulator
437,59858.015625,59041.75769864014,59545.85677468435,-9230.487478144732,calibrated_simulator
438,60311.77734375,59664.496061766855,59813.02857345517,-8631.51637361142,calibrated_simulator
439,60491.26953125,60247.99008852974,60282.62027983639,-7266.409349880039,calibrated_simulator
440,60594.21484375,60498.58377703901,60456.29975195624,-6351.045751416723,calibrated_simulator
441,60764.09765625,60592.04900242101,60543.88295191697,-4878.409227822917,calibrated_simulator
442,60947.734375,60545.098153461,60523.72298705223,-3806.684315608174,calibrated_simulator
443,60957.96875,60874.84557134911,60803.9090407189,-3921.2495533283245,calibrated_simulator
444,61817.25390625,61699.513896667704,58751.639628741155,-2461.8198387916605,calibrated_simulator
445,61440.01953125,61610.466160522745,59430.44985482366,-4213.406727115443,calibrated_simulator
446,61688.640625,61354.22877915489,59959.97553873431,-2764.361859440091,calibrated_simulator
447,59261.23828125,61417.11434349414,60796.27210041993,2406.540476816528,calibrated_simulator
448,59858.015625,59041.75769864014,59401.0033043448,-9011.900891942634,calibrated_simulator
449,60311.77734375,59664.496061766855,59727.58793813739,-8394.433066573716,calibrated_simulator
450,60491.26953125,60247.99008852974,60236.666181586486,-7118.471516787964,calibrated_simulator
451,60594.21484375,60498.58377703901,60435.505938550574,-6241.716755253541,calibrated_simulator
452,60764.09765625,60592.04900242101,60539.61571897446,-4782.973022484075,calibrated_simulator
453,60947.734375,60545.098153461,60530.58482266199,-3714.493557244771,calibrated_simulator
454,60957.96875,60874.84557134911,60817.82790037932,-3861.2270502761335,calibrated_simulator
455,60921.21484375,60755.87549501647,60805.840473655255,-3939.5964247185543,calibrated_simulator
456,61440.01953125,61610.466160522745,58583.89956989739,-1771.6617065913713,calibrated_simulator
457,61688.640625,61354.22877915489,59342.850365086684,-2856.055338507357,calibrated_simulator
458,59261.23828125,61417.11434349414,60397.212242845504,2924.608015137425,calibrated_simulator
459,59858.015625,59041.75769864014,59226.08565602197,-8331.753744559035,calibrated_simulator
460,60311.77734375,59664.496061766855,59665.051512974365,-7694.035419350951,calibrated_simulator
461,60491.26953125,60247.99008852974,60240.847936871294,-6709.647924816746,calibrated_simulator
462,60594.21484375,60498.58377703901,60479.63623622084,-5961.0247257112915,calibrated_simulator
463,60764.09765625,60592.04900242101,60607.946944401054,-4573.827535800569,calibrated_simulator
464,60947.734375,60545.098153461,60613.747469696216,-3540.9891506761924,calibrated_simulator
465,60957.96875,60874.84557134911,60908.98644238774,-3743.827857296561,calibrated_simulator
466,60921.21484375,60755.87549501647,60900.223366841325,-3838.5207254588418,calibrated_simulator
467,61023.0234375,60670.47401719051,60873.573298019255,-2575.605400449519,calibrated_simulator
468,61688.640625,61354.22877915489,58551.4762524956,4535.4986483621915,calibrated_simulator
469,59261.23828125,61417.11434349414,59534.656486207605,2474.2688706916056,calibrated_simulator
470,59858.015625,59041.75769864014,58776.22463298976,-7484.517399862552,calibrated_simulator
471,60311.77734375,59664.496061766855,59425.68342032784,-6700.0948269724995,calibrated_simulator
472,60491.26953125,60247.99008852974,60118.034752215455,-6217.9065359680535,calibrated_simulator
473,60594.21484375,60498.58377703901,60424.08130239343,-5683.560742291118,calibrated_simulator
474,60764.09765625,60592.04900242101,60592.638103808065,-4400.59889081242,calibrated_simulator
475,60947.734375,60545.098153461,60624.20458292814,-3420.474965791764,calibrated_simulator
476,60957.96875,60874.84557134911,60934.36639718401,-3684.7850677649694,calibrated_simulator
477,60921.21484375,60755.87549501647,60934.528101020245,-3791.4497998161546,calibrated_simulator
478,61023.0234375,60670.47401719051,60914.225995873385,-2527.9766331133064,calibrated_simulator
479,61615.0078125,61009.03165086347,61282.95505013018,-3104.8567405995013,calibrated_simulator
480,59261.23828125,61417.11434349414,58572.18799928899,-4791.703970331535,calibrated_simulator
481,59858.015625,59041.75769864014,58119.17069900284,-5644.5328818603975,calibrated_simulator
482,60311.77734375,59664.496061766855,59062.95568491018,-5018.374437413708,calibrated_simulator
483,60491.26953125,60247.99008852974,59963.96676832366,-5445.129459561089,calibrated_simulator
484,60594.21484375,60498.58377703901,60393.35184966281,-5202.018064564855,calibrated_simulator
485,60764.09765625,60592.04900242101,60632.32486906854,-4091.6853146779663,calibrated_simulator
486,60947.734375,60545.098153461,60707.39907119049,-3214.654106824276,calibrated_simulator
487,60957.96875,60874.84557134911,61038.7152809053,-3566.620020975515,calibrated_simulator
488,60921.21484375,60755.87549501647,61051.947871399716,-3703.302347693609,calibrated_simulator
489,61023.0234375,60670.47401719051,61041.28671807934,-2456.4679416342174,calibrated_simulator
490,61615.0078125,61009.03165086347,61415.15480153739,-3053.8930149562693,calibrated_simulator
491,61775.26171875,61840.33631684947,62118.86595444674,-4857.703265108075,calibrated_simulator
492,59858.015625,59041.75769864014,57228.750113168084,-2308.9718233018557,calibrated_simulator
493,60311.77734375,59664.496061766855,58209.21916029257,-3886.9309824589527,calibrated_simulator
494,60491.26953125,60247.99008852974,59385.3141258232,-4338.724537851082,calibrated_simulator
495,60594.21484375,60498.58377703901,59994.66616741209,-4671.706153191659,calibrated_simulator
496,60764.09765625,60592.04900242101,60335.35331454929,-3873.124048737246,calibrated_simulator
497,60947.734375,60545.098153461,60472.60610939829,-3157.1062248044714,calibrated_simulator
498,60957.96875,60874.84557134911,60846.489374758974,-3621.6125926794666,calibrated_simulator
499,60921.21484375,60755.87549501647,60888.75315873561,-3763.949419586658,calibrated_simulator
500,61023.0234375,60670.47401719051,60901.699069006674,-2500.603975215831,calibrated_simulator
501,61615.0078125,61009.03165086347,61297.390370315334,-3101.7807024250733,calibrated_simulator
502,61775.26171875,61840.33631684947,62022.23322273592,-4914.181319306809,calibrated_simulator
503,63399.2421875,62159.71318086711,62101.05124241133,-2664.915259667479,calibrated_simulator
504,60311.77734375,59664.496061766855,57343.176843067326,-2567.1143891211905,calibrated_simulator
505,60491.26953125,60247.99008852974,58531.15043846935,-4206.152749018287,calibrated_simulator
506,60594.21484375,60498.58377703901,59450.94684498112,-3680.7797373017634,calibrated_simulator
507,60764.09765625,60592.04900242101,59993.15513969282,-3253.2887727792513,calibrated_simulator
508,60947.734375,60545.098153461,60245.44469370776,-2880.6836271472393,calibrated_simulator
509,60957.96875,60874.84557134911,60686.3802320943,-3582.0698672612425,calibrated_simulator
510,60921.21484375,60755.87549501647,60770.28289914779,-3785.896905498715,calibrated_simulator
511,61023.0234375,60670.47401719051,60813.450010778484,-2537.337812671275,calibrated_simulator
512,61615.0078125,61009.03165086347,61233.948180952786,-3159.107942099137,calibrated_simulator
513,61775.26171875,61840.33631684947,61979.94149431491,-4976.846377344085,calibrated_simulator
514,63399.2421875,62159.71318086711,62069.42354503442,-2681.16084927323,calibrated_simulator
515,65137.203125,63810.58696746887,62950.989408257505,6922.716236018536,calibrated_simulator
516,60491.26953125,60247.99008852974,57627.3234653335,-2145.994731213017,calibrated_simulator
517,60594.21484375,60498.58377703901,58631.963045681914,-3550.5736297636718,calibrated_simulator
518,60764.09765625,60592.04900242101,59513.03936563662,-2105.417196246602,calibrated_simulator
519,60947.734375,60545.098153461,59977.0773008703,-2108.8298661667495,calibrated_simulator
520,60957.96875,60874.84557134911,60526.143530588284,-3257.165284884619,calibrated_simulator
521,60921.21484375,60755.87549501647,60672.76888322268,-3622.590959587448,calibrated_simulator
522,61023.0234375,60670.47401719051,60757.418593371505,-2450.7215123891306,calibrated_simulator
523,61615.0078125,61009.03165086347,61207.7639419591,-3138.334434746228,calibrated_simulator
524,61775.26171875,61840.33631684947,61973.664709378594,-4981.196197212534,calibrated_simulator
525,63399.2421875,62159.71318086711,62079.031571841915,-2665.866614858138,calibrated_simulator
526,65137.203125,63810.58696746887,62978.7134955257,7030.2350487105705,calibrated_simulator
527,63020.65625,65288.53936411835,64242.987118236466,-9653.411177166525,calibrated_simulator
528,60594.21484375,60498.58377703901,57616.46946477661,-611.518405607157,calibrated_simulator
529,60764.09765625,60592.04900242101,58686.83040297185,-2106.6420645220414,calibrated_simulator
530,60947.734375,60545.098153461,59506.29084861134,-1107.0096211211826,calibrated_simulator
531,60957.96875,60874.84557134911,60247.75823090295,-2748.9398323262835,calibrated_simulator
532,60921.21484375,60755.87549501647,60499.07996461752,-3358.2656966120076,calibrated_simulator
533,61023.0234375,60670.47401719051,60646.62226311738,-2325.1236576546357,calibrated_simulator
534,61615.0078125,61009.03165086347,61138.978763312414,-3127.2912165822754,calibrated_simulator
535,61775.26171875,61840.33631684947,61931.96536687417,-5012.94367248397,calibrated_simulator
536,63399.2421875,62159.71318086711,62058.43426437155,-2670.963540832527,calibrated_simulator
537,65137.203125,63810.58696746887,62979.452959952025,7132.219785225285,calibrated_simulator
538,63020.65625,65288.53936411835,64257.30892615635,-9786.580171121812,calibrated_simulator
539,63123.60546875,63312.16704381768,62509.30760696275,-4738.649242938924,calibrated_simulator
540,60764.09765625,60592.04900242101,57745.06218166139,159.66471838220923,calibrated_simulator
541,60947.734375,60545.098153461,58762.77623124032,-1209.9065289606838,calibrated_simulator
542,60957.96875,60874.84557134911,59822.2099851182,-2054.451407429403,calibrated_simulator
543,60921.21484375,60755.87549501647,60261.30403676706,-2801.1509133502295,calibrated_simulator
544,61023.0234375,60670.47401719051,60512.33338964397,-2009.8586714630746,calibrated_simulator
545,61615.0078125,61009.03165086347,61066.148388909314,-3036.598140594922,calibrated_simulator
546,61775.26171875,61840.33631684947,61894.58519912234,-5028.187070981981,calibrated_simulator
547,63399.2421875,62159.71318086711,62049.128288889595,-2665.0082165864383,calibrated_simulator
548,65137.203125,63810.58696746887,62997.76391822408,7263.723367296675,calibrated_simulator
549,63020.65625,65288.53936411835,64289.60120034488,-9956.750253820614,calibrated_simulator
550,63123.60546875,63312.16704381768,62536.5386101451,-4777.346472858668,calibrated_simulator
551,66008.4375,63579.57229827663,62257.31740794192,3992.9415746151003,calibrated_simulator
552,60947.734375,60545.098153461,57771.873613937016,-963.6210077032935,calibrated_simulator
553,60957.96875,60874.84557134911,59052.93966308645,-2634.516059993838,calibrated_simulator
554,60921.21484375,60755.87549501647,59826.69308137129,-2002.2417191731918,calibrated_simulator
555,61023.0234375,60670.47401719051,60272.909631425544,-1368.1286679433615,calibrated_simulator
556,61615.0078125,61009.03165086347,60932.512984970184,-2778.3544592965563,calibrated_simulator
557,61775.26171875,61840.33631684947,61816.07031066186,-4988.5847990228785,calibrated_simulator
558,63399.2421875,62159.71318086711,62012.55876471975,-2609.7509370447747,calibrated_simulator
559,65137.203125,63810.58696746887,62998.348230447235,7465.212382311069,calibrated_simulator
560,63020.65625,65288.53936411835,64308.44888998556,-10166.40612318877,calibrated_simulator
561,63123.60546875,63312.16704381768,62550.50317989175,-4828.15794897992,calibrated_simulator
562,66008.4375,63579.57229827663,62274.68671393331,4024.7499341861744,calibrated_simulator
563,65722.2109375,66508.73106794109,64284.86634246214,-6188.8038512835965,calibrated_simulator
564,60957.96875,60874.84557134911,58065.30034484939,-486.67151645745025,calibrated_simulator
565,60921.21484375,60755.87549501647,59099.81987053834,-2035.1960923056386,calibrated_simulator
566,61023.0234375,60670.47401719051,59898.61798608401,-288.4492748393068,calibrated_simulator
567,61615.0078125,61009.03165086347,60756.89073294021,-2126.9437015017743,calibrated_simulator
568,61775.26171875,61840.33631684947,61734.7283511619,-4738.5855598756825,calibrated_simulator
569,63399.2421875,62159.71318086711,62000.73376030388,-2366.030311647497,calibrated_simulator
570,65137.203125,63810.58696746887,63043.97351695719,7869.975812297775,calibrated_simulator
571,63020.65625,65288.53936411835,64367.65873286412,-10324.974248733357,calibrated_simulator
572,63123.60546875,63312.16704381768,62602.90073122664,-4833.613695309603,calibrated_simulator
573,66008.4375,63579.57229827663,62335.69418177126,4100.516249811228,calibrated_simulator
574,65722.2109375,66508.73106794109,64355.76280688974,-6257.532646657749,calibrated_simulator
575,65823.25,66354.58421562261,64208.534772623876,-7344.071773936373,calibrated_simulator
576,60921.21484375,60755.87549501647,58005.5651980734,1099.7837160143154,calibrated_simulator
577,61023.0234375,60670.47401719051,59146.856357698474,-323.63901868014864,calibrated_simulator
578,61615.0078125,61009.03165086347,60365.73347055888,-1484.4213787278659,calibrated_simulator
579,61775.26171875,61840.33631684947,61519.93580961196,-4417.575165909882,calibrated_simulator
580,63399.2421875,62159.71318086711,61905.88604763978,-2032.2933641246764,calibrated_simulator
581,65137.203125,63810.58696746887,63032.90476105646,8335.884130389095,calibrated_simulator
582,63020.65625,65288.53936411835,64382.65064856721,-10601.037444514513,calibrated_simulator
583,63123.60546875,63312.16704381768,62612.66635620003,-4880.327613038368,calibrated_simulator
584,66008.4375,63579.57229827663,62357.56142920145,4155.796916342519,calibrated_simulator
585,65722.2109375,66508.73106794109,64393.17232854651,-6379.923579333756,calibrated_simulator
586,65823.25,66354.58421562261,64246.77270443636,-7418.51552048415,calibrated_simulator
587,67192.03125,66242.45907431343,63832.02488878906,1719.1378908714591,calibrated_simulator
588,61023.0234375,60670.47401719051,58032.57535156441,-295.7406863626916,calibrated_simulator
589,61615.0078125,61009.03165086347,59660.94406964985,-2119.2549530888086,calibrated_simulator
590,61775.26171875,61840.33631684947,61133.48891304638,-4104.2432930759915,calibrated_simulator
591,63399.2421875,62159.71318086711,61745.153129910956,-1366.7050687019623,calibrated_simulator
592,65137.203125,63810.58696746887,63008.727297012476,9131.210359285093,calibrated_simulator
593,63020.65625,65288.53936411835,64395.39922943599,-10892.872914534059,calibrated_simulator
594,63123.60546875,63312.16704381768,62621.50918359083,-4906.76422828307,calibrated_simulator
595,66008.4375,63579.57229827663,62384.60609471466,4269.731136571385,calibrated_simulator
596,65722.2109375,66508.73106794109,64439.335297155936,-6514.85541361506,calibrated_simulator
597,65823.25,66354.58421562261,64294.03200444616,-7507.515820613607,calibrated_simulator
598,67192.03125,66242.45907431343,63878.05407804207,1725.0785631196518,calibrated_simulator
599,67825.71875,67800.62468355994,64947.845336384715,-3066.228334670191,calibrated_simulator
600,61615.0078125,61009.03165086347,58697.63951952221,-2321.5218734431314,calibrated_simulator
601,61775.26171875,61840.33631684947,60534.896503233824,-4791.903796033803,calibrated_simulator
602,63399.2421875,62159.71318086711,61559.28251083977,-196.88362671355844,calibrated_simulator
603,65137.203125,63810.58696746887,63053.28106183339,10530.116426365497,calibrated_simulator
604,63020.65625,65288.53936411835,64481.485223433585,-11047.782293287823,calibrated_simulator
605,63123.60546875,63312.16704381768,62702.63063084107,-4823.749956821027,calibrated_simulator
606,66008.4375,63579.57229827663,62491.99402458886,4541.783538273272,calibrated_simulator
607,65722.2109375,66508.73106794109,64564.806053454486,-6615.601459653023,calibrated_simulator
608,65823.25,66354.58421562261,64415.208442080715,-7592.91845809177,calibrated_simulator
609,67192.03125,66242.45907431343,63995.950584095306,1752.3182130068062,calibrated_simulator
610,67825.71875,67800.62468355994,65064.34527298219,-3096.8567227503654,calibrated_simulator
611,68035.5625,68450.66801127329,65460.57249123054,-4281.024207285234,calibrated_simulator
612,61775.26171875,61840.33631684947,59604.34536836887,1676.6510280830676,calibrated_simulator
613,63399.2421875,62159.71318086711,61190.512663840746,575.9314118229722,calibrated_simulator
614,65137.203125,63810.58696746887,63093.99846314882,12171.40027954886,calibrated_simulator
615,63020.65625,65288.53936411835,64583.1535093204,-11083.984171736243,calibrated_simulator
616,63123.60546875,63312.16704381768,62813.58703174392,-4597.409243386697,calibrated_simulator
617,66008.4375,63579.57229827663,62652.045185274714,4977.695469331229,calibrated_simulator
618,65722.2109375,66508.73106794109,64747.34618978741,-6712.4371223344815,calibrated_simulator
619,65823.25,66354.58421562261,64590.384182618065,-7686.755163877252,calibrated_simulator
620,67192.03125,66242.45907431343,64169.07169568429,1786.4136141230515,calibrated_simulator
621,67825.71875,67800.62468355994,65235.32170321115,-3144.4109590545127,calibrated_simulator
622,68035.5625,68450.66801127329,65624.73267846619,-4328.147177411801,calibrated_simulator
623,67857.5390625,68368.69748474818,65367.48843333777,-3224.3466623201666,calibrated_simulator
624,63399.2421875,62159.71318086711,60327.413503321746,13877.883262629482,calibrated_simulator
625,65137.203125,63810.58696746887,62875.58625595193,12492.837139213712,calibrated_simulator
626,63020.65625,65288.53936411835,64472.861267269705,-11449.597138165424,calibrated_simulator
627,63123.60546875,63312.16704381768,62733.020520574384,-4343.483536229349,calibrated_simulator
628,66008.4375,63579.57229827663,62648.93915772336,5438.319305015244,calibrated_simulator
629,65722.2109375,66508.73106794109,64791.77152770002,-7000.953833160218,calibrated_simulator
630,65823.25,66354.58421562261,64638.02056379545,-7891.362808732976,calibrated_simulator
631,67192.03125,66242.45907431343,64214.65026384385,1750.0984111110079,calibrated_simulator
632,67825.71875,67800.62468355994,65285.68958466258,-3267.9445824392797,calibrated_simulator
633,68035.5625,68450.66801127329,65674.18951307844,-4430.291261953329,calibrated_simulator
634,67857.5390625,68368.69748474818,65411.610527876146,-3299.3290642218935,calibrated_simulator
635,68844.421875,68569.93257387438,65526.52669280781,-3507.7561704807626,calibrated_simulator
636,65137.203125,63810.58696746887,62160.5083165446,-8048.249278265257,calibrated_simulator
637,63020.65625,65288.53936411835,63892.43049035826,-12005.88608233385,calibrated_simulator
638,63123.60546875,63312.16704381768,62339.98900054445,-4229.754519817656,calibrated_simulator
639,66008.4375,63579.57229827663,62475.40406956529,6774.639942464713,calibrated_simulator
640,65722.2109375,66508.73106794109,64715.670405594574,-7145.850508799458,calibrated_simulator
641,65823.25,66354.58421562261,64586.01110304101,-8063.378365571215,calibrated_simulator
642,67192.03125,66242.45907431343,64175.61404608761,1891.2089158665895,calibrated_simulator
643,67825.71875,67800.62468355994,65260.361378819645,-3338.99977118484,calibrated_simulator
644,68035.5625,68450.66801127329,65653.78669530682,-4518.5598236443,calibrated_simulator
645,67857.5390625,68368.69748474818,65389.93262720473,-3364.3510183427247,calibrated_simulator
646,68844.421875,68569.93257387438,65504.15078086583,-3574.518888268643,calibrated_simulator
647,71047.0390625,70299.1501469773,67337.32537511244,-1943.820053403152,calibrated_simulator
648,63020.65625,65288.53936411835,62861.08650067422,-3709.6986788540253,calibrated_simulator
649,63123.60546875,63312.16704381768,62152.946667977376,-3649.4187867261526,calibrated_simulator
650,66008.4375,63579.57229827663,62801.67895814558,10393.87012242926,calibrated_simulator
651,65722.2109375,66508.73106794109,65164.05248003908,-6542.599606661331,calibrated_simulator
652,65823.25,66354.58421562261,65041.689005095184,-7912.796486566488,calibrated_simulator
653,67192.03125,66242.45907431343,64651.31676031081,2553.241549106294,calibrated_simulator
654,67825.71875,67800.62468355994,65729.18904182278,-3106.588274233074,calibrated_simulator
655,68035.5625,68450.66801127329,66102.44783305118,-4442.227418303022,calibrated_simulator
656,67857.5390625,68368.69748474818,65813.48801145793,-3297.9479912003662,calibrated_simulator
657,68844.421875,68569.93257387438,65906.30964367726,-3544.92924295113,calibrated_simulator
658,71047.0390625,70299.1501469773,67734.33824143678,-1868.8684866925528,calibrated_simulator
659,71950.109375,72295.89158806652,69217.41287222512,-5431.098094937075,calibrated_simulator
660,63123.60546875,63312.16704381768,61532.736649493236,11565.274510285846,calibrated_simulator
661,66008.4375,63579.57229827663,63041.050466060246,11803.255281151749,calibrated_simulator
662,65722.2109375,66508.73106794109,65582.41252157322,-7537.111401425457,calibrated_simulator
663,65823.25,66354.58421562261,65445.03523895236,-8329.345313673444,calibrated_simulator
664,67192.03125,66242.45907431343,65043.48559461737,2589.383931388598,calibrated_simulator
665,67825.71875,67800.62468355994,66103.23044124575,-3398.892505113916,calibrated_simulator
666,68035.5625,68450.66801127329,66445.4826016978,-4730.552587552051,calibrated_simulator
667,67857.5390625,68368.69748474818,66122.39275690993,-3532.5906552390315,calibrated_simulator
668,68844.421875,68569.93257387438,66188.46348669942,-3756.889953953057,calibrated_simulator
669,71047.0390625,70299.1501469773,68003.70847481737,-2045.3602121813587,calibrated_simulator
670,71950.109375,72295.89158806652,69474.9054672007,-5592.881454558062,calibrated_simulator
671,72787.5859375,73354.06118040612,70077.41228590283,-4442.974971339855,calibrated_simulator
672,66008.4375,63579.57229827663,62573.10879550022,-4939.293621129797,calibrated_simulator
673,65722.2109375,66508.73106794109,65339.385273316075,-8198.643460118496,calibrated_simulator
674,65823.25,66354.58421562261,65273.337806970296,-8275.49669207991,calibrated_simulator
675,67192.03125,66242.45907431343,64947.77296289461,3184.1585147257647,calibrated_simulator
676,67825.71875,67800.62468355994,66052.50621471788,-3416.3810410829083,calibrated_simulator
677,68035.5625,68450.66801127329,66409.05639456364,-4809.801759275721,calibrated_simulator
678,67857.5390625,68368.69748474818,66086.24174249358,-3597.532925837331,calibrated_simulator
679,68844.421875,68569.93257387438,66153.19261247729,-3823.8166732041027,calibrated_simulator
680,71047.0390625,70299.1501469773,67979.11196599933,-2123.364517181367,calibrated_simulator
681,71950.109375,72295.89158806652,69459.0930214957,-5632.983231258896,calibrated_simulator
682,72787.5859375,73354.06118040612,70061.234782157,-4486.529391652082,calibrated_simulator
683,72137.828125,74171.06116821621,70507.28538530502,1877.441320893001,calibrated_simulator
684,65722.2109375,66508.73106794109,64520.571583991805,-7520.144096552756,calibrated_simulator
685,65823.25,66354.58421562261,64970.79417447905,-8504.729085802644,calibrated_simulator
686,67192.03125,66242.45907431343,64993.00550580911,4905.096774878257,calibrated_simulator
687,67825.71875,67800.62468355994,66226.81908795897,-2872.3369024960907,calibrated_simulator
688,68035.5625,68450.66801127329,66624.38986004345,-4514.198781994214,calibrated_simulator
689,67857.5390625,68368.69748474818,66308.15429404462,-3339.9104861504306,calibrated_simulator
690,68844.421875,68569.93257387438,66374.52932424625,-3699.1015773221143,calibrated_simulator
691,71047.0390625,70299.1501469773,68213.16400912694,-2013.5904688931873,calibrated_simulator
692,71950.109375,72295.89158806652,69701.35723382728,-5572.638218866565,calibrated_simulator
693,72787.5859375,73354.06118040612,70302.47708538298,-4441.963087067465,calibrated_simulator
694,72137.828125,74171.06116821621,70754.90996833502,1961.021157420957,calibrated_simulator
695,72900.734375,73059.62703398186,69725.91381692364,-3718.948203464261,calibrated_simulator
696,65823.25,66354.58421562261,64592.96545382289,6030.0558532195455,calibrated_simulator
697,67192.03125,66242.45907431343,65339.50026525196,6345.9424676042345,calibrated_simulator
698,67825.71875,67800.62468355994,66735.00131133843,-3282.425053673766,calibrated_simulator
699,68035.5625,68450.66801127329,67134.28302127132,-4724.829178798417,calibrated_simulator
700,67857.5390625,68368.69748474818,66780.59493505723,-3407.715978877504,calibrated_simulator
701,68844.421875,68569.93257387438,66813.9431085691,-3859.645837281995,calibrated_simulator
702,71047.0390625,70299.1501469773,68642.70077585593,-2176.2660138650235,calibrated_simulator
703,71950.109375,72295.89158806652,70118.33603124454,-5742.1345784993555,calibrated_simulator
704,72787.5859375,73354.06118040612,70698.11729012933,-4611.661689193934,calibrated_simulator
705,72137.828125,74171.06116821621,71134.3219047024,1843.0223276148217,calibrated_simulator
706,72900.734375,73059.62703398186,70072.26837716298,-3848.1303538071807,calibrated_simulator
707,73137.171875,73314.46365019964,70017.79411872293,-6249.434900119124,calibrated_simulator
708,67192.03125,66242.45907431343,64990.0782251842,-3898.3769181162565,calibrated_simulator
709,67825.71875,67800.62468355994,66805.35802524709,-5484.505623759315,calibrated_simulator
710,68035.5625,68450.66801127329,67286.58978867461,-5236.769865715742,calibrated_simulator
711,67857.5390625,68368.69748474818,66938.59191912049,-3410.4858368240093,calibrated_simulator
712,68844.421875,68569.93257387438,66967.84473948022,-3932.237663134707,calibrated_simulator
713,71047.0390625,70299.1501469773,68809.53616628726,-2268.8998951494277,calibrated_simulator
714,71950.109375,72295.89158806652,70294.00167254341,-5842.822013747032,calibrated_simulator
715,72787.5859375,73354.06118040612,70867.33510756501,-4722.452654180679,calibrated_simulator
716,72137.828125,74171.06116821621,71291.9156819121,1701.0111982000517,calibrated_simulator
717,72900.734375,73059.62703398186,70214.23785382314,-3905.3873259497814,calibrated_simulator
718,73137.171875,73314.46365019964,70150.49767711892,-6301.9348718700085,calibrated_simulator
719,73746.3515625,73404.48424771063,70387.04637296799,-5781.943665076697,calibrated_simulator
720,67825.71875,67800.62468355994,66667.70095005096,-4629.0138720277555,calibrated_simulator
721,68035.5625,68450.66801127329,67473.1789702376,-5359.5186697780555,calibrated_simulator
722,67857.5390625,68368.69748474818,67221.86964788433,-3060.220406911861,calibrated_simulator
723,68844.421875,68569.93257387438,67287.71532581818,-3761.3979918939167,calibrated_simulator
724,71047.0390625,70299.1501469773,69166.40149140437,-2166.5292388310013,calibrated_simulator
725,71950.109375,72295.89158806652,70668.87789036166,-5760.965941656602,calibrated_simulator
726,72787.5859375,73354.06118040612,71236.50770005239,-4707.447403226912,calibrated_simulator
727,72137.828125,74171.06116821621,71656.78115894525,1669.9278848479744,calibrated_simulator
728,72900.734375,73059.62703398186,70550.50248633296,-3934.2179360230157,calibrated_simulator
729,73137.171875,73314.46365019964,70463.27791918704,-6370.860452615139,calibrated_simulator
730,73746.3515625,73404.48424771063,70683.49926814894,-5865.7199091453795,calibrated_simulator
731,75092.796875,74507.46418704717,71934.29445737104,-1916.955549991705,calibrated_simulator
732,68035.5625,68450.66801127329,67208.60498085729,-2911.4244427326353,calibrated_simulator
733,67857.5390625,68368.69748474818,67371.0107330476,-3160.6096794237965,calibrated_simulator
734,68844.421875,68569.93257387438,67576.136523411,-4147.796243270501,calibrated_simulator
735,71047.0390625,70299.1501469773,69536.31993045098,-2335.6339275188784,calibrated_simulator
736,71950.109375,72295.89158806652,71072.79755835651,-5813.087448901763,calibrated_simulator
737,72787.5859375,73354.06118040612,71634.84733804534,-4794.834052175353,calibrated_simulator
738,72137.828125,74171.06116821621,72044.26278722724,1596.1120632115299,calibrated_simulator
739,72900.734375,73059.62703398186,70903.69047644851,-4054.1132542611235,calibrated_simulator
740,73137.171875,73314.46365019964,70790.56203313022,-6524.83390711348,calibrated_simulator
741,73746.3515625,73404.48424771063,70992.95216236201,-6027.573394222893,calibrated_simulator
742,75092.796875,74507.46418704717,72232.56927097727,-2050.2904259009806,calibrated_simulator
743,74531.3125,75224.46645085471,73109.34958884591,-4712.230270566404,calibrated_simulator
744,67857.5390625,68368.69748474818,67020.5673705027,-5462.361093378184,calibrated_simulator
745,68844.421875,68569.93257387438,67714.71169369477,-5768.93899401265,calibrated_simulator
746,71047.0390625,70299.1501469773,69889.59415620998,-3004.627989243726,calibrated_simulator
747,71950.109375,72295.89158806652,71508.7246628345,-5972.269674199316,calibrated_simulator
748,72787.5859375,73354.06118040612,72072.41920127338,-4915.938002744432,calibrated_simulator
749,72137.828125,74171.06116821621,72466.51239496804,1511.4079729432651,calibrated_simulator
750,72900.734375,73059.62703398186,71286.72749882005,-4198.970469425892,calibrated_simulator
751,73137.171875,73314.46365019964,71144.92113857741,-6700.901294087503,calibrated_simulator
752,73746.3515625,73404.48424771063,71327.67695689086,-6218.000885975812,calibrated_simulator
753,75092.796875,74507.46418704717,72554.04087970707,-2220.7387187406966,calibrated_simulator
754,74531.3125,75224.46645085471,73414.80112547807,-4885.11659166766,calibrated_simulator
755,74829.1015625,74616.54955896227,73290.15251229843,-5363.431821345474,calibrated_simulator
756,68844.421875,68569.93257387438,67905.20182475571,-1918.700004710689,calibrated_simulator
757,71047.0390625,70299.1501469773,70476.91636432511,-3977.1874678207273,calibrated_simulator
758,71950.109375,72295.89158806652,72245.39544986843,-6011.561920052733,calibrated_simulator
759,72787.5859375,73354.06118040612,72800.25463082828,-4926.150608059496,calibrated_simulator
760,72137.828125,74171.06116821621,73160.9616987945,1382.8893134668933,calibrated_simulator
761,72900.734375,73059.62703398186,71913.15724409418,-4256.756526951244,calibrated_simulator
762,73137.171875,73314.46365019964,71718.58205882361,-6800.47418577022,calibrated_simulator
763,73746.3515625,73404.48424771063,71864.71822594937,-6387.453065249705,calibrated_simulator
764,75092.796875,74507.46418704717,73064.422305661,-2426.8648285683316,calibrated_simulator
765,74531.3125,75224.46645085471,73896.07146678685,-5086.040142688226,calibrated_simulator
766,74829.1015625,74616.54955896227,73741.52321683613,-5567.951286481793,calibrated_simulator
767,74992.8203125,74912.64043862601,74192.81509616757,-4451.913946953529,calibrated_simulator
768,71047.0390625,70299.1501469773,71042.99352409353,-4583.549221378215,calibrated_simulator
769,71950.109375,72295.89158806652,73015.08917713893,-5907.733260600268,calibrated_simulator
770,72787.5859375,73354.06118040612,73592.65890365552,-4894.878541842801,calibrated_simulator
771,72137.828125,74171.06116821621,73916.42055125287,1281.0924942416368,calibrated_simulator
772,72900.734375,73059.62703398186,72588.4968073213,-4230.13047732604,calibrated_simulator
773,73137.171875,73314.46365019964,72330.62140541566,-6813.826203082639,calibrated_simulator
774,73746.3515625,73404.48424771063,72435.6439203948,-6505.889209529951,calibrated_simulator
775,75092.796875,74507.46418704717,73605.62645100681,-2627.897469169582,calibrated_simulator
776,74531.3125,75224.46645085471,74405.81275315538,-5267.346514373423,calibrated_simulator
777,74829.1015625,74616.54955896227,74220.1152560371,-5751.405891480145,calibrated_simulator
778,74992.8203125,74912.64043862601,74641.62117314349,-4640.431770883987,calibrated_simulator
779,74654.3359375,74737.23554728072,74786.24840848512,-5631.329003508465,calibrated_simulator
780,71950.109375,72295.89158806652,72933.14622809122,-4321.434047954933,calibrated_simulator
781,72787.5859375,73354.06118040612,73788.11816452874,-4607.735848463091,calibrated_simulator
782,72137.828125,74171.06116821621,74174.53126719719,1971.9500133045394,calibrated_simulator
783,72900.734375,73059.62703398186,72829.26839412625,-4084.5785999347877,calibrated_simulator
784,73137.171875,73314.46365019964,72558.30355788299,-6809.869777045291,calibrated_simulator
785,73746.3515625,73404.48424771063,72657.46750409159,-6551.68802953312,calibrated_simulator
786,75092.796875,74507.46418704717,73829.24708701666,-2722.9537158863022,calibrated_simulator
787,74531.3125,75224.46645085471,74627.16698506556,-5362.817500556613,calibrated_simulator
788,74829.1015625,74616.54955896227,74430.80393807327,-5837.119733371601,calibrated_simulator
789,74992.8203125,74912.64043862601,74843.25960655764,-4738.224403724266,calibrated_simulator
790,74654.3359375,74737.23554728072,74978.50888209934,-5726.687199692507,calibrated_simulator
791,73667.4296875,74146.69094388174,74595.27331440889,-6487.942436721498,calibrated_simulator
792,72787.5859375,73354.06118040612,73879.22949918943,4255.1933155707475,calibrated_simulator
793,72137.828125,74171.06116821621,74430.20819702506,3422.90943732318,calibrated_simulator
794,72900.734375,73059.62703398186,73168.65894552166,-4194.528941053882,calibrated_simulator
795,73137.171875,73314.46365019964,72916.87167384759,-7055.930175118094,calibrated_simulator
796,73746.3515625,73404.48424771063,73011.31855077129,-6825.374203902908,calibrated_simulator
797,75092.796875,74507.46418704717,74174.92188862634,-2988.8264929881925,calibrated_simulator
798,74531.3125,75224.46645085471,74957.79608409744,-5581.396113820443,calibrated_simulator
799,74829.1015625,74616.54955896227,74741.88198183448,-6034.549183074818,calibrated_simulator
800,74992.8203125,74912.64043862601,75134.77510292832,-4924.4259615321425,calibrated_simulator
801,74654.3359375,74737.23554728072,75251.83773239171,-5896.458404818841,calibrated_simulator
802,73667.4296875,74146.69094388174,74849.78786962367,-6641.486670027948,calibrated_simulator
803,73914.84375,73467.71036319614,74195.21756565223,-5437.040022595973,calibrated_simulator
804,72137.828125,74171.06116821621,73709.36786314198,-5492.185463488653,calibrated_simulator
805,72900.734375,73059.62703398186,73013.2583027915,-5120.746499847417,calibrated_simulator
806,73137.171875,73314.46365019964,73018.93289671032,-7774.963679246865,calibrated_simulator
807,73746.3515625,73404.48424771063,73193.71235181924,-7409.8959372030085,calibrated_simulator
808,75092.796875,74507.46418704717,74370.8512411312,-3365.972731379661,calibrated_simulator
809,74531.3125,75224.46645085471,75147.52772234533,-5804.0685615709635,calibrated_simulator
810,74829.1015625,74616.54955896227,74923.27174331543,-6204.1968622373715,calibrated_simulator
811,74992.8203125,74912.64043862601,75298.3437483789,-5038.9293827859,calibrated_simulator
812,74654.3359375,74737.23554728072,75400.60911934507,-5976.666348705379,calibrated_simulator
813,73667.4296875,74146.69094388174,74985.56250983612,-6701.600366847823,calibrated_simulator
814,73914.84375,73467.71036319614,74320.72695000052,-5493.153213175744,calibrated_simulator
815,73471.046875,73799.51049188912,74261.90054925416,-5516.142060581628,calibrated_simulator
816,72900.734375,73059.62703398186,72928.69310017567,-6446.661884882733,calibrated_simulator
817,73137.171875,73314.46365019964,73083.55672871777,-6681.098784314232,calibrated_simulator
818,73746.3515625,73404.48424771063,73316.81093112203,-6642.394011814644,calibrated_simulator
819,75092.796875,74507.46418704717,74524.4547047511,-3029.434005767593,calibrated_simulator
820,74531.3125,75224.46645085471,75306.22854415167,-5703.465415356497,calibrated_simulator
821,74829.1015625,74616.54955896227,75061.80251371482,-6152.78499978776,calibrated_simulator
822,74992.8203125,74912.64043862601,75431.43096153549,-5064.535838203054,calibrated_simulator
823,74654.3359375,74737.23554728072,75527.43314282595,-6029.90336817065,calibrated_simulator
824,73667.4296875,74146.69094388174,75100.46488198431,-6760.8601958133595,calibrated_simulator
825,73914.84375,73467.71036319614,74420.61791680155,-5547.163998679455,calibrated_simulator
826,73471.046875,73799.51049188912,74358.05039255832,-5608.5615092020635,calibrated_simulator
827,72753.7109375,73083.57055120954,73683.8182095504,-6139.79030445745,calibrated_simulator
828,73137.171875,73314.46365019964,73338.67203352775,-5856.218357941032,calibrated_simulator
829,73746.3515625,73404.48424771063,73374.45499470597,-5592.343845962003,calibrated_simulator
830,75092.796875,74507.46418704717,74627.13505295572,-2333.4413167752214,calibrated_simulator
831,74531.3125,75224.46645085471,75430.36762982354,-5409.1714855563205,calibrated_simulator
832,74829.1015625,74616.54955896227,75174.47159906648,-5991.230266120768,calibrated_simulator
833,74992.8203125,74912.64043862601,75542.5592898667,-5005.246100955355,calibrated_simulator
834,74654.3359375,74737.23554728072,75634.97865807622,-6016.57665907967,calibrated_simulator
835,73667.4296875,74146.69094388174,75197.8429404914,-6766.07059645237,calibrated_simulator
836,73914.84375,73467.71036319614,74505.08111227608,-5557.499212976828,calibrated_simulator
837,73471.046875,73799.51049188912,74438.99079644073,-5658.074002922994,calibrated_simulator
838,72753.7109375,73083.57055120954,73759.30036130024,-6195.818001059849,calibrated_simulator
839,72275.96875,72506.31504094866,73367.92594022263,-5844.480560754827,calibrated_simulator
840,73746.3515625,73404.48424771063,73785.74888214764,-732.8976246337816,calibrated_simulator
841,75092.796875,74507.46418704717,74792.35837331359,-1707.382570591878,calibrated_simulator
842,74531.3125,75224.46645085471,75596.50931576011,-5130.665428233448,calibrated_simulator
843,74829.1015625,74616.54955896227,75331.5985014688,-5859.241623380395,calibrated_simulator
844,74992.8203125,74912.64043862601,75692.07204107242,-4951.028201905477,calibrated_simulator
845,74654.3359375,74737.23554728072,75775.52753314273,-6001.45719608111,calibrated_simulator
846,73667.4296875,74146.69094388174,75323.50148061925,-6763.723154507139,calibrated_simulator
847,73914.84375,73467.71036319614,74615.85626994068,-5564.276821973795,calibrated_simulator
848,73471.046875,73799.51049188912,74540.827919294,-5684.726850058998,calibrated_simulator
849,72753.7109375,73083.57055120954,73851.44633224024,-6220.090943522089,calibrated_simulator
850,72275.96875,72506.31504094866,73452.50758972087,-5865.68818776841,calibrated_simulator
851,72437.71875,72315.39642405527,73171.3533049382,-5617.204679288323,calibrated_simulator
852,75092.796875,74507.46418704717,75451.46718858021,-4408.937072600511,calibrated_simulator
853,74531.3125,75224.46645085471,75884.78962468149,-5255.260971487221,calibrated_simulator
854,74829.1015625,74616.54955896227,75586.99940823558,-6005.111924954788,calibrated_simulator
855,74992.8203125,74912.64043862601,75928.52787071669,-5081.734427810484,calibrated_simulator
856,74654.3359375,74737.23554728072,75993.33109092026,-6116.960225735615,calibrated_simulator
857,73667.4296875,74146.69094388174,75517.67965760415,-6857.423834844674,calibrated_simulator
858,73914.84375,73467.71036319614,74790.55614996135,-5660.617812000455,calibrated_simulator
859,73471.046875,73799.51049188912,74698.1589635531,-5765.338913075738,calibrated_simulator
860,72753.7109375,73083.57055120954,73992.04122633049,-6276.274274526927,calibrated_simulator
861,72275.96875,72506.31504094866,73577.40822767919,-5899.17474099302,calibrated_simulator
862,72437.71875,72315.39642405527,73283.5044049761,-5635.599595348527,calibrated_simulator
863,71541.8984375,72096.35710493068,72833.95771219657,-6376.743970986365,calibrated_simulator
864,74531.3125,75224.46645085471,75849.45578429858,-6235.529530109405,calibrated_simulator
865,74829.1015625,74616.54955896227,75455.30591332732,-5788.087092121525,calibrated_simulator
866,74992.8203125,74912.64043862601,75841.12080338666,-4785.836216752585,calibrated_simulator
867,74654.3359375,74737.23554728072,75929.35659677983,-5945.168953540255,calibrated_simulator
868,73667.4296875,74146.69094388174,75452.88769396549,-6731.571325043418,calibrated_simulator
869,73914.84375,73467.71036319614,74723.11702219157,-5558.918983843244,calibrated_simulator
870,73471.046875,73799.51049188912,74633.87601042923,-5709.538122373688,calibrated_simulator
871,72753.7109375,73083.57055120954,73927.1443005955,-6227.095110507226,calibrated_simulator
872,72275.96875,72506.31504094866,73513.23806602726,-5847.304286850327,calibrated_simulator
873,72437.71875,72315.39642405527,73220.8640369141,-5576.966984924431,calibrated_simulator
874,71541.8984375,72096.35710493068,72771.30502810962,-6315.625009018244,calibrated_simulator
875,70537.6875,71076.68327791512,71892.65866312946,-6215.61746974909,calibrated_simulator
876,74829.1015625,74616.54955896227,75822.21868714984,-3942.560622345988,calibrated_simulator
877,74992.8203125,74912.64043862601,75966.92922045762,-4345.828590339752,calibrated_simulator
878,74654.3359375,74737.23554728072,76029.6933139081,-5694.263970381716,calibrated_simulator
879,73667.4296875,74146.69094388174,75519.49587929048,-6544.49787149919,calibrated_simulator
880,73914.84375,73467.71036319614,74765.52814274983,-5433.596720413303,calibrated_simulator
881,73471.046875,73799.51049188912,74665.3793054411,-5666.268264884698,calibrated_simulator
882,72753.7109375,73083.57055120954,73948.1584357407,-6205.086783905358,calibrated_simulator
883,72275.96875,72506.31504094866,73528.38275759587,-5831.261103773272,calibrated_simulator
884,72437.71875,72315.39642405527,73233.0312041058,-5555.394458757731,calibrated_simulator
885,71541.8984375,72096.35710493068,72779.53191842079,-6287.4272757387425,calibrated_simulator
886,70537.6875,71076.68327791512,71896.15115865432,-6191.137155490088,calibrated_simulator
887,68889.3984375,69806.23655828332,70831.30798948102,-6028.010626059398,calibrated_simulator
888,74992.8203125,74912.64043862601,76291.3140556842,-5449.723699094789,calibrated_simulator
889,74654.3359375,74737.23554728072,76089.72444076117,-5721.561161143746,calibrated_simulator
890,73667.4296875,74146.69094388174,75535.1613194178,-6406.256822254786,calibrated_simulator
891,73914.84375,73467.71036319614,74768.26306006027,-5326.990862142927,calibrated_simulator
892,73471.046875,73799.51049188912,74659.78215784827,-5634.187205289225,calibrated_simulator
893,72753.7109375,73083.57055120954,73932.46329307987,-6180.527236718643,calibrated_simulator
894,72275.96875,72506.31504094866,73505.66317073388,-5797.94822844744,calibrated_simulator
895,72437.71875,72315.39642405527,73207.1673545619,-5511.164195727559,calibrated_simulator
896,71541.8984375,72096.35710493068,72750.6102373839,-6240.453538091076,calibrated_simulator
897,70537.6875,71076.68327791512,71862.03737536492,-6140.202704921784,calibrated_simulator
898,68889.3984375,69806.23655828332,70790.81411929856,-5969.777922828347,calibrated_simulator
899,69165.2265625,68657.84688602199,70001.83111314436,-5276.176804385703,calibrated_simulator
900,74654.3359375,74737.23554728072,76236.66799811038,-6055.349760554651,calibrated_simulator
901,73667.4296875,74146.69094388174,75411.577257744,-6097.773592662297,calibrated_simulator
902,73914.84375,73467.71036319614,74643.17405538408,-5077.806005120202,calibrated_simulator
903,73471.046875,73799.51049188912,74538.41866662735,-5487.932370814812,calibrated_simulator
904,72753.7109375,73083.57055120954,73808.53574287286,-6069.7386020021895,calibrated_simulator
905,72275.96875,72506.31504094866,73382.16803903338,-5701.735593578631,calibrated_simulator
906,72437.71875,72315.39642405527,73088.34412974166,-5414.0550291663285,calibrated_simulator
907,71541.8984375,72096.35710493068,72635.47305632253,-6149.101631080586,calibrated_simulator
908,70537.6875,71076.68327791512,71747.24430097979,-6050.773036548134,calibrated_simulator
909,68889.3984375,69806.23655828332,70674.59590114155,-5880.180592272611,calibrated_simulator
910,69165.2265625,68657.84688602199,69885.26832495902,-5180.921628494643,calibrated_simulator
911,69164.671875,68892.93358647599,69930.1372591055,-6064.447348247986,calibrated_simulator
912,73667.4296875,74146.69094388174,75269.66488128397,-5689.884602304196,calibrated_simulator
913,73914.84375,73467.71036319614,74423.00788662073,-5139.236132942712,calibrated_simulator
914,73471.046875,73799.51049188912,74335.16266480516,-5433.700449484229,calibrated_simulator
915,72753.7109375,73083.57055120954,73612.2279019301,-5932.490205991003,calibrated_simulator
916,72275.96875,72506.31504094866,73191.88827281016,-5567.909137327625,calibrated_simulator
917,72437.71875,72315.39642405527,72908.48050941752,-5286.3250265919605,calibrated_simulator
918,71541.8984375,72096.35710493068,72463.83294841059,-6040.536127116851,calibrated_simulator
919,70537.6875,71076.68327791512,71578.94926503938,-5947.261629197792,calibrated_simulator
920,68889.3984375,69806.23655828332,70507.00559227973,-5775.893419425443,calibrated_simulator
921,69165.2265625,68657.84688602199,69719.50040848745,-5066.773226823204,calibrated_simulator
922,69164.671875,68892.93358647599,69770.71084697773,-5968.469298521467,calibrated_simulator
923,67509.40625,68331.70491440283,69235.88129053065,-7172.254228908774,calibrated_simulator
924,73914.84375,73467.71036319614,74854.39170777856,-5022.501458489354,calibrated_simulator
925,73471.046875,73799.51049188912,74435.47589323686,-5769.141061762679,calibrated_simulator
926,72753.7109375,73083.57055120954,73651.46175133562,-5913.488083128847,calibrated_simulator
927,72275.96875,72506.31504094866,73208.78366171151,-5470.147370570987,calibrated_simulator
928,72437.71875,72315.39642405527,72918.04460315128,-5197.920102502978,calibrated_simulator
929,71541.8984375,72096.35710493068,72466.68451357237,-5977.465363509759,calibrated_simulator
930,70537.6875,71076.68327791512,71572.62489162426,-5906.515043909734,calibrated_simulator
931,68889.3984375,69806.23655828332,70490.81582601773,-5738.539380449317,calibrated_simulator
932,69165.2265625,68657.84688602199,69697.30031411744,-5028.339195755979,calibrated_simulator
933,69164.671875,68892.93358647599,69747.85085667275,-5942.54190316876,calibrated_simulator
934,67509.40625,68331.70491440283,69211.05823286065,-7154.553221781269,calibrated_simulator
935,66254.65625,66470.40982603081,68008.69755374332,-6283.387758193604,calibrated_simulator
936,73471.046875,73799.51049188912,74600.64092759401,-5782.905255757162,calibrated_simulator
937,72753.7109375,73083.57055120954,73562.963917696,-5957.6211939614295,calibrated_simulator
938,72275.96875,72506.31504094866,73120.69272882216,-5369.179831298732,calibrated_simulator
939,72437.71875,72315.39642405527,72853.12779674295,-5044.670962597745,calibrated_simulator
940,71541.8984375,72096.35710493068,72411.59419551051,-5846.871072747976,calibrated_simulator
941,70537.6875,71076.68327791512,71515.63022132788,-5814.976589556359,calibrated_simulator
942,68889.3984375,69806.23655828332,70426.45687554129,-5650.0200049905725,calibrated_simulator
943,69165.2265625,68657.84688602199,69629.72522722128,-4947.89128801313,calibrated_simulator
944,69164.671875,68892.93358647599,69684.31579238197,-5892.019305461916,calibrated_simulator
945,67509.40625,68331.70491440283,69148.42247973407,-7114.0459872831625,calibrated_simulator
946,66254.65625,66470.40982603081,67941.80810846237,-6236.620005489306,calibrated_simulator
947,63940.6171875,65460.54678116452,67713.86255282874,-341.8831178224982,calibrated_simulator
948,72753.7109375,73083.57055120954,73560.35012285293,-4852.172456403885,calibrated_simulator
949,72275.96875,72506.31504094866,72944.66042874902,-5464.1852531033155,calibrated_simulator
950,72437.71875,72315.39642405527,72731.84818010157,-4980.99846075172,calibrated_simulator
951,71541.8984375,72096.35710493068,72319.5847467492,-5720.149504066934,calibrated_simulator
952,70537.6875,71076.68327791512,71427.97805404112,-5728.513553495867,calibrated_simulator
953,68889.3984375,69806.23655828332,70333.5481696449,-5570.268989365924,calibrated_simulator
954,69165.2265625,68657.84688602199,69536.64997253972,-4882.864775306862,calibrated_simulator
955,69164.671875,68892.93358647599,69598.35274098777,-5863.469283406101,calibrated_simulator
956,67509.40625,68331.70491440283,69065.57427087674,-7100.008027884267,calibrated_simulator
957,66254.65625,66470.40982603081,67856.57446916272,-6219.553072353336,calibrated_simulator
958,63940.6171875,65460.54678116452,67625.71562524016,-209.3659033081658,calibrated_simulator
959,66859.8515625,63814.71779237265,66530.85434749014,-10359.921679211626,calibrated_simulator
960,72275.96875,72506.31504094866,72905.10847203982,-4703.523468366359,calibrated_simulator
961,72437.71875,72315.39642405527,72578.49014174647,-5093.9479176874165,calibrated_simulator
962,71541.8984375,72096.35710493068,72213.8994089655,-5547.568740343224,calibrated_simulator
963,70537.6875,71076.68327791512,71339.49815087786,-5577.94252331236,calibrated_simulator
964,68889.3984375,69806.23655828332,70242.3889764948,-5424.989396874944,calibrated_simulator
965,69165.2265625,68657.84688602199,69448.57719115782,-4779.093495821505,calibrated_simulator
966,69164.671875,68892.93358647599,69520.54922756372,-5803.381156209147,calibrated_simulator
967,67509.40625,68331.70491440283,68992.08654338738,-7056.311459245275,calibrated_simulator
968,66254.65625,66470.40982603081,67780.7412203137,-6176.589820708413,calibrated_simulator
969,63940.6171875,65460.54678116452,67547.03442646773,-66.42161736992875,calibrated_simulator
970,66859.8515625,63814.71779237265,66449.80011643533,-10407.124424869991,calibrated_simulator
971,68353.4140625,66840.37021280757,68062.98073441965,-5169.510840352416,calibrated_simulator
972,72437.71875,72315.39642405527,72723.0519394168,-4835.550889478872,calibrated_simulator
973,71541.8984375,72096.35710493068,72085.9478295241,-5208.534488342768,calibrated_simulator
974,70537.6875,71076.68327791512,71215.66996185546,-5238.939440290202,calibrated_simulator
975,68889.3984375,69806.23655828332,70122.26590401077,-5109.327170068105,calibrated_simulator
976,69165.2265625,68657.84688602199,69340.83904925064,-4567.558850394142,calibrated_simulator
977,69164.671875,68892.93358647599,69429.96437983107,-5658.271677588123,calibrated_simulator
978,67509.40625,68331.70491440283,68909.25749585277,-6944.430890496347,calibrated_simulator
979,66254.65625,66470.40982603081,67697.95340870688,-6082.345791704883,calibrated_simulator
980,63940.6171875,65460.54678116452,67462.00168190394,78.00741855133674,calibrated_simulator
981,66859.8515625,63814.71779237265,66366.24265480577,-10408.306139144182,calibrated_simulator
982,68353.4140625,66840.37021280757,67995.39161943547,-5133.679227966939,calibrated_simulator
983,68306.59375,68309.2559019697,68896.74794412518,-4582.907957286386,calibrated_simulator
984,71541.8984375,72096.35710493068,71809.70474108061,-4610.765425356207,calibrated_simulator
985,70537.6875,71076.68327791512,70736.72114944526,-4930.566833003632,calibrated_simulator
986,68889.3984375,69806.23655828332,69692.86619118115,-4577.217226372757,calibrated_simulator
987,69165.2265625,68657.84688602199,68981.06394838891,-4187.841845818772,calibrated_simulator
988,69164.671875,68892.93358647599,69127.52694608197,-5401.151146648854,calibrated_simulator
989,67509.40625,68331.70491440283,68639.05771604566,-6758.034617054651,calibrated_simulator
990,66254.65625,66470.40982603081,67444.3644556606,-5938.111094282363,calibrated_simulator
991,63940.6171875,65460.54678116452,67214.16933863006,353.2238708701989,calibrated_simulator
992,66859.8515625,63814.71779237265,66133.32703456572,-10441.599247151524,calibrated_simulator
993,68353.4140625,66840.37021280757,67791.12091142927,-5069.033528550319,calibrated_simulator
994,68306.59375,68309.2559019697,68715.17128159486,-4523.046925130391,calibrated_simulator
995,66970.15625,67688.20819575732,67968.73108035544,-900.6143415406423,calibrated_simulator
996,70537.6875,71076.68327791512,70424.69676825509,-3532.296122261307,calibrated_simulator
997,68889.3984375,69806.23655828332,69161.46077544896,-4153.994968463159,calibrated_simulator
998,69165.2265625,68657.84688602199,68578.8841162509,-3882.077112358313,calibrated_simulator
999,69164.671875,68892.93358647599,68830.37394452073,-5149.825848206153,calibrated_simulator
1000,67509.40625,68331.70491440283,68393.66060179844,-6548.221192555671,calibrated_simulator
1001,66254.65625,66470.40982603081,67223.78201937213,-5782.044526431427,calibrated_simulator
1002,63940.6171875,65460.54678116452,66999.73949145287,660.8134309948409,calibrated_simulator
1003,66859.8515625,63814.71779237265,65937.46325220908,-10544.012256841646,calibrated_simulator
1004,68353.4140625,66840.37021280757,67629.38255326901,-5059.647472568591,calibrated_simulator
1005,68306.59375,68309.2559019697,68577.94757610228,-4510.4168236487385,calibrated_simulator
1006,66970.15625,67688.20819575732,67839.77403245559,-862.7842286036253,calibrated_simulator
1007,65541.15625,66344.42440925636,66663.72563688646,-3099.628570359725,calibrated_simulator
1008,68889.3984375,69806.23655828332,68527.8434663247,-3932.6985725792792,calibrated_simulator
1009,69165.2265625,68657.84688602199,67938.22615688524,-4382.053455310513,calibrated_simulator
1010,69164.671875,68892.93358647599,68379.57948579344,-4983.766278214508,calibrated_simulator
1011,67509.40625,68331.70491440283,68048.91657783111,-6232.483010660602,calibrated_simulator
1012,66254.65625,66470.40982603081,66932.63564295658,-5522.180377352939,calibrated_simulator
1013,63940.6171875,65460.54678116452,66723.82317771231,1071.264020265401,calibrated_simulator
1014,66859.8515625,63814.71779237265,65694.87432079331,-10637.788435409597,calibrated_simulator
1015,68353.4140625,66840.37021280757,67433.0534273959,-5025.29702561382,calibrated_simulator
1016,68306.59375,68309.2559019697,68414.07695698085,-4483.1824461533815,calibrated_simulator
1017,66970.15625,67688.20819575732,67687.91315333993,-810.9416045104786,calibrated_simulator
1018,65541.15625,66344.42440925636,66514.84390429751,-3098.4927535898146,calibrated_simulator
1019,65455.95703125,65110.54970094365,65593.76689889825,-3640.561320914746,calibrated_simulator
1020,69165.2265625,68657.84688602199,68013.16332738569,-3972.8282988424503,calibrated_simulator
1021,69164.671875,68892.93358647599,68136.24810838781,-4940.557484927115,calibrated_simulator
1022,67509.40625,68331.70491440283,67855.28726883007,-5466.104525012872,calibrated_simulator
1023,66254.65625,66470.40982603081,66796.57062927035,-4886.98315065247,calibrated_simulator
1024,63940.6171875,65460.54678116452,66597.9311520602,1547.151937378403,calibrated_simulator
1025,66859.8515625,63814.71779237265,65606.59320857696,-10494.548890060845,calibrated_simulator
1026,68353.4140625,66840.37021280757,67385.53549131066,-4881.046340525867,calibrated_simulator
1027,68306.59375,68309.2559019697,68392.97106280166,-4422.467052177284,calibrated_simulator
1028,66970.15625,67688.20819575732,67672.45097903648,-756.6517928428493,calibrated_simulator
1029,65541.15625,66344.42440925636,66495.03396007595,-3096.8412410116316,calibrated_simulator
1030,65455.95703125,65110.54970094365,65570.23019312728,-3641.3905693652805,calibrated_simulator
1031,65460.90234375,65191.627190317,65398.372195157,-4257.600421811092,calibrated_simulator
1032,69164.671875,68892.93358647599,67980.37557580293,-3508.6899912096287,calibrated_simulator
1033,67509.40625,68331.70491440283,67276.38385129592,-4467.5554909450275,calibrated_simulator
1034,66254.65625,66470.40982603081,66326.22460907671,-3817.187961787966,calibrated_simulator
1035,63940.6171875,65460.54678116452,66180.9878712122,2502.9274722728906,calibrated_simulator
1036,66859.8515625,63814.71779237265,65289.85804658261,-10271.189543847124,calibrated_simulator
1037,68353.4140625,66840.37021280757,67150.53616055928,-4618.715550849728,calibrated_simulator
1038,68306.59375,68309.2559019697,68211.05384002005,-4287.338509484013,calibrated_simulator
1039,66970.15625,67688.20819575732,67511.39650993852,-651.3863319630636,calibrated_simulator
1040,65541.15625,66344.42440925636,66342.0919952178,-3093.6754926006925,calibrated_simulator
1041,65455.95703125,65110.54970094365,65423.61430499248,-3634.9222435845722,calibrated_simulator
1042,65460.90234375,65191.627190317,65260.331147947996,-4242.718625675669,calibrated_simulator
1043,66060.625,65406.867415445595,65429.6973645285,-4176.993314071721,calibrated_simulator
1044,67509.40625,68331.70491440283,66373.13788266959,-2800.8222693798907,calibrated_simulator
1045,66254.65625,66470.40982603081,65352.38272549104,-3412.19224156402,calibrated_simulator
1046,63940.6171875,65460.54678116452,65318.34038955924,3836.2003874069924,calibrated_simulator
1047,66859.8515625,63814.71779237265,64675.46936559693,-10271.72101080302,calibrated_simulator
1048,68353.4140625,66840.37021280757,66693.49380814187,-4363.003503874112,calibrated_simulator
1049,68306.59375,68309.2559019697,67849.02477809087,-4152.559896959597,calibrated_simulator
1050,66970.15625,67688.20819575732,67191.82809019138,-528.8727002706473,calibrated_simulator
1051,65541.15625,66344.42440925636,66043.98022837455,-3103.8284859704445,calibrated_simulator
1052,65455.95703125,65110.54970094365,65142.07622903134,-3633.0552178668577,calibrated_simulator
1053,65460.90234375,65191.627190317,64996.374955496685,-4222.143310636476,calibrated_simulator
1054,66060.625,65406.867415445595,65183.03026002703,-4134.677192100727,calibrated_simulator
1055,66392.4375,66156.11090336593,65826.43024194322,-4996.028377615406,calibrated_simulator
1056,66254.65625,66470.40982603081,64668.43144513275,6218.768307952016,calibrated_simulator
1057,63940.6171875,65460.54678116452,64306.570629605376,4589.761977843345,calibrated_simulator
1058,66859.8515625,63814.71779237265,64085.8265549134,-10637.137209352612,calibrated_simulator
1059,68353.4140625,66840.37021280757,66334.31051119823,-4075.1543119673825,calibrated_simulator
1060,68306.59375,68309.2559019697,67611.1659890112,-4015.1318656990693,calibrated_simulator
1061,66970.15625,67688.20819575732,66998.13126524416,-392.4827641472789,calibrated_simulator
1062,65541.15625,66344.42440925636,65864.12449481916,-3121.4463368441416,calibrated_simulator
1063,65455.95703125,65110.54970094365,64972.382592130554,-3657.6158713481573,calibrated_simulator
1064,65460.90234375,65191.627190317,64838.52470338416,-4237.237485015598,calibrated_simulator
1065,66060.625,65406.867415445595,65037.9182130999,-4132.350614770601,calibrated_simulator
1066,66392.4375,66156.11090336593,65694.05399487834,-4984.063781286295,calibrated_simulator
1067,66994.59375,66596.64295854041,65911.15817973473,-3184.1961698187047,calibrated_simulator
1068,63940.6171875,65460.54678116452,63272.373011986056,-10166.255765484704,calibrated_simulator
1069,66859.8515625,63814.71779237265,63396.152778647,-10803.408043904317,calibrated_simulator
1070,68353.4140625,66840.37021280757,65958.35989906288,-3729.4128813590987,calibrated_simulator
1071,68306.59375,68309.2559019697,67437.16231472693,-3659.822415841902,calibrated_simulator
1072,66970.15625,67688.20819575732,66898.53115002238,40.574201183408604,calibrated_simulator
1073,65541.15625,66344.42440925636,65774.93842146802,-2844.4076376586463,calibrated_simulator
1074,65455.95703125,65110.54970094365,64888.48846805609,-3456.781358652179,calibrated_simulator
1075,65460.90234375,65191.627190317,64762.27566185843,-4073.767190677381,calibrated_simulator
1076,66060.625,65406.867415445595,64973.83204363986,-3987.333744803551,calibrated_simulator
1077,66392.4375,66156.11090336593,65639.07657549076,-4860.1315852810885,calibrated_simulator
1078,66994.59375,66596.64295854041,65864.81119345139,-3052.0880925635097,calibrated_simulator
1079,66440.671875,67139.51643691339,65768.62823402688,-3665.8122497702634,calibrated_simulator
1080,66859.8515625,63814.71779237265,63967.87451578943,429.97980561706026,calibrated_simulator
1081,68353.4140625,66840.37021280757,66032.36520036847,-1253.712277929843,calibrated_simulator
1082,68306.59375,68309.2559019697,67540.18377193557,-2173.643151844746,calibrated_simulator
1083,66970.15625,67688.20819575732,66994.23999418959,818.011845077106,calibrated_simulator
1084,65541.15625,66344.42440925636,65852.47664131844,-2691.201519594978,calibrated_simulator
1085,65455.95703125,65110.54970094365,64953.69646975524,-3459.8375287959557,calibrated_simulator
1086,65460.90234375,65191.627190317,64824.12652981702,-4136.009745434874,calibrated_simulator
1087,66060.625,65406.867415445595,65032.95138458379,-4057.431739136137,calibrated_simulator
1088,66392.4375,66156.11090336593,65702.42145088332,-4946.8113633216035,calibrated_simulator
1089,66994.59375,66596.64295854041,65924.79704058784,-3132.0354715677117,calibrated_simulator
1090,66440.671875,67139.51643691339,65828.1048941295,-3766.4818639081413,calibrated_simulator
1091,66808.84375,66649.87599010975,65172.589936429635,-2789.3666549197287,calibrated_simulator
