step,time_h,source,measured_boundary_heat_load_kw,delivered_heat_kw,heat_loss_kw,flow_m3_s,head_drop_m,pressure_drop_kPa,pump_energy_proxy_kW,pressure_drop_power_proxy_kW,energy_balance_residual_kw,energy_balance_residual_percent,state_type,safe_claim
0,0.0,calibrated_simulator,52346.90089629657,34243.6525307454,407.6990509916623,0.30430270522156166,39.311694113857776,385.64771925694475,156.47152564321817,117.35364423241363,-18103.248365551168,-34.58322853040558,calibrated_simulator + simulator_assisted_hidden_state,Thermal boundary variables use real operating data; pressure/head and flow-based energy indicators are simulator-assisted hidden-state proxies. Pressure/head and flow are simulator-assisted hidden hydraulic states because public district-heating datasets do not provide dense distributed hydraulic measurements.
1,0.25,calibrated_simulator,55016.580330805846,53582.998021542444,408.21143275114594,0.3092037833424728,40.588466688758174,398.17285821671766,164.15540557986014,123.11655418489511,-1433.5823092634018,-2.605727765418174,calibrated_simulator + simulator_assisted_hidden_state,Thermal boundary variables use real operating data; pressure/head and flow-based energy indicators are simulator-assisted hidden-state proxies. Pressure/head and flow are simulator-assisted hidden hydraulic states because public district-heating datasets do not provide dense distributed hydraulic measurements.
2,0.5,calibrated_simulator,54674.43052709156,55691.7636539105,407.643574534816,0.310743034755385,40.9933910082145,402.1451657905843,166.61841230663146,124.96380922997359,1017.3331268189431,1.8607109703956541,calibrated_simulator + simulator_assisted_hidden_state,Thermal boundary variables use real operating data; pressure/head and flow-based energy indicators are simulator-assisted hidden-state proxies. Pressure/head and flow are simulator-assisted hidden hydraulic states because public district-heating datasets do not provide dense distributed hydraulic measurements.
3,0.75,calibrated_simulator,53896.42572662491,54949.25709394033,407.0346262551453,0.3100186659139174,40.802370139275325,400.271251066291,165.45541234568827,124.0915592592662,1052.831367315419,1.9534344868352163,calibrated_simulator + simulator_assisted_hidden_state,Thermal boundary variables use real operating data; pressure/head and flow-based energy indicators are simulator-assisted hidden-state proxies. Pressure/head and flow are simulator-assisted hidden hydraulic states because public district-heating datasets do not provide dense distributed hydraulic measurements.
4,1.0,calibrated_simulator,53276.94032894247,54124.34689468839,406.39657413230196,0.30902926080970927,40.54233433768375,397.72029985267756,163.8762803633185,122.90721027248888,847.4065657459141,1.5905691289962536,calibrated_simulator + simulator_assisted_hidden_state,Thermal boundary variables use real operating data; pressure/head and flow-based energy indicators are simulator-assisted hidden-state proxies. Pressure/head and flow are simulator-assisted hidden hydraulic states because public district-heating datasets do not provide dense distributed hydraulic measurements.
5,1.25,calibrated_simulator,53656.05360938441,53748.653401610696,405.6738008419715,0.3094506829331598,40.65306314170506,398.80654942012666,164.5479454350335,123.41095907627513,92.59979222628317,0.17258032597851647,calibrated_simulator + simulator_assisted_hidden_state,Thermal boundary variables use real operating data; pressure/head and flow-based energy indicators are simulator-assisted hidden-state proxies. Pressure/head and flow are simulator-assisted hidden hydraulic states because public district-heating datasets do not provide dense distributed hydraulic measurements.
6,1.5,calibrated_simulator,53510.05148384773,53954.69347583186,404.8213741194034,0.30887330835020205,40.501447898649474,397.31920388575134,163.62839596701397,122.72129697526047,444.64199198412825,0.8309504096035968,calibrated_simulator + simulator_assisted_hidden_state,Thermal boundary variables use real operating data; pressure/head and flow-based energy indicators are simulator-assisted hidden-state proxies. Pressure/head and flow are simulator-assisted hidden hydraulic states because public district-heating datasets do not provide dense distributed hydraulic measurements.
7,1.75,calibrated_simulator,53235.04974611449,53816.27201967613,403.840659609034,0.3083481307240304,40.36383846725947,395.9692553638154,162.79517295415832,122.09637971561872,581.2222735616378,1.0918037577377486,calibrated_simulator + simulator_assisted_hidden_state,Thermal boundary variables use real operating data; pressure/head and flow-based energy indicators are simulator-assisted hidden-state proxies. Pressure/head and flow are simulator-assisted hidden hydraulic states because public district-heating datasets do not provide dense distributed hydraulic measurements.
8,2.0,calibrated_simulator,53888.3913750986,53670.08334577494,402.8080375367602,0.3085702362910975,40.422049743808245,396.5403079867589,163.14738204589167,122.36053653441876,-218.3080293236635,-0.4051114233566488,calibrated_simulator + simulator_assisted_hidden_state,Thermal boundary variables use real operating data; pressure/head and flow-based energy indicators are simulator-assisted hidden-state proxies. Pressure/head and flow are simulator-assisted hidden hydraulic states because public district-heating datasets do not provide dense distributed hydraulic measurements.
9,2.25,calibrated_simulator,53168.32105585252,54169.27261783097,401.5174005512815,0.30791096479771984,40.24945900054191,394.8471927953162,162.10370677503613,121.57778008127708,1000.9515619784506,1.882608933479329,calibrated_simulator + simulator_assisted_hidden_state,Thermal boundary variables use real operating data; pressure/head and flow-based energy indicators are simulator-assisted hidden-state proxies. Pressure/head and flow are simulator-assisted hidden hydraulic states because public district-heating datasets do not provide dense distributed hydraulic measurements.
10,2.5,calibrated_simulator,52635.54027928214,53333.7936275728,400.17289272583844,0.3065912822410904,39.90514921507752,391.4695137999105,160.02818692561436,120.02114019421077,698.2533482906583,1.3265815161880226,calibrated_simulator + simulator_assisted_hidden_state,Thermal boundary variables use real operating data; pressure/head and flow-based energy indicators are simulator-assisted hidden-state proxies. Pressure/head and flow are simulator-assisted hidden hydraulic states because public district-heating datasets do not provide dense distributed hydraulic measurements.
11,2.75,calibrated_simulator,52593.68352365186,52994.41300736839,398.79142160889796,0.3064297758988844,39.86318203700179,391.0578157829876,159.77567847185085,119.83175885388812,400.72948371653183,0.7619346219329174,calibrated_simulator + simulator_assisted_hidden_state,Thermal boundary variables use real operating data; pressure/head and flow-based energy indicators are simulator-assisted hidden-state proxies. Pressure/head and flow are simulator-assisted hidden hydraulic states because public district-heating datasets do not provide dense distributed hydraulic measurements.
12,3.0,calibrated_simulator,53236.741026394695,53159.05098849601,397.6474180572818,0.3076447871920164,40.180004814194014,394.1658472272433,161.68409091811478,121.2630681885861,-77.69003789868293,-0.14593312137601422,calibrated_simulator + simulator_assisted_hidden_state,Thermal boundary variables use real operating data; pressure/head and flow-based energy indicators are simulator-assisted hidden-state proxies. Pressure/head and flow are simulator-assisted hidden hydraulic states because public district-heating datasets do not provide dense distributed hydraulic measurements.
13,3.25,calibrated_simulator,53190.12432341632,53512.88443570607,397.2783948220223,0.3075330768270399,40.15075654816595,393.878921737508,161.5077289323369,121.13079669925268,322.76011228975403,0.6068045833607175,calibrated_simulator + simulator_assisted_hidden_state,Thermal boundary variables use real operating data; pressure/head and flow-based energy indicators are simulator-assisted hidden-state proxies. Pressure/head and flow are simulator-assisted hidden hydraulic states because public district-heating datasets do not provide dense distributed hydraulic measurements.
14,3.5,calibrated_simulator,54098.1260639468,53690.89199135861,397.9802094973305,0.309188001830759,40.584143275238254,398.1304455300873,164.12954256191668,123.09715692143752,-407.234072588195,-0.7527692772700169,calibrated_simulator + simulator_assisted_hidden_state,Thermal boundary variables use real operating data; pressure/head and flow-based energy indicators are simulator-assisted hidden-state proxies. Pressure/head and flow are simulator-assisted hidden hydraulic states because public district-heating datasets do not provide dense distributed hydraulic measurements.
15,3.75,calibrated_simulator,54641.44968065625,54402.33833134931,399.45388067938944,0.3102765809517113,40.870388915320234,400.93851525929153,165.86910891534467,124.40183168650849,-239.11134930694243,-0.4376006689141536,calibrated_simulator + simulator_assisted_hidden_state,Thermal boundary variables use real operating data; pressure/head and flow-based energy indicators are simulator-assisted hidden-state proxies. Pressure/head and flow are simulator-assisted hidden hydraulic states because public district-heating datasets do not provide dense distributed hydraulic measurements.
16,4.0,calibrated_simulator,54794.82109165224,54883.631413133095,401.2266782669278,0.31154099198806495,41.20417952329005,404.21300112347535,167.90522579264046,125.92891934448035,88.81032148085797,0.16207794771755873,calibrated_simulator + simulator_assisted_hidden_state,Thermal boundary variables use real operating data; pressure/head and flow-based energy indicators are simulator-assisted hidden-state proxies. Pressure/head and flow are simulator-assisted hidden hydraulic states because public district-heating datasets do not provide dense distributed hydraulic measurements.
17,4.25,calibrated_simulator,56144.40937839004,55326.74227651123,403.0670578888415,0.31465815327855107,42.03295295349936,412.34326847382874,172.99622849975563,129.74717137481673,-817.6671018788111,-1.4563642416613094,calibrated_simulator + simulator_assisted_hidden_state,Thermal boundary variables use real operating data; pressure/head and flow-based energy indicators are simulator-assisted hidden-state proxies. Pressure/head and flow are simulator-assisted hidden hydraulic states because public district-heating datasets do not provide dense distributed hydraulic measurements.
18,4.5,calibrated_simulator,56501.69554067637,56652.67729548051,404.6010520635629,0.3175231732135492,42.80185591413002,419.8862065176155,177.7648009094306,133.32360068207296,150.98175480414648,0.26721632573920295,calibrated_simulator + simulator_assisted_hidden_state,Thermal boundary variables use real operating data; pressure/head and flow-based energy indicators are simulator-assisted hidden-state proxies. Pressure/head and flow are simulator-assisted hidden hydraulic states because public district-heating datasets do not provide dense distributed hydraulic measurements.
19,4.75,calibrated_simulator,57892.66645234367,57233.85107324382,406.0233884092225,0.3215177965764602,43.88563264382127,430.51805623588666,184.55895576979046,138.41921682734284,-658.8153790998476,-1.1379945327655172,calibrated_simulator + simulator_assisted_hidden_state,Thermal boundary variables use real operating data; pressure/head and flow-based energy indicators are simulator-assisted hidden-state proxies. Pressure/head and flow are simulator-assisted hidden hydraulic states because public district-heating datasets do not provide dense distributed hydraulic measurements.
20,5.0,calibrated_simulator,59009.79264217249,58841.27782004048,407.1696023684961,0.32666767557169457,45.30281624957965,444.4206274083764,193.57047110881123,145.17785333160845,-168.51482213201234,-0.28557094439199904,calibrated_simulator + simulator_assisted_hidden_state,Thermal boundary variables use real operating data; pressure/head and flow-based energy indicators are simulator-assisted hidden-state proxies. Pressure/head and flow are simulator-assisted hidden hydraulic states because public district-heating datasets do not provide dense distributed hydraulic measurements.
21,5.25,calibrated_simulator,59725.32597125012,59889.022044608355,408.021890812174,0.3315756843286835,46.674322193931374,457.87510072246675,202.42699981215574,151.82024985911679,163.6960733582382,0.27408150679166876,calibrated_simulator + simulator_assisted_hidden_state,Thermal boundary variables use real operating data; pressure/head and flow-based energy indicators are simulator-assisted hidden-state proxies. Pressure/head and flow are simulator-assisted hidden hydraulic states because public district-heating datasets do not provide dense distributed hydraulic measurements.
22,5.5,calibrated_simulator,57969.00587636046,60175.78407145808,408.4150606855885,0.334207651541435,47.41811111272267,465.1716700158094,207.28524186612134,155.46393139959102,2206.7781950976205,3.806824287800209,calibrated_simulator + simulator_assisted_hidden_state,Thermal boundary variables use real operating data; pressure/head and flow-based energy indicators are simulator-assisted hidden-state proxies. Pressure/head and flow are simulator-assisted hidden hydraulic states because public district-heating datasets do not provide dense distributed hydraulic measurements.
23,5.75,calibrated_simulator,60832.18279069191,58734.23291013626,409.41544589154387,0.3387019765660675,48.70211503180562,477.7677484620131,215.7611743248048,161.8208807436036,-2097.9498805556505,-3.4487499614704986,calibrated_simulator + simulator_assisted_hidden_state,Thermal boundary variables use real operating data; pressure/head and flow-based energy indicators are simulator-assisted hidden-state proxies. Pressure/head and flow are simulator-assisted hidden hydraulic states because public district-heating datasets do not provide dense distributed hydraulic measurements.
24,6.0,calibrated_simulator,60839.28035055629,61212.50724230876,409.85558125657684,0.34073986586421023,49.289796739199204,483.5329060115442,219.6785833804071,164.75893753530534,373.2268917524707,0.6134636859639614,calibrated_simulator + simulator_assisted_hidden_state,Thermal boundary variables use real operating data; pressure/head and flow-based energy indicators are simulator-assisted hidden-state proxies. Pressure/head and flow are simulator-assisted hidden hydraulic states because public district-heating datasets do not provide dense distributed hydraulic measurements.
25,6.25,calibrated_simulator,61032.37247788157,61214.87974061457,410.20867492903477,0.34261107783308414,49.83263382511187,488.8581378243474,223.31761800996543,167.4882135074741,182.50726273300097,0.2990335379787874,calibrated_simulator + simulator_assisted_hidden_state,Thermal boundary variables use real operating data; pressure/head and flow-based energy indicators are simulator-assisted hidden-state proxies. Pressure/head and flow are simulator-assisted hidden hydraulic states because public district-heating datasets do not provide dense distributed hydraulic measurements.
26,6.5,calibrated_simulator,61440.384427869525,61537.901535022946,410.42118936096455,0.34514326813617446,50.572003081253,496.1113502270919,228.30599036910502,171.22949277682875,97.51710715342051,0.15871825682976437,calibrated_simulator + simulator_assisted_hidden_state,Thermal boundary variables use real operating data; pressure/head and flow-based energy indicators are simulator-assisted hidden-state proxies. Pressure/head and flow are simulator-assisted hidden hydraulic states because public district-heating datasets do not provide dense distributed hydraulic measurements.
27,6.75,calibrated_simulator,61154.45926421308,61803.21540510072,410.58203345889825,0.3468949317125861,51.086584743168714,501.15939633048504,231.79953942291266,173.8496545671845,648.7561408876354,1.0608484625540306,calibrated_simulator + simulator_assisted_hidden_state,Thermal boundary variables use real operating data; pressure/head and flow-based energy indicators are simulator-assisted hidden-state proxies. Pressure/head and flow are simulator-assisted hidden hydraulic states because public district-heating datasets do not provide dense distributed hydraulic measurements.
28,7.0,calibrated_simulator,60736.52101083501,61275.54012363788,410.8555079000676,0.3473484393881181,51.22017418072508,502.469908712913,232.7095181745607,174.5321386309205,539.0191128028746,0.8874711686346293,calibrated_simulator + simulator_assisted_hidden_state,Thermal boundary variables use real operating data; pressure/head and flow-based energy indicators are simulator-assisted hidden-state proxies. Pressure/head and flow are simulator-assisted hidden hydraulic states because public district-heating datasets do not provide dense distributed hydraulic measurements.
29,7.25,calibrated_simulator,61326.62768444241,61151.84065745861,411.23792428933854,0.34953527132588413,51.86724302652604,508.81765409022046,237.13295570376675,177.84971677782505,-174.78702698379493,-0.28501000883851896,calibrated_simulator + simulator_assisted_hidden_state,Thermal boundary variables use real operating data; pressure/head and flow-based energy indicators are simulator-assisted hidden-state proxies. Pressure/head and flow are simulator-assisted hidden hydraulic states because public district-heating datasets do not provide dense distributed hydraulic measurements.
30,7.5,calibrated_simulator,61356.22574496031,61856.20258453764,411.5178707140404,0.35249377659448444,52.74901984681044,517.4678846972105,243.20561192437188,182.40420894327892,499.97683957732806,0.8148754808608729,calibrated_simulator + simulator_assisted_hidden_state,Thermal boundary variables use real operating data; pressure/head and flow-based energy indicators are simulator-assisted hidden-state proxies. Pressure/head and flow are simulator-assisted hidden hydraulic states because public district-heating datasets do not provide dense distributed hydraulic measurements.
31,7.75,calibrated_simulator,61895.158220243255,61950.01705332577,411.9001981773353,0.35604596772513236,53.81754335422667,527.9501003049636,250.6326724982153,187.9745043736615,54.85883308251505,0.088631865011653,calibrated_simulator + simulator_assisted_hidden_state,Thermal boundary variables use real operating data; pressure/head and flow-based energy indicators are simulator-assisted hidden-state proxies. Pressure/head and flow are simulator-assisted hidden hydraulic states because public district-heating datasets do not provide dense distributed hydraulic measurements.
32,8.0,calibrated_simulator,62401.83502031551,62526.602544009635,412.2845526306875,0.35979587003591756,54.957140494623886,539.1295482522603,258.63544650065757,193.9765848754932,124.76752369412134,0.199942074866071,calibrated_simulator + simulator_assisted_hidden_state,Thermal boundary variables use real operating data; pressure/head and flow-based energy indicators are simulator-assisted hidden-state proxies. Pressure/head and flow are simulator-assisted hidden hydraulic states because public district-heating datasets do not provide dense distributed hydraulic measurements.
33,8.25,calibrated_simulator,62631.72956559964,63174.45225302385,412.55106627192464,0.36404293657334796,56.26225991599209,551.9327697758823,267.90296840036507,200.92722630027382,542.7226874242042,0.8665299380815656,calibrated_simulator + simulator_assisted_hidden_state,Thermal boundary variables use real operating data; pressure/head and flow-based energy indicators are simulator-assisted hidden-state proxies. Pressure/head and flow are simulator-assisted hidden hydraulic states because public district-heating datasets do not provide dense distributed hydraulic measurements.
34,8.5,calibrated_simulator,61530.78773949745,63033.56884622288,412.82503391185145,0.3658825805809759,56.83218866604402,557.5237708138918,271.9843146674977,203.9882360006233,1502.7811067254297,2.4423238543406036,calibrated_simulator + simulator_assisted_hidden_state,Thermal boundary variables use real operating data; pressure/head and flow-based energy indicators are simulator-assisted hidden-state proxies. Pressure/head and flow are simulator-assisted hidden hydraulic states because public district-heating datasets do not provide dense distributed hydraulic measurements.
35,8.75,calibrated_simulator,62001.59595651568,61514.65133563624,413.7148570421675,0.36530012596399214,56.651254225452135,555.7488039516854,270.68681078385157,203.01510808788865,-486.94462087943975,-0.7853743333009595,calibrated_simulator + simulator_assisted_hidden_state,Thermal boundary variables use real operating data; pressure/head and flow-based energy indicators are simulator-assisted hidden-state proxies. Pressure/head and flow are simulator-assisted hidden hydraulic states because public district-heating datasets do not provide dense distributed hydraulic measurements.
36,9.0,calibrated_simulator,62204.6459797506,62069.00904767189,414.5641091446626,0.3654320605281019,56.69222252011653,556.1507029223432,270.9803964440855,203.23529733306415,-135.63693207871256,-0.21804952016424348,calibrated_simulator + simulator_assisted_hidden_state,Thermal boundary variables use real operating data; pressure/head and flow-based energy indicators are simulator-assisted hidden-state proxies. Pressure/head and flow are simulator-assisted hidden hydraulic states because public district-heating datasets do not provide dense distributed hydraulic measurements.
37,9.25,calibrated_simulator,62867.839222654016,62559.75268754315,415.2998218662592,0.367475707423885,57.32819430819933,562.3895861634354,275.5526813643125,206.66451102323438,-308.08653511086595,-0.4900542772270897,calibrated_simulator + simulator_assisted_hidden_state,Thermal boundary variables use real operating data; pressure/head and flow-based energy indicators are simulator-assisted hidden-state proxies. Pressure/head and flow are simulator-assisted hidden hydraulic states because public district-heating datasets do not provide dense distributed hydraulic measurements.
38,9.5,calibrated_simulator,62854.36856619863,63293.05891130775,415.76135643851,0.37013417218232353,58.16069688221357,570.5564364145151,281.57657903411075,211.18243427558306,438.69034510912024,0.6979472630404182,calibrated_simulator + simulator_assisted_hidden_state,Thermal boundary variables use real operating data; pressure/head and flow-based energy indicators are simulator-assisted hidden-state proxies. Pressure/head and flow are simulator-assisted hidden hydraulic states because public district-heating datasets do not provide dense distributed hydraulic measurements.
39,9.75,calibrated_simulator,63525.61950044889,62730.03410521692,416.56124216295234,0.3698152902095556,58.06036043917554,569.572135908312,280.84864631494514,210.63648473620887,-795.585395231974,-1.2523851030313087,calibrated_simulator + simulator_assisted_hidden_state,Thermal boundary variables use real operating data; pressure/head and flow-based energy indicators are simulator-assisted hidden-state proxies. Pressure/head and flow are simulator-assisted hidden hydraulic states because public district-heating datasets do not provide dense distributed hydraulic measurements.
40,10.0,calibrated_simulator,64365.23097008069,63464.30947858473,417.2958122144238,0.37005322524174944,58.13512620670903,570.3055880878155,281.3912296603851,211.04342224528878,-900.9214914959593,-1.3997021030107708,calibrated_simulator + simulator_assisted_hidden_state,Thermal boundary variables use real operating data; pressure/head and flow-based energy indicators are simulator-assisted hidden-state proxies. Pressure/head and flow are simulator-assisted hidden hydraulic states because public district-heating datasets do not provide dense distributed hydraulic measurements.
41,10.25,calibrated_simulator,64098.34912452858,64457.61033049416,417.6345007786965,0.37128338272214845,58.52233759554102,574.1041318122574,284.20709879202286,213.15532409401712,359.2612059655803,0.5604843352012344,calibrated_simulator + simulator_assisted_hidden_state,Thermal boundary variables use real operating data; pressure/head and flow-based energy indicators are simulator-assisted hidden-state proxies. Pressure/head and flow are simulator-assisted hidden hydraulic states because public district-heating datasets do not provide dense distributed hydraulic measurements.
42,10.5,calibrated_simulator,64209.286513207546,64008.72161105255,418.0047036254091,0.3714920984872381,58.58809555499701,574.7492173945207,284.68639049838436,213.51479287378828,-200.56490215499798,-0.3123612066826856,calibrated_simulator + simulator_assisted_hidden_state,Thermal boundary variables use real operating data; pressure/head and flow-based energy indicators are simulator-assisted hidden-state proxies. Pressure/head and flow are simulator-assisted hidden hydraulic states because public district-heating datasets do not provide dense distributed hydraulic measurements.
43,10.75,calibrated_simulator,63681.64547066165,64034.788395248885,418.2452697714438,0.3709223604926851,58.40848315320031,572.987219732895,283.37836276728837,212.53377207546626,353.14292458723503,0.5545442834857796,calibrated_simulator + simulator_assisted_hidden_state,Thermal boundary variables use real operating data; pressure/head and flow-based energy indicators are simulator-assisted hidden-state proxies. Pressure/head and flow are simulator-assisted hidden hydraulic states because public district-heating datasets do not provide dense distributed hydraulic measurements.
44,11.0,calibrated_simulator,63737.10057797363,63743.55119604062,418.4305064435375,0.3711362640180172,58.475912163625836,573.6486983251696,283.869113006936,212.90183475520197,6.45061806699232,0.01012066443013182,calibrated_simulator + simulator_assisted_hidden_state,Thermal boundary variables use real operating data; pressure/head and flow-based energy indicators are simulator-assisted hidden-state proxies. Pressure/head and flow are simulator-assisted hidden hydraulic states because public district-heating datasets do not provide dense distributed hydraulic measurements.
45,11.25,calibrated_simulator,63524.81907403982,63682.71131788954,418.4847457590316,0.3702894079006681,58.20929789584241,571.0332123582141,281.9300667943194,211.44755009573953,157.8922438497175,0.24855205595420898,calibrated_simulator + simulator_assisted_hidden_state,Thermal boundary variables use real operating data; pressure/head and flow-based energy indicators are simulator-assisted hidden-state proxies. Pressure/head and flow are simulator-assisted hidden hydraulic states because public district-heating datasets do not provide dense distributed hydraulic measurements.
46,11.5,calibrated_simulator,61566.07024540959,63263.557159851385,418.1365124500457,0.3683355673539885,57.59657115833748,565.0223630632908,277.49044355547795,208.11783266660845,1697.4869144417971,2.757179250966344,calibrated_simulator + simulator_assisted_hidden_state,Thermal boundary variables use real operating data; pressure/head and flow-based energy indicators are simulator-assisted hidden-state proxies. Pressure/head and flow are simulator-assisted hidden hydraulic states because public district-heating datasets do not provide dense distributed hydraulic measurements.
47,11.75,calibrated_simulator,63347.62369780991,61745.508221619166,418.23418768507764,0.3691027388331511,57.83689758902655,567.3799653483504,279.22866555884605,209.4214991691345,-1602.1154761907455,-2.5290853589605677,calibrated_simulator + simulator_assisted_hidden_state,Thermal boundary variables use real operating data; pressure/head and flow-based energy indicators are simulator-assisted hidden-state proxies. Pressure/head and flow are simulator-assisted hidden hydraulic states because public district-heating datasets do not provide dense distributed hydraulic measurements.
48,12.0,calibrated_simulator,63338.23227643289,63447.91622782176,418.11746106795204,0.36916566982606847,57.85658219244655,567.5730713079007,279.3713240594934,209.5284930446201,109.6839513888699,0.17317179126529159,calibrated_simulator + simulator_assisted_hidden_state,Thermal boundary variables use real operating data; pressure/head and flow-based energy indicators are simulator-assisted hidden-state proxies. Pressure/head and flow are simulator-assisted hidden hydraulic states because public district-heating datasets do not provide dense distributed hydraulic measurements.
49,12.25,calibrated_simulator,61187.60507622759,63391.28411153671,417.71688821495206,0.3687587141808496,57.72906815687176,566.322158618912,278.44830803257753,208.83623102443312,2203.67903530912,3.6015121568555823,calibrated_simulator + simulator_assisted_hidden_state,Thermal boundary variables use real operating data; pressure/head and flow-based energy indicators are simulator-assisted hidden-state proxies. Pressure/head and flow are simulator-assisted hidden hydraulic states because public district-heating datasets do not provide dense distributed hydraulic measurements.
50,12.5,calibrated_simulator,62105.42151803529,61453.42563053689,417.91145302190205,0.36981094344547044,58.05907175075198,569.559493874877,280.8391117042572,210.6293337781929,-651.9958874984004,-1.0498212097458546,calibrated_simulator + simulator_assisted_hidden_state,Thermal boundary variables use real operating data; pressure/head and flow-based energy indicators are simulator-assisted hidden-state proxies. Pressure/head and flow are simulator-assisted hidden hydraulic states because public district-heating datasets do not provide dense distributed hydraulic measurements.
51,12.75,calibrated_simulator,58854.44333817557,61099.598504024194,418.18962233186176,0.3636471578045264,56.13941458218562,550.727657051241,267.02739628137294,200.2705472110297,2245.1551658486205,3.8147589859070408,calibrated_simulator + simulator_assisted_hidden_state,Thermal boundary variables use real operating data; pressure/head and flow-based energy indicators are simulator-assisted hidden-state proxies. Pressure/head and flow are simulator-assisted hidden hydraulic states because public district-heating datasets do not provide dense distributed hydraulic measurements.
52,13.0,calibrated_simulator,59485.443962703015,58217.23196826963,419.0379478167522,0.35979800361596687,54.95737011307648,539.1318008092802,258.6380608227468,193.97854561706012,-1268.2119944333826,-2.131970293822709,calibrated_simulator + simulator_assisted_hidden_state,Thermal boundary variables use real operating data; pressure/head and flow-based energy indicators are simulator-assisted hidden-state proxies. Pressure/head and flow are simulator-assisted hidden hydraulic states because public district-heating datasets do not provide dense distributed hydraulic measurements.
53,13.25,calibrated_simulator,61186.77449290804,59459.90541008064,419.75888761079926,0.35985251953843955,54.974242386586695,539.2973178124155,258.7566647934937,194.0674985951203,-1726.8690828274048,-2.8222914136903237,calibrated_simulator + simulator_assisted_hidden_state,Thermal boundary variables use real operating data; pressure/head and flow-based energy indicators are simulator-assisted hidden-state proxies. Pressure/head and flow are simulator-assisted hidden hydraulic states because public district-heating datasets do not provide dense distributed hydraulic measurements.
54,13.5,calibrated_simulator,59718.95365156036,60673.82761601201,420.15056043975306,0.3571898519236972,54.16355617753895,531.3444861016571,253.05447774816517,189.79085831112388,954.8739644516463,1.5989462407915063,calibrated_simulator + simulator_assisted_hidden_state,Thermal boundary variables use real operating data; pressure/head and flow-based energy indicators are simulator-assisted hidden-state proxies. Pressure/head and flow are simulator-assisted hidden hydraulic states because public district-heating datasets do not provide dense distributed hydraulic measurements.
55,13.75,calibrated_simulator,59009.00153105967,59103.277271895684,420.7344600625513,0.35400362852765377,53.201529194387234,521.9070013969388,246.34262966467145,184.7569722485036,94.27574083601212,0.1597650161668803,calibrated_simulator + simulator_assisted_hidden_state,Thermal boundary variables use real operating data; pressure/head and flow-based energy indicators are simulator-assisted hidden-state proxies. Pressure/head and flow are simulator-assisted hidden hydraulic states because public district-heating datasets do not provide dense distributed hydraulic measurements.
56,14.0,calibrated_simulator,59114.0752565412,58625.1914152638,421.3103316003674,0.3520784323533668,52.624513566886364,516.2464780911553,242.34566761904085,181.75925071428065,-488.88384127739846,-0.8270176589175378,calibrated_simulator + simulator_assisted_hidden_state,Thermal boundary variables use real operating data; pressure/head and flow-based energy indicators are simulator-assisted hidden-state proxies. Pressure/head and flow are simulator-assisted hidden hydraulic states because public district-heating datasets do not provide dense distributed hydraulic measurements.
57,14.25,calibrated_simulator,57891.94112039639,58467.496427943945,421.71553978480966,0.3484063069689966,51.5324072745823,505.53291536365236,234.84114145749388,176.1308560931204,575.5553075475545,0.9941889948906478,calibrated_simulator + simulator_assisted_hidden_state,Thermal boundary variables use real operating data; pressure/head and flow-based energy indicators are simulator-assisted hidden-state proxies. Pressure/head and flow are simulator-assisted hidden hydraulic states because public district-heating datasets do not provide dense distributed hydraulic measurements.
58,14.5,calibrated_simulator,58779.59204007192,57740.038487908016,422.1734670814073,0.3476478997343711,51.308462023340425,503.3360124489696,233.3116101180767,174.98370758855754,-1039.553552163903,-1.7685620401298574,calibrated_simulator + simulator_assisted_hidden_state,Thermal boundary variables use real operating data; pressure/head and flow-based energy indicators are simulator-assisted hidden-state proxies. Pressure/head and flow are simulator-assisted hidden hydraulic states because public district-heating datasets do not provide dense distributed hydraulic measurements.
59,14.75,calibrated_simulator,58201.48365314723,58477.379430054796,422.34971161158194,0.3460018239425449,50.82368239596862,498.5803243044522,230.01293545494133,172.50970159120598,275.89577690756414,0.47403564237600865,calibrated_simulator + simulator_assisted_hidden_state,Thermal boundary variables use real operating data; pressure/head and flow-based energy indicators are simulator-assisted hidden-state proxies. Pressure/head and flow are simulator-assisted hidden hydraulic states because public district-heating datasets do not provide dense distributed hydraulic measurements.
60,15.0,calibrated_simulator,58473.82159003485,58102.3723024362,422.47233414219613,0.34541991941960515,50.652934817796194,496.9052905625806,228.85464723373613,171.6409854253021,-371.44928759865434,-0.635240313525116,calibrated_simulator + simulator_assisted_hidden_state,Thermal boundary variables use real operating data; pressure/head and flow-based energy indicators are simulator-assisted hidden-state proxies. Pressure/head and flow are simulator-assisted hidden hydraulic states because public district-heating datasets do not provide dense distributed hydraulic measurements.
61,15.25,calibrated_simulator,58928.4557241868,58581.700776894606,422.3742254222876,0.3459035924188783,50.79494660128448,498.2984261586007,229.81762093991088,172.36321570493317,-346.75494729219645,-0.5884337932003081,calibrated_simulator + simulator_assisted_hidden_state,Thermal boundary variables use real operating data; pressure/head and flow-based energy indicators are simulator-assisted hidden-state proxies. Pressure/head and flow are simulator-assisted hidden hydraulic states because public district-heating datasets do not provide dense distributed hydraulic measurements.
62,15.5,calibrated_simulator,65957.07926794887,42964.65979533745,412.2920632051596,0.38517479892799267,62.98336538074979,617.8668143851554,317.3156346601088,237.9867259950816,-22992.419472611415,-34.8596689359232,calibrated_simulator + simulator_assisted_hidden_state,Thermal boundary variables use real operating data; pressure/head and flow-based energy indicators are simulator-assisted hidden-state proxies. Pressure/head and flow are simulator-assisted hidden hydraulic states because public district-heating datasets do not provide dense distributed hydraulic measurements.
63,15.75,calibrated_simulator,64977.521463231,65972.1193069052,412.39204434539005,0.38287438381814165,62.23316139565529,610.5073132913783,311.66348185720756,233.74761139290567,994.5978436741934,1.530679874019216,calibrated_simulator + simulator_assisted_hidden_state,Thermal boundary variables use real operating data; pressure/head and flow-based energy indicators are simulator-assisted hidden-state proxies. Pressure/head and flow are simulator-assisted hidden hydraulic states because public district-heating datasets do not provide dense distributed hydraulic measurements.
64,16.0,calibrated_simulator,65139.935975129374,65118.36216590314,411.98459743566576,0.38131949664855197,61.72875926894429,605.5591284283435,307.882002724309,230.91150204323176,-21.573809226232697,-0.0331191747478377,calibrated_simulator + simulator_assisted_hidden_state,Thermal boundary variables use real operating data; pressure/head and flow-based energy indicators are simulator-assisted hidden-state proxies. Pressure/head and flow are simulator-assisted hidden hydraulic states because public district-heating datasets do not provide dense distributed hydraulic measurements.
65,16.25,calibrated_simulator,68201.48926387528,66390.99927905087,411.34803812778586,0.3862537688285601,63.33699771252361,621.3359475598565,319.9911352715456,239.99335145365922,-1810.4899848244095,-2.654619428938751,calibrated_simulator + simulator_assisted_hidden_state,Thermal boundary variables use real operating data; pressure/head and flow-based energy indicators are simulator-assisted hidden-state proxies. Pressure/head and flow are simulator-assisted hidden hydraulic states because public district-heating datasets do not provide dense distributed hydraulic measurements.
66,16.5,calibrated_simulator,69292.9126964984,69489.87268273247,410.0680405300606,0.3911793997761169,64.96267725270997,637.2838638490848,332.3897591299861,249.29231934748958,196.95998623406922,0.284242613810665,calibrated_simulator + simulator_assisted_hidden_state,Thermal boundary variables use real operating data; pressure/head and flow-based energy indicators are simulator-assisted hidden-state proxies. Pressure/head and flow are simulator-assisted hidden hydraulic states because public district-heating datasets do not provide dense distributed hydraulic measurements.
67,16.75,calibrated_simulator,68473.95195555495,70068.82098948455,408.4839742154377,0.39315426711713697,65.6200938098029,643.7331202741665,337.44856416055694,253.0864231204177,1594.8690339296008,2.32916165692437,calibrated_simulator + simulator_assisted_hidden_state,Thermal boundary variables use real operating data; pressure/head and flow-based energy indicators are simulator-assisted hidden-state proxies. Pressure/head and flow are simulator-assisted hidden hydraulic states because public district-heating datasets do not provide dense distributed hydraulic measurements.
68,17.0,calibrated_simulator,69205.40654267227,69683.58197108463,406.79589537892014,0.3976134424187816,67.11720358242519,658.4197671435911,349.06206689404786,261.79655017053585,478.1754284123599,0.6909509708862348,calibrated_simulator + simulator_assisted_hidden_state,Thermal boundary variables use real operating data; pressure/head and flow-based energy indicators are simulator-assisted hidden-state proxies. Pressure/head and flow are simulator-assisted hidden hydraulic states because public district-heating datasets do not provide dense distributed hydraulic measurements.
69,17.25,calibrated_simulator,69731.90042128967,70376.65834111799,404.8803820795206,0.4018008228281316,68.5382878436373,672.3606037460819,360.2067250965268,270.1550438223951,644.7579198283202,0.9246240471476822,calibrated_simulator + simulator_assisted_hidden_state,Thermal boundary variables use real operating data; pressure/head and flow-based energy indicators are simulator-assisted hidden-state proxies. Pressure/head and flow are simulator-assisted hidden hydraulic states because public district-heating datasets do not provide dense distributed hydraulic measurements.
70,17.5,calibrated_simulator,69218.06546592273,70365.54724564246,402.89703484092513,0.4028933498463482,68.91134301193776,676.0202749471094,363.15209751665367,272.36407313749027,1147.481779719732,1.6577778821117983,calibrated_simulator + simulator_assisted_hidden_state,Thermal boundary variables use real operating data; pressure/head and flow-based energy indicators are simulator-assisted hidden-state proxies. Pressure/head and flow are simulator-assisted hidden hydraulic states because public district-heating datasets do not provide dense distributed hydraulic measurements.
71,17.75,calibrated_simulator,69432.00217880202,70116.32541034631,401.0825024362401,0.4057661572445032,69.89768129879062,685.6962535411359,370.976445115119,278.2323338363393,684.3232315442874,0.9856020423867528,calibrated_simulator + simulator_assisted_hidden_state,Thermal boundary variables use real operating data; pressure/head and flow-based energy indicators are simulator-assisted hidden-state proxies. Pressure/head and flow are simulator-assisted hidden hydraulic states because public district-heating datasets do not provide dense distributed hydraulic measurements.
72,18.0,calibrated_simulator,70410.16388451467,70252.35043668943,400.2922003901843,0.408880178046329,70.97465762015747,696.2613912537448,379.5833088301545,284.6874816226159,-157.8134478252323,-0.2241344702507364,calibrated_simulator + simulator_assisted_hidden_state,Thermal boundary variables use real operating data; pressure/head and flow-based energy indicators are simulator-assisted hidden-state proxies. Pressure/head and flow are simulator-assisted hidden hydraulic states because public district-heating datasets do not provide dense distributed hydraulic measurements.
73,18.25,calibrated_simulator,70097.99010872377,71072.26355649965,400.7320531946398,0.4118332641089874,72.00355961716423,706.354919844381,387.86726967860477,290.9004522589536,974.2734477758786,1.3898735844847414,calibrated_simulator + simulator_assisted_hidden_state,Thermal boundary variables use real operating data; pressure/head and flow-based energy indicators are simulator-assisted hidden-state proxies. Pressure/head and flow are simulator-assisted hidden hydraulic states because public district-heating datasets do not provide dense distributed hydraulic measurements.
74,18.5,calibrated_simulator,69602.6676866291,70461.25704119161,402.32677485272654,0.41351181904266726,72.59162954592881,712.1238858455616,392.62885789297457,294.4716434197309,858.5893545625149,1.233558113646056,calibrated_simulator + simulator_assisted_hidden_state,Thermal boundary variables use real operating data; pressure/head and flow-based energy indicators are simulator-assisted hidden-state proxies. Pressure/head and flow are simulator-assisted hidden hydraulic states because public district-heating datasets do not provide dense distributed hydraulic measurements.
75,18.75,calibrated_simulator,69427.95737660676,69752.3568002956,404.597980029622,0.4142012456285984,72.83383250675145,714.4998968912317,394.59566305847113,295.9467472938533,324.3994236888393,0.4672461007734376,calibrated_simulator + simulator_assisted_hidden_state,Thermal boundary variables use real operating data; pressure/head and flow-based energy indicators are simulator-assisted hidden-state proxies. Pressure/head and flow are simulator-assisted hidden hydraulic states because public district-heating datasets do not provide dense distributed hydraulic measurements.
76,19.0,calibrated_simulator,68145.74483604117,69162.53469681097,407.0532053048148,0.41276739650438776,72.33032681095195,709.5605060154386,390.5112569737714,292.88344273032857,1016.7898607698007,1.4920812197683064,calibrated_simulator + simulator_assisted_hidden_state,Thermal boundary variables use real operating data; pressure/head and flow-based energy indicators are simulator-assisted hidden-state proxies. Pressure/head and flow are simulator-assisted hidden hydraulic states because public district-heating datasets do not provide dense distributed hydraulic measurements.
77,19.25,calibrated_simulator,69872.48122706333,68627.33857250579,409.5957571058095,0.416013645296982,73.47275943001668,720.7677700084637,399.79896988506357,299.8492274137977,-1245.1426545575378,-1.7820215236256178,calibrated_simulator + simulator_assisted_hidden_state,Thermal boundary variables use real operating data; pressure/head and flow-based energy indicators are simulator-assisted hidden-state proxies. Pressure/head and flow are simulator-assisted hidden hydraulic states because public district-heating datasets do not provide dense distributed hydraulic measurements.
78,19.5,calibrated_simulator,69992.33133064547,70371.17249299466,411.6100644802304,0.4191383124711941,74.58059869596009,731.6356732073684,408.87538854915,306.65654141186246,378.8411623491993,0.5412609569461896,calibrated_simulator + simulator_assisted_hidden_state,Thermal boundary variables use real operating data; pressure/head and flow-based energy indicators are simulator-assisted hidden-state proxies. Pressure/head and flow are simulator-assisted hidden hydraulic states because public district-heating datasets do not provide dense distributed hydraulic measurements.
79,19.75,calibrated_simulator,69029.25763247696,69931.42056636004,413.32650934640935,0.4188316114870284,74.47130078305798,730.5634606817989,407.97742870786414,305.9830715308981,902.1629338830826,1.306928344335304,calibrated_simulator + simulator_assisted_hidden_state,Thermal boundary variables use real operating data; pressure/head and flow-based energy indicators are simulator-assisted hidden-state proxies. Pressure/head and flow are simulator-assisted hidden hydraulic states because public district-heating datasets do not provide dense distributed hydraulic measurements.
80,20.0,calibrated_simulator,69586.39055191058,69177.808290576,414.8910299199882,0.41974144765920185,74.79527082228292,733.7416067665954,410.64235230933275,307.9817642319996,-408.58226133458083,-0.5871582907145954,calibrated_simulator + simulator_assisted_hidden_state,Thermal boundary variables use real operating data; pressure/head and flow-based energy indicators are simulator-assisted hidden-state proxies. Pressure/head and flow are simulator-assisted hidden hydraulic states because public district-heating datasets do not provide dense distributed hydraulic measurements.
81,20.25,calibrated_simulator,69591.68281864155,69924.71992088082,415.91666070153565,0.42186320951844264,75.5534179119263,741.1790297159971,416.9015524050076,312.6761643037557,333.03710223926464,0.4785587713221009,calibrated_simulator + simulator_assisted_hidden_state,Thermal boundary variables use real operating data; pressure/head and flow-based energy indicators are simulator-assisted hidden-state proxies. Pressure/head and flow are simulator-assisted hidden hydraulic states because public district-heating datasets do not provide dense distributed hydraulic measurements.
82,20.5,calibrated_simulator,71008.21093575138,69834.48674670285,416.89478180895196,0.42367766557822,76.20471601301053,747.5682640876332,422.30396931868097,316.72797698901076,-1173.7241890485311,-1.6529415029348131,calibrated_simulator + simulator_assisted_hidden_state,Thermal boundary variables use real operating data; pressure/head and flow-based energy indicators are simulator-assisted hidden-state proxies. Pressure/head and flow are simulator-assisted hidden hydraulic states because public district-heating datasets do not provide dense distributed hydraulic measurements.
83,20.75,calibrated_simulator,70714.18687774276,70955.39539783775,417.52161441787024,0.4238324937286433,76.26033019591512,748.1138392219274,422.7666054271183,317.0749540703387,241.20852009499504,0.341103434466437,calibrated_simulator + simulator_assisted_hidden_state,Thermal boundary variables use real operating data; pressure/head and flow-based energy indicators are simulator-assisted hidden-state proxies. Pressure/head and flow are simulator-assisted hidden hydraulic states because public district-heating datasets do not provide dense distributed hydraulic measurements.
84,21.0,calibrated_simulator,70416.24835594073,70711.85251261966,417.95382124301324,0.42415624232194543,76.37688846108125,749.2572758032071,423.7362008494211,317.80215063706584,295.6041566789354,0.4197953790220585,calibrated_simulator + simulator_assisted_hidden_state,Thermal boundary variables use real operating data; pressure/head and flow-based energy indicators are simulator-assisted hidden-state proxies. Pressure/head and flow are simulator-assisted hidden hydraulic states because public district-heating datasets do not provide dense distributed hydraulic measurements.
85,21.25,calibrated_simulator,70992.27033161657,70519.95332677814,418.3204509516693,0.4248664769823456,76.63290482938824,751.7687963762986,425.8684800288751,319.40136002165633,-472.3170048384345,-0.6653076491738665,calibrated_simulator + simulator_assisted_hidden_state,Thermal boundary variables use real operating data; pressure/head and flow-based energy indicators are simulator-assisted hidden-state proxies. Pressure/head and flow are simulator-assisted hidden hydraulic states because public district-heating datasets do not provide dense distributed hydraulic measurements.
86,21.5,calibrated_simulator,69541.9778744126,70884.30801731098,418.2977387269906,0.42416379767549306,76.3795524129362,749.2834091709042,423.75852849222815,317.8188963691711,1342.3301428983832,1.9302444134139052,calibrated_simulator + simulator_assisted_hidden_state,Thermal boundary variables use real operating data; pressure/head and flow-based energy indicators are simulator-assisted hidden-state proxies. Pressure/head and flow are simulator-assisted hidden hydraulic states because public district-heating datasets do not provide dense distributed hydraulic measurements.
87,21.75,calibrated_simulator,69474.77531675699,69644.41570490296,418.3922223206692,0.42464346319894164,76.55246345799098,750.9796665228915,425.19814184568935,318.898606384267,169.64038814597006,0.24417551171994015,calibrated_simulator + simulator_assisted_hidden_state,Thermal boundary variables use real operating data; pressure/head and flow-based energy indicators are simulator-assisted hidden-state proxies. Pressure/head and flow are simulator-assisted hidden hydraulic states because public district-heating datasets do not provide dense distributed hydraulic measurements.
88,22.0,calibrated_simulator,70514.82616317939,69605.08140763972,418.7112041140655,0.4252874972594874,76.78485466131457,753.2594242274959,427.135753755779,320.35181531683423,-909.7447555396648,-1.290146774856129,calibrated_simulator + simulator_assisted_hidden_state,Thermal boundary variables use real operating data; pressure/head and flow-based energy indicators are simulator-assisted hidden-state proxies. Pressure/head and flow are simulator-assisted hidden hydraulic states because public district-heating datasets do not provide dense distributed hydraulic measurements.
89,22.25,calibrated_simulator,70603.83645835165,70594.74917297997,418.8180805053599,0.42569240511826517,76.93112160935067,754.69430298773,428.35684395719943,321.26763296789954,-9.087285371686448,-0.012870809615348491,calibrated_simulator + simulator_assisted_hidden_state,Thermal boundary variables use real operating data; pressure/head and flow-based energy indicators are simulator-assisted hidden-state proxies. Pressure/head and flow are simulator-assisted hidden hydraulic states because public district-heating datasets do not provide dense distributed hydraulic measurements.
90,22.5,calibrated_simulator,70688.9109110683,70767.45815384471,418.8986498972146,0.4262440277169677,77.13063732812314,756.6515521888881,430.024273577716,322.51820518328697,78.54724277640344,0.11111678163385694,calibrated_simulator + simulator_assisted_hidden_state,Thermal boundary variables use real operating data; pressure/head and flow-based energy indicators are simulator-assisted hidden-state proxies. Pressure/head and flow are simulator-assisted hidden hydraulic states because public district-heating datasets do not provide dense distributed hydraulic measurements.
91,22.75,calibrated_simulator,71524.65475366959,71179.13576047677,418.94586393393377,0.42844988891159347,77.93111420453357,764.5042303464743,436.7356700858536,327.5517525643902,-345.518993192818,-0.48307677175483477,calibrated_simulator + simulator_assisted_hidden_state,Thermal boundary variables use real operating data; pressure/head and flow-based energy indicators are simulator-assisted hidden-state proxies. Pressure/head and flow are simulator-assisted hidden hydraulic states because public district-heating datasets do not provide dense distributed hydraulic measurements.
92,23.0,calibrated_simulator,71294.0289425347,71735.21841212903,419.0167130341409,0.4291057584202403,78.16980366129646,766.8457739173182,438.7439165441959,329.0579374081469,441.1894695943338,0.6188308840701748,calibrated_simulator + simulator_assisted_hidden_state,Thermal boundary variables use real operating data; pressure/head and flow-based energy indicators are simulator-assisted hidden-state proxies. Pressure/head and flow are simulator-assisted hidden hydraulic states because public district-heating datasets do not provide dense distributed hydraulic measurements.
93,23.25,calibrated_simulator,72575.61631115261,71781.85562582761,419.2633543978775,0.431828469071868,79.16505256187077,776.6091656319522,447.14926274936886,335.3619470620267,-793.7606853250036,-1.0937016117395717,calibrated_simulator + simulator_assisted_hidden_state,Thermal boundary variables use real operating data; pressure/head and flow-based energy indicators are simulator-assisted hidden-state proxies. Pressure/head and flow are simulator-assisted hidden hydraulic states because public district-heating datasets do not provide dense distributed hydraulic measurements.
94,23.5,calibrated_simulator,71444.91130160632,72684.69106993779,419.27070119831143,0.4329250459146096,79.56753234359124,780.55749229063,450.56385091855145,337.9228881889136,1239.7797683314711,1.7352947127300817,calibrated_simulator + simulator_assisted_hidden_state,Thermal boundary variables use real operating data; pressure/head and flow-based energy indicators are simulator-assisted hidden-state proxies. Pressure/head and flow are simulator-assisted hidden hydraulic states because public district-heating datasets do not provide dense distributed hydraulic measurements.
95,23.75,calibrated_simulator,70790.82319791112,71535.09953793965,419.3786184928674,0.4340980571994361,79.99929717518577,784.7931052885725,454.2362164123757,340.6771623092818,744.276340028533,1.0513740431407994,calibrated_simulator + simulator_assisted_hidden_state,Thermal boundary variables use real operating data; pressure/head and flow-based energy indicators are simulator-assisted hidden-state proxies. Pressure/head and flow are simulator-assisted hidden hydraulic states because public district-heating datasets do not provide dense distributed hydraulic measurements.
96,24.0,calibrated_simulator,71586.26502071045,70855.8833595575,419.7402058556762,0.43450574656114294,80.14959005105166,786.2674784008168,455.516983599059,341.63773769929423,-730.3816611529473,-1.0202818388997419,calibrated_simulator + simulator_assisted_hidden_state,Thermal boundary variables use real operating data; pressure/head and flow-based energy indicators are simulator-assisted hidden-state proxies. Pressure/head and flow are simulator-assisted hidden hydraulic states because public district-heating datasets do not provide dense distributed hydraulic measurements.
97,24.25,calibrated_simulator,71401.26740222609,71674.4367550516,419.9080694584013,0.43468842454105544,80.21698581387288,786.9286308340929,456.09168901802894,342.0687667635217,273.16935282551276,0.38258333887361234,calibrated_simulator + simulator_assisted_hidden_state,Thermal boundary variables use real operating data; pressure/head and flow-based energy indicators are simulator-assisted hidden-state proxies. Pressure/head and flow are simulator-assisted hidden hydraulic states because public district-heating datasets do not provide dense distributed hydraulic measurements.
98,24.5,calibrated_simulator,70885.20731601234,71423.56808198549,420.07300465145624,0.43454837046910527,80.16528532932739,786.4214490807017,455.65087893329513,341.73815919997134,538.3607659731497,0.7594825300758326,calibrated_simulator + simulator_assisted_hidden_state,Thermal boundary variables use real operating data; pressure/head and flow-based energy indicators are simulator-assisted hidden-state proxies. Pressure/head and flow are simulator-assisted hidden hydraulic states because public district-heating datasets do not provide dense distributed hydraulic measurements.
99,24.75,calibrated_simulator,71782.9636915654,71059.51011215079,420.4561107631435,0.4355022944349299,80.51769136844828,789.8785523244777,458.6585624830012,343.9939218622509,-723.4535794146068,-1.0078346479578604,calibrated_simulator + simulator_assisted_hidden_state,Thermal boundary variables use real operating data; pressure/head and flow-based energy indicators are simulator-assisted hidden-state proxies. Pressure/head and flow are simulator-assisted hidden hydraulic states because public district-heating datasets do not provide dense distributed hydraulic measurements.
100,25.0,calibrated_simulator,71417.13166891261,71962.6734622279,420.6389543766209,0.4364235879745213,80.85871574226827,793.2240014316518,461.57555302974436,346.18166477230824,545.541793315293,0.7638808512282546,calibrated_simulator + simulator_assisted_hidden_state,Thermal boundary variables use real operating data; pressure/head and flow-based energy indicators are simulator-assisted hidden-state proxies. Pressure/head and flow are simulator-assisted hidden hydraulic states because public district-heating datasets do not provide dense distributed hydraulic measurements.
101,25.25,calibrated_simulator,71549.6786321659,71417.9380855958,420.98303347874736,0.43636251524387765,80.8360321699074,793.0014755867916,461.381491305545,346.0361184791588,-131.7405465701013,-0.18412458181311236,calibrated_simulator + simulator_assisted_hidden_state,Thermal boundary variables use real operating data; pressure/head and flow-based energy indicators are simulator-assisted hidden-state proxies. Pressure/head and flow are simulator-assisted hidden hydraulic states because public district-heating datasets do not provide dense distributed hydraulic measurements.
102,25.5,calibrated_simulator,72367.69319316691,71808.48570679707,421.288913553881,0.43843151481064535,81.6045310231506,800.5404493371074,467.97621582675026,350.9821618700627,-559.2074863698363,-0.772730843965381,calibrated_simulator + simulator_assisted_hidden_state,Thermal boundary variables use real operating data; pressure/head and flow-based energy indicators are simulator-assisted hidden-state proxies. Pressure/head and flow are simulator-assisted hidden hydraulic states because public district-heating datasets do not provide dense distributed hydraulic measurements.
103,25.75,calibrated_simulator,72147.41314940175,72332.49745787654,421.48711817834,0.4388550123290138,81.7621653061823,802.0868416536483,469.33310771046877,351.9998307828516,185.0843084747903,0.25653630587076015,calibrated_simulator + simulator_assisted_hidden_state,Thermal boundary variables use real operating data; pressure/head and flow-based energy indicators are simulator-assisted hidden-state proxies. Pressure/head and flow are simulator-assisted hidden hydraulic states because public district-heating datasets do not provide dense distributed hydraulic measurements.
104,26.0,calibrated_simulator,71902.81942017573,72125.21885196524,421.6357016450108,0.4387825081786428,81.7351237948575,801.8215644275521,469.1003695349927,351.8252771512445,222.39943178951216,0.3093055788117086,calibrated_simulator + simulator_assisted_hidden_state,Thermal boundary variables use real operating data; pressure/head and flow-based energy indicators are simulator-assisted hidden-state proxies. Pressure/head and flow are simulator-assisted hidden hydraulic states because public district-heating datasets do not provide dense distributed hydraulic measurements.
105,26.25,calibrated_simulator,72041.37036814488,71918.78108627108,421.80409451047495,0.43870953774376836,81.7079405892351,801.5548971803962,468.8663712243538,351.6497784182654,-122.58928187380661,-0.17016511658142044,calibrated_simulator + simulator_assisted_hidden_state,Thermal boundary variables use real operating data; pressure/head and flow-based energy indicators are simulator-assisted hidden-state proxies. Pressure/head and flow are simulator-assisted hidden hydraulic states because public district-heating datasets do not provide dense distributed hydraulic measurements.
106,26.5,calibrated_simulator,71542.21916363259,72112.65042379517,421.8027097008553,0.43901415058475635,81.82146687107723,802.6685900052677,469.8438256563022,352.38286924222666,570.4312601625861,0.7973351495539802,calibrated_simulator + simulator_assisted_hidden_state,Thermal boundary variables use real operating data; pressure/head and flow-based energy indicators are simulator-assisted hidden-state proxies. Pressure/head and flow are simulator-assisted hidden hydraulic states because public district-heating datasets do not provide dense distributed hydraulic measurements.
107,26.75,calibrated_simulator,72116.57884535269,71693.2241229862,421.89661722567126,0.43979482500850503,82.11274910964437,805.5260687656113,472.3549286034147,354.266196452561,-423.35472236649366,-0.5870421602698855,calibrated_simulator + simulator_assisted_hidden_state,Thermal boundary variables use real operating data; pressure/head and flow-based energy indicators are simulator-assisted hidden-state proxies. Pressure/head and flow are simulator-assisted hidden hydraulic states because public district-heating datasets do not provide dense distributed hydraulic measurements.
108,27.0,calibrated_simulator,71352.3718220064,71851.7674817259,421.97079032588414,0.4380770659504637,81.47242821165305,799.2445207563164,466.84092617321545,350.13069462991155,499.39565971949196,0.6999005736841799,calibrated_simulator + simulator_assisted_hidden_state,Thermal boundary variables use real operating data; pressure/head and flow-based energy indicators are simulator-assisted hidden-state proxies. Pressure/head and flow are simulator-assisted hidden hydraulic states because public district-heating datasets do not provide dense distributed hydraulic measurements.
109,27.25,calibrated_simulator,70379.80870674764,71130.46798889668,422.01669755111845,0.43649193948290677,80.88390622057823,793.4711200238723,461.7916641371925,346.3437481028944,750.659282149034,1.066583294189978,calibrated_simulator + simulator_assisted_hidden_state,Thermal boundary variables use real operating data; pressure/head and flow-based energy indicators are simulator-assisted hidden-state proxies. Pressure/head and flow are simulator-assisted hidden hydraulic states because public district-heating datasets do not provide dense distributed hydraulic measurements.
110,27.5,calibrated_simulator,70289.71936426513,70166.39916251008,422.2490404716845,0.434980484399347,80.3247207872683,787.9855109231021,457.01109232133047,342.7583192409978,-123.32020175505022,-0.17544557421827675,calibrated_simulator + simulator_assisted_hidden_state,Thermal boundary variables use real operating data; pressure/head and flow-based energy indicators are simulator-assisted hidden-state proxies. Pressure/head and flow are simulator-assisted hidden hydraulic states because public district-heating datasets do not provide dense distributed hydraulic measurements.
111,27.75,calibrated_simulator,69317.98742550402,69987.75675227225,422.4116898839045,0.4330326329019913,79.60691503553218,780.9438364985707,450.89888755674434,338.17416566755827,669.7693267682334,0.9662273121937274,calibrated_simulator + simulator_assisted_hidden_state,Thermal boundary variables use real operating data; pressure/head and flow-based energy indicators are simulator-assisted hidden-state proxies. Pressure/head and flow are simulator-assisted hidden hydraulic states because public district-heating datasets do not provide dense distributed hydraulic measurements.
112,28.0,calibrated_simulator,70181.01762538125,69336.15509614268,422.8125216032753,0.4330811877322696,79.62487920752301,781.1200650258007,451.051207363842,338.2884055228815,-844.8625292385696,-1.2038333980113471,calibrated_simulator + simulator_assisted_hidden_state,Thermal boundary variables use real operating data; pressure/head and flow-based energy indicators are simulator-assisted hidden-state proxies. Pressure/head and flow are simulator-assisted hidden hydraulic states because public district-heating datasets do not provide dense distributed hydraulic measurements.
113,28.25,calibrated_simulator,69822.19598868136,70104.14885616707,423.0610745130024,0.43262941612553285,79.45881558709586,779.4909809094104,449.6409705946094,337.2307279459571,281.9528674857138,0.40381552526852665,calibrated_simulator + simulator_assisted_hidden_state,Thermal boundary variables use real operating data; pressure/head and flow-based energy indicators are simulator-assisted hidden-state proxies. Pressure/head and flow are simulator-assisted hidden hydraulic states because public district-heating datasets do not provide dense distributed hydraulic measurements.
114,28.5,calibrated_simulator,69813.88675076979,69638.88172713564,423.424964428051,0.43175718574184185,79.13871898457805,776.3508332387106,446.9267345433063,335.1950509074797,-175.00502363414853,-0.25067365789116286,calibrated_simulator + simulator_assisted_hidden_state,Thermal boundary variables use real operating data; pressure/head and flow-based energy indicators are simulator-assisted hidden-state proxies. Pressure/head and flow are simulator-assisted hidden hydraulic states because public district-heating datasets do not provide dense distributed hydraulic measurements.
115,28.75,calibrated_simulator,70129.56441774273,69985.79690752315,423.66392457845336,0.43292322529141686,79.56686697787381,780.5509650529422,450.55818839339696,337.91864129504773,-143.76751021957898,-0.20500271378158721,calibrated_simulator + simulator_assisted_hidden_state,Thermal boundary variables use real operating data; pressure/head and flow-based energy indicators are simulator-assisted hidden-state proxies. Pressure/head and flow are simulator-assisted hidden hydraulic states because public district-heating datasets do not provide dense distributed hydraulic measurements.
116,29.0,calibrated_simulator,70119.31961202154,70035.29147667308,423.8936832239962,0.43223909973575336,79.31549250919753,778.0849815152277,448.42500257073647,336.31875192805234,-84.02813534846064,-0.1198359251250557,calibrated_simulator + simulator_assisted_hidden_state,Thermal boundary variables use real operating data; pressure/head and flow-based energy indicators are simulator-assisted hidden-state proxies. Pressure/head and flow are simulator-assisted hidden hydraulic states because public district-heating datasets do not provide dense distributed hydraulic measurements.
117,29.25,calibrated_simulator,69183.86121565236,69737.46786963426,424.08305754195624,0.4299121293883361,78.46370557995166,769.7289517393259,441.22108359214053,330.9158126941054,553.6066539819003,0.8001962368886266,calibrated_simulator + simulator_assisted_hidden_state,Thermal boundary variables use real operating data; pressure/head and flow-based energy indicators are simulator-assisted hidden-state proxies. Pressure/head and flow are simulator-assisted hidden hydraulic states because public district-heating datasets do not provide dense distributed hydraulic measurements.
118,29.5,calibrated_simulator,69024.19265934506,68966.69787766095,424.27528019842447,0.428658360070142,78.00677832601824,765.2464953782388,437.3724103443458,328.02930775825934,-57.49478168411588,-0.08329656526063223,calibrated_simulator + simulator_assisted_hidden_state,Thermal boundary variables use real operating data; pressure/head and flow-based energy indicators are simulator-assisted hidden-state proxies. Pressure/head and flow are simulator-assisted hidden hydraulic states because public district-heating datasets do not provide dense distributed hydraulic measurements.
119,29.75,calibrated_simulator,69292.93694881823,68803.41579362076,424.47610197293164,0.4274133938210636,77.55432122385349,760.8078912060028,433.5726437682722,325.17948282620415,-489.5211551974644,-0.7064517348413719,calibrated_simulator + simulator_assisted_hidden_state,Thermal boundary variables use real operating data; pressure/head and flow-based energy indicators are simulator-assisted hidden-state proxies. Pressure/head and flow are simulator-assisted hidden hydraulic states because public district-heating datasets do not provide dense distributed hydraulic measurements.
120,30.0,calibrated_simulator,68616.2907306378,69144.73772664866,424.3682830758542,0.4265222208216291,77.23127039663586,757.6387625909979,430.86635680115126,323.1497676008634,528.4469960108545,0.7701480076871863,calibrated_simulator + simulator_assisted_hidden_state,Thermal boundary variables use real operating data; pressure/head and flow-based energy indicators are simulator-assisted hidden-state proxies. Pressure/head and flow are simulator-assisted hidden hydraulic states because public district-heating datasets do not provide dense distributed hydraulic measurements.
121,30.25,calibrated_simulator,68036.75356569071,68436.30992261197,424.2435124286193,0.42534282799017026,76.804734368124,753.4544441512965,427.30192538276566,320.4764440370742,399.5563569212536,0.5872654645925672,calibrated_simulator + simulator_assisted_hidden_state,Thermal boundary variables use real operating data; pressure/head and flow-based energy indicators are simulator-assisted hidden-state proxies. Pressure/head and flow are simulator-assisted hidden hydraulic states because public district-heating datasets do not provide dense distributed hydraulic measurements.
122,30.5,calibrated_simulator,68792.94177588266,68009.84999739112,424.30206452236416,0.42508874915117967,76.71305437752899,752.5550634435594,426.5369207821457,319.9026905866093,-783.0917784915364,-1.1383315762869028,calibrated_simulator + simulator_assisted_hidden_state,Thermal boundary variables use real operating data; pressure/head and flow-based energy indicators are simulator-assisted hidden-state proxies. Pressure/head and flow are simulator-assisted hidden hydraulic states because public district-heating datasets do not provide dense distributed hydraulic measurements.
123,30.75,calibrated_simulator,68729.38960783611,68687.55869179092,424.2361533468813,0.4244567217762301,76.48508702555563,750.3187037207007,424.6370896915721,318.4778172686791,-41.83091604518995,-0.060863214825380374,calibrated_simulator + simulator_assisted_hidden_state,Thermal boundary variables use real operating data; pressure/head and flow-based energy indicators are simulator-assisted hidden-state proxies. Pressure/head and flow are simulator-assisted hidden hydraulic states because public district-heating datasets do not provide dense distributed hydraulic measurements.
124,31.0,calibrated_simulator,68992.88332219173,68844.1451186237,424.09558978494795,0.42511413370831946,76.72226726928221,752.6454419116585,426.6136200370533,319.96021502779,-148.7382035680348,-0.21558484934371888,calibrated_simulator + simulator_assisted_hidden_state,Thermal boundary variables use real operating data; pressure/head and flow-based energy indicators are simulator-assisted hidden-state proxies. Pressure/head and flow are simulator-assisted hidden hydraulic states because public district-heating datasets do not provide dense distributed hydraulic measurements.
125,31.25,calibrated_simulator,68966.1294865881,69014.56647842858,423.98411069527367,0.42514932546685535,76.73493565234887,752.7697187495423,426.71938421098986,320.0395381582424,48.43699184047,0.07023301467119389,calibrated_simulator + simulator_assisted_hidden_state,Thermal boundary variables use real operating data; pressure/head and flow-based energy indicators are simulator-assisted hidden-state proxies. Pressure/head and flow are simulator-assisted hidden hydraulic states because public district-heating datasets do not provide dense distributed hydraulic measurements.
126,31.5,calibrated_simulator,68904.47710783427,68996.02503476628,423.90527150689474,0.42527059017601543,76.77872065877129,753.1992496625463,427.08465256549744,320.3134894241231,91.5479269320058,0.13286208788542858,calibrated_simulator + simulator_assisted_hidden_state,Thermal boundary variables use real operating data; pressure/head and flow-based energy indicators are simulator-assisted hidden-state proxies. Pressure/head and flow are simulator-assisted hidden hydraulic states because public district-heating datasets do not provide dense distributed hydraulic measurements.
127,31.75,calibrated_simulator,69524.40420120356,69189.94457866742,423.7491999635446,0.426973892468565,77.39507150571046,759.2456514710196,432.2374281978836,324.1780711484127,-334.4596225361456,-0.48106794495961414,calibrated_simulator + simulator_assisted_hidden_state,Thermal boundary variables use real operating data; pressure/head and flow-based energy indicators are simulator-assisted hidden-state proxies. Pressure/head and flow are simulator-assisted hidden hydraulic states because public district-heating datasets do not provide dense distributed hydraulic measurements.
128,32.0,calibrated_simulator,70309.70038691824,69693.76352472242,423.62422622880376,0.42826041977030566,77.8621530728151,763.8277216443162,436.1562409381214,327.11718070359103,-615.9368621958129,-0.8760339736996142,calibrated_simulator + simulator_assisted_hidden_state,Thermal boundary variables use real operating data; pressure/head and flow-based energy indicators are simulator-assisted hidden-state proxies. Pressure/head and flow are simulator-assisted hidden hydraulic states because public district-heating datasets do not provide dense distributed hydraulic measurements.
129,32.25,calibrated_simulator,70774.39129840012,70748.5199871806,423.3370383222611,0.4313193933910332,78.97852879005029,774.7793674303933,445.5698223626209,334.1773667719657,-25.871311219525523,-0.03655462201073053,calibrated_simulator + simulator_assisted_hidden_state,Thermal boundary variables use real operating data; pressure/head and flow-based energy indicators are simulator-assisted hidden-state proxies. Pressure/head and flow are simulator-assisted hidden hydraulic states because public district-heating datasets do not provide dense distributed hydraulic measurements.
130,32.5,calibrated_simulator,70883.73070800019,71047.22439187605,423.06711840602685,0.4330460636940269,79.61205738062341,780.9942829039156,450.9419999721066,338.2064999790799,163.49368387585855,0.23065050646016022,calibrated_simulator + simulator_assisted_hidden_state,Thermal boundary variables use real operating data; pressure/head and flow-based energy indicators are simulator-assisted hidden-state proxies. Pressure/head and flow are simulator-assisted hidden hydraulic states because public district-heating datasets do not provide dense distributed hydraulic measurements.
131,32.75,calibrated_simulator,70038.65080788425,70826.66748412895,422.7727893412479,0.4326258993321126,79.45752552524439,779.4783254026474,449.630015382946,337.2225115372095,788.0166762447043,1.1251168706921997,calibrated_simulator + simulator_assisted_hidden_state,Thermal boundary variables use real operating data; pressure/head and flow-based energy indicators are simulator-assisted hidden-state proxies. Pressure/head and flow are simulator-assisted hidden hydraulic states because public district-heating datasets do not provide dense distributed hydraulic measurements.
132,33.0,calibrated_simulator,69376.34067035983,69830.13889825056,422.6765732781859,0.4314226361199509,79.01610582015583,775.1479980957287,445.8885236287492,334.4163927215619,453.7982278907293,0.654110931054928,calibrated_simulator + simulator_assisted_hidden_state,Thermal boundary variables use real operating data; pressure/head and flow-based energy indicators are simulator-assisted hidden-state proxies. Pressure/head and flow are simulator-assisted hidden hydraulic states because public district-heating datasets do not provide dense distributed hydraulic measurements.
133,33.25,calibrated_simulator,69604.30380486143,69453.95160013455,422.6660728226793,0.4319390719692241,79.20548770961767,777.0058344313493,447.4922387185995,335.6191790389496,-150.35220472687797,-0.21600992540403344,calibrated_simulator + simulator_assisted_hidden_state,Thermal boundary variables use real operating data; pressure/head and flow-based energy indicators are simulator-assisted hidden-state proxies. Pressure/head and flow are simulator-assisted hidden hydraulic states because public district-heating datasets do not provide dense distributed hydraulic measurements.
134,33.5,calibrated_simulator,69488.76021123199,69600.14003046993,422.6283116481285,0.43189405586962326,79.18894800881155,776.8435799664412,447.3521660373125,335.51412452798434,111.37981923794723,0.16028465452452276,calibrated_simulator + simulator_assisted_hidden_state,Thermal boundary variables use real operating data; pressure/head and flow-based energy indicators are simulator-assisted hidden-state proxies. Pressure/head and flow are simulator-assisted hidden hydraulic states because public district-heating datasets do not provide dense distributed hydraulic measurements.
135,33.75,calibrated_simulator,70039.79220266509,69669.50683105268,422.60341285000044,0.43303671271827165,79.60858677239914,780.9602362372354,450.91260461847645,338.1844534638574,-370.2853716124082,-0.528678569663601,calibrated_simulator + simulator_assisted_hidden_state,Thermal boundary variables use real operating data; pressure/head and flow-based energy indicators are simulator-assisted hidden-state proxies. Pressure/head and flow are simulator-assisted hidden hydraulic states because public district-heating datasets do not provide dense distributed hydraulic measurements.
136,34.0,calibrated_simulator,72125.29924199393,70747.25018982297,422.5571215283418,0.4373116069230372,81.18829340796299,796.4571583321169,464.39994634076527,348.2999597555739,-1378.049052170958,-1.910632006596388,calibrated_simulator + simulator_assisted_hidden_state,Thermal boundary variables use real operating data; pressure/head and flow-based energy indicators are simulator-assisted hidden-state proxies. Pressure/head and flow are simulator-assisted hidden hydraulic states because public district-heating datasets do not provide dense distributed hydraulic measurements.
137,34.25,calibrated_simulator,72110.18801007158,72429.30731030628,422.30731314151774,0.43906912487278177,81.84204058388876,802.8704181279488,470.0208158315771,352.5156118736828,319.11930023469904,0.4425439858652537,calibrated_simulator + simulator_assisted_hidden_state,Thermal boundary variables use real operating data; pressure/head and flow-based energy indicators are simulator-assisted hidden-state proxies. Pressure/head and flow are simulator-assisted hidden hydraulic states because public district-heating datasets do not provide dense distributed hydraulic measurements.
138,34.5,calibrated_simulator,72361.69894391426,72360.30312002327,422.2195317023237,0.4405253727011363,82.38580972870064,808.2047934385532,474.7129571311514,356.0347178483636,-1.3958238909981446,-0.0019289540065663916,calibrated_simulator + simulator_assisted_hidden_state,Thermal boundary variables use real operating data; pressure/head and flow-based energy indicators are simulator-assisted hidden-state proxies. Pressure/head and flow are simulator-assisted hidden hydraulic states because public district-heating datasets do not provide dense distributed hydraulic measurements.
139,34.75,calibrated_simulator,72257.32155175606,72387.92296917934,422.25203832892794,0.4406713609030349,82.44035053228188,808.7398387216853,475.18464712798135,356.38848534598606,130.60141742328415,0.18074489147752,calibrated_simulator + simulator_assisted_hidden_state,Thermal boundary variables use real operating data; pressure/head and flow-based energy indicators are simulator-assisted hidden-state proxies. Pressure/head and flow are simulator-assisted hidden hydraulic states because public district-heating datasets do not provide dense distributed hydraulic measurements.
140,35.0,calibrated_simulator,71527.94467831274,72186.5048016654,422.18814459564686,0.4403142325967965,82.30675433808155,807.42926005658,474.03012669068295,355.5225950180122,658.5601233526686,0.9207032668343172,calibrated_simulator + simulator_assisted_hidden_state,Thermal boundary variables use real operating data; pressure/head and flow-based energy indicators are simulator-assisted hidden-state proxies. Pressure/head and flow are simulator-assisted hidden hydraulic states because public district-heating datasets do not provide dense distributed hydraulic measurements.
141,35.25,calibrated_simulator,72432.86718915109,71744.94482225487,422.23691864814924,0.4419077996145318,82.90370331985962,813.2853295678228,479.19617393079454,359.39713044809594,-687.9223668962222,-0.9497378656843483,calibrated_simulator + simulator_assisted_hidden_state,Thermal boundary variables use real operating data; pressure/head and flow-based energy indicators are simulator-assisted hidden-state proxies. Pressure/head and flow are simulator-assisted hidden hydraulic states because public district-heating datasets do not provide dense distributed hydraulic measurements.
142,35.5,calibrated_simulator,72514.74348719386,72669.88166353547,422.046886899792,0.4436685696184865,83.56568333422311,819.7793535087287,484.947110898647,363.71033317398525,155.13817634161387,0.21394018496253986,calibrated_simulator + simulator_assisted_hidden_state,Thermal boundary variables use real operating data; pressure/head and flow-based energy indicators are simulator-assisted hidden-state proxies. Pressure/head and flow are simulator-assisted hidden hydraulic states because public district-heating datasets do not provide dense distributed hydraulic measurements.
143,35.75,calibrated_simulator,73334.81429912649,72789.51405961897,421.8915330862699,0.4455028498464938,84.25809420001661,826.571904102163,490.98685184074185,368.2401388805564,-545.3002395075164,-0.7435762191791786,calibrated_simulator + simulator_assisted_hidden_state,Thermal boundary variables use real operating data; pressure/head and flow-based energy indicators are simulator-assisted hidden-state proxies. Pressure/head and flow are simulator-assisted hidden hydraulic states because public district-heating datasets do not provide dense distributed hydraulic measurements.
144,36.0,calibrated_simulator,73683.39468827975,73785.53008971397,421.5949805311347,0.44811329424406837,85.24845740430888,836.2873671362702,499.6686493628435,374.7514870221326,102.13540143422142,0.13861386526273514,calibrated_simulator + simulator_assisted_hidden_state,Thermal boundary variables use real operating data; pressure/head and flow-based energy indicators are simulator-assisted hidden-state proxies. Pressure/head and flow are simulator-assisted hidden hydraulic states because public district-heating datasets do not provide dense distributed hydraulic measurements.
145,36.25,calibrated_simulator,74712.68816555446,74321.69768025028,421.408321548905,0.45165438136753117,86.60113324232472,849.5571171072056,511.60825888458413,383.7061941634381,-390.99048530418077,-0.5233254148716912,calibrated_simulator + simulator_assisted_hidden_state,Thermal boundary variables use real operating data; pressure/head and flow-based energy indicators are simulator-assisted hidden-state proxies. Pressure/head and flow are simulator-assisted hidden hydraulic states because public district-heating datasets do not provide dense distributed hydraulic measurements.
146,36.5,calibrated_simulator,75445.57522084394,75403.6179535279,421.2648142473025,0.4553615008460842,88.02859477917337,863.5605147836908,524.3096161110914,393.23221208331853,-41.957267316043726,-0.05561262829957437,calibrated_simulator + simulator_assisted_hidden_state,Thermal boundary variables use real operating data; pressure/head and flow-based energy indicators are simulator-assisted hidden-state proxies. Pressure/head and flow are simulator-assisted hidden hydraulic states because public district-heating datasets do not provide dense distributed hydraulic measurements.
147,36.75,calibrated_simulator,74924.17902232504,75834.10085858146,421.12047429804784,0.457464040245903,88.84328882431755,871.5526633665552,531.6053368943222,398.7040026707418,909.9218362564134,1.2144568657673052,calibrated_simulator + simulator_assisted_hidden_state,Thermal boundary variables use real operating data; pressure/head and flow-based energy indicators are simulator-assisted hidden-state proxies. Pressure/head and flow are simulator-assisted hidden hydraulic states because public district-heating datasets do not provide dense distributed hydraulic measurements.
148,37.0,calibrated_simulator,75671.37504656521,75200.25498498227,421.1908026287055,0.45926018238150457,89.54229170515771,878.4098816275972,537.8915765893414,403.41868244200606,-471.1200615829439,-0.6225868914011871,calibrated_simulator + simulator_assisted_hidden_state,Thermal boundary variables use real operating data; pressure/head and flow-based energy indicators are simulator-assisted hidden-state proxies. Pressure/head and flow are simulator-assisted hidden hydraulic states because public district-heating datasets do not provide dense distributed hydraulic measurements.
149,37.25,calibrated_simulator,76148.57626122382,76065.31254098513,421.15839136220546,0.46176884880738617,90.52323498503598,888.032935203203,546.7545949224362,410.06594619182727,-83.26372023868316,-0.10934376494847546,calibrated_simulator + simulator_assisted_hidden_state,Thermal boundary variables use real operating data; pressure/head and flow-based energy indicators are simulator-assisted hidden-state proxies. Pressure/head and flow are simulator-assisted hidden hydraulic states because public district-heating datasets do not provide dense distributed hydraulic measurements.
150,37.5,calibrated_simulator,76349.16955679526,76278.58936635652,421.2686912576489,0.4626114797956063,90.85381506151663,891.2759257534781,549.7526332253539,412.3144749190154,-70.58019043873355,-0.09244395302326082,calibrated_simulator + simulator_assisted_hidden_state,Thermal boundary variables use real operating data; pressure/head and flow-based energy indicators are simulator-assisted hidden-state proxies. Pressure/head and flow are simulator-assisted hidden hydraulic states because public district-heating datasets do not provide dense distributed hydraulic measurements.
151,37.75,calibrated_simulator,75632.7069261073,76503.14642871237,421.2241628207486,0.4635423171105097,91.21980811668493,894.8663176246791,553.0778751678575,414.8084063758931,870.4395026050624,1.1508770979934337,calibrated_simulator + simulator_assisted_hidden_state,Thermal boundary variables use real operating data; pressure/head and flow-based energy indicators are simulator-assisted hidden-state proxies. Pressure/head and flow are simulator-assisted hidden hydraulic states because public district-heating datasets do not provide dense distributed hydraulic measurements.
152,38.0,calibrated_simulator,77398.43114198673,76228.43486324059,421.4203073841899,0.46721472461404423,92.67106038613989,909.1031023880322,566.3284741706638,424.7463556279978,-1169.996278746141,-1.5116537395955651,calibrated_simulator + simulator_assisted_hidden_state,Thermal boundary variables use real operating data; pressure/head and flow-based energy indicators are simulator-assisted hidden-state proxies. Pressure/head and flow are simulator-assisted hidden hydraulic states because public district-heating datasets do not provide dense distributed hydraulic measurements.
153,38.25,calibrated_simulator,78931.67613242992,78297.68836791284,421.50038645313373,0.47252702140105207,94.790493191889,929.8947382124311,585.8671878187082,439.4003908640312,-633.9877645170782,-0.803210821791478,calibrated_simulator + simulator_assisted_hidden_state,Thermal boundary variables use real operating data; pressure/head and flow-based energy indicators are simulator-assisted hidden-state proxies. Pressure/head and flow are simulator-assisted hidden hydraulic states because public district-heating datasets do not provide dense distributed hydraulic measurements.
154,38.5,calibrated_simulator,79424.91338148381,79633.37988702863,421.4766686276975,0.4766456597667523,96.45004826960553,946.1749735248303,601.3202593473762,450.99019451053215,208.46650554481312,0.2624699186557911,calibrated_simulator + simulator_assisted_hidden_state,Thermal boundary variables use real operating data; pressure/head and flow-based energy indicators are simulator-assisted hidden-state proxies. Pressure/head and flow are simulator-assisted hidden hydraulic states because public district-heating datasets do not provide dense distributed hydraulic measurements.
155,38.75,calibrated_simulator,80079.9016467276,80170.59191739484,421.46361986555064,0.48105414924164414,98.2424412906497,963.7583490612735,618.1599369096033,463.61995268220244,90.69027066724084,0.11324972783723047,calibrated_simulator + simulator_assisted_hidden_state,Thermal boundary variables use real operating data; pressure/head and flow-based energy indicators are simulator-assisted hidden-state proxies. Pressure/head and flow are simulator-assisted hidden hydraulic states because public district-heating datasets do not provide dense distributed hydraulic measurements.
156,39.0,calibrated_simulator,80223.977355561,80714.23648418469,421.38865276148533,0.48471166186214815,99.741973196377,978.4687570564583,632.3669564173686,474.2752173130265,490.2591286236857,0.6111129674496271,calibrated_simulator + simulator_assisted_hidden_state,Thermal boundary variables use real operating data; pressure/head and flow-based energy indicators are simulator-assisted hidden-state proxies. Pressure/head and flow are simulator-assisted hidden hydraulic states because public district-heating datasets do not provide dense distributed hydraulic measurements.
157,39.25,calibrated_simulator,81496.17361939458,81075.66077214602,421.40760757018046,0.489186283404952,101.59205336767941,996.618043536935,650.0425022561973,487.53187669214793,-420.5128472485667,-0.5159909092326912,calibrated_simulator + simulator_assisted_hidden_state,Thermal boundary variables use real operating data; pressure/head and flow-based energy indicators are simulator-assisted hidden-state proxies. Pressure/head and flow are simulator-assisted hidden hydraulic states because public district-heating datasets do not provide dense distributed hydraulic measurements.
158,39.5,calibrated_simulator,82319.09873895065,82280.66038970223,421.32828985449663,0.4938511876344945,103.5388711130933,1015.7163256194452,668.8169516092106,501.6127137069079,-38.4383492484194,-0.04669432712123663,calibrated_simulator + simulator_assisted_hidden_state,Thermal boundary variables use real operating data; pressure/head and flow-based energy indicators are simulator-assisted hidden-state proxies. Pressure/head and flow are simulator-assisted hidden hydraulic states because public district-heating datasets do not provide dense distributed hydraulic measurements.
159,39.75,calibrated_simulator,83309.49890113504,83278.23774442759,421.2409371403535,0.49983544085381104,106.06341050002412,1040.4820570052366,693.4264102182568,520.0698076636926,-31.261156707449118,-0.03752412044219271,calibrated_simulator + simulator_assisted_hidden_state,Thermal boundary variables use real operating data; pressure/head and flow-based energy indicators are simulator-assisted hidden-state proxies. Pressure/head and flow are simulator-assisted hidden hydraulic states because public district-heating datasets do not provide dense distributed hydraulic measurements.
160,40.0,calibrated_simulator,84544.28771790325,84391.78177288779,421.14494663027637,0.5062990011219716,108.82425623635828,1067.5659536786748,720.6767679724506,540.5075759793381,-152.50594501546584,-0.18038586536364054,calibrated_simulator + simulator_assisted_hidden_state,Thermal boundary variables use real operating data; pressure/head and flow-based energy indicators are simulator-assisted hidden-state proxies. Pressure/head and flow are simulator-assisted hidden hydraulic states because public district-heating datasets do not provide dense distributed hydraulic measurements.
161,40.25,calibrated_simulator,85087.15573862797,85398.590028204,421.1085839223703,0.5112951074612402,110.9824974732411,1088.7383002124952,742.222088272421,556.6665662043157,311.4342895760201,0.3660179810601364,calibrated_simulator + simulator_assisted_hidden_state,Thermal boundary variables use real operating data; pressure/head and flow-based energy indicators are simulator-assisted hidden-state proxies. Pressure/head and flow are simulator-assisted hidden hydraulic states because public district-heating datasets do not provide dense distributed hydraulic measurements.
162,40.5,calibrated_simulator,85375.0995040487,85869.8025192273,421.1804112019862,0.5159794511937772,113.02537221882727,1108.7789014666955,762.809505432033,572.1071290740248,494.7030151786021,0.5794464873861048,calibrated_simulator + simulator_assisted_hidden_state,Thermal boundary variables use real operating data; pressure/head and flow-based energy indicators are simulator-assisted hidden-state proxies. Pressure/head and flow are simulator-assisted hidden hydraulic states because public district-heating datasets do not provide dense distributed hydraulic measurements.
163,40.75,calibrated_simulator,86390.60448912151,86236.02171175789,421.3833246061632,0.5211544384260954,115.30392680453312,1131.13152195247,785.9922841455923,589.4942131091942,-154.58277736362652,-0.17893470971498052,calibrated_simulator + simulator_assisted_hidden_state,Thermal boundary variables use real operating data; pressure/head and flow-based energy indicators are simulator-assisted hidden-state proxies. Pressure/head and flow are simulator-assisted hidden hydraulic states because public district-heating datasets do not provide dense distributed hydraulic measurements.
164,41.0,calibrated_simulator,85729.15680801558,86958.40149714598,421.4634021311504,0.5244772344870252,116.77882570490937,1145.6002801651607,801.1216890247798,600.8412667685849,1229.244689130399,1.4338700331361078,calibrated_simulator + simulator_assisted_hidden_state,Thermal boundary variables use real operating data; pressure/head and flow-based energy indicators are simulator-assisted hidden-state proxies. Pressure/head and flow are simulator-assisted hidden hydraulic states because public district-heating datasets do not provide dense distributed hydraulic measurements.
165,41.25,calibrated_simulator,85401.93341977279,85937.33727482565,421.77634238808776,0.525720625814212,117.33306662143963,1151.0373835563228,806.8321248250442,605.1240936187831,535.403855052864,0.6269224051652488,calibrated_simulator + simulator_assisted_hidden_state,Thermal boundary variables use real operating data; pressure/head and flow-based energy indicators are simulator-assisted hidden-state proxies. Pressure/head and flow are simulator-assisted hidden hydraulic states because public district-heating datasets do not provide dense distributed hydraulic measurements.
166,41.5,calibrated_simulator,87095.74549151807,85875.13006323024,422.38705027316627,0.5286343777992664,118.63737558582238,1163.8326544969175,820.3226015632622,615.2419511724466,-1220.615428287827,-1.4014638963124761,calibrated_simulator + simulator_assisted_hidden_state,Thermal boundary variables use real operating data; pressure/head and flow-based energy indicators are simulator-assisted hidden-state proxies. Pressure/head and flow are simulator-assisted hidden hydraulic states because public district-heating datasets do not provide dense distributed hydraulic measurements.
167,41.75,calibrated_simulator,88330.43705473734,87458.45409625262,423.0281862685493,0.530773670280562,119.59948429259651,1173.2709409103718,830.3217647207019,622.7413235405264,-871.9829584847175,-0.9871828868506106,calibrated_simulator + simulator_assisted_hidden_state,Thermal boundary variables use real operating data; pressure/head and flow-based energy indicators are simulator-assisted hidden-state proxies. Pressure/head and flow are simulator-assisted hidden hydraulic states because public district-heating datasets do not provide dense distributed hydraulic measurements.
168,42.0,calibrated_simulator,86837.01958483577,88445.01324375803,423.3089740252243,0.5314819549864757,119.91881370985561,1176.4035624936835,833.6496869962633,625.2372652471975,1607.9936589222634,1.8517375039010033,calibrated_simulator + simulator_assisted_hidden_state,Thermal boundary variables use real operating data; pressure/head and flow-based energy indicators are simulator-assisted hidden-state proxies. Pressure/head and flow are simulator-assisted hidden hydraulic states because public district-heating datasets do not provide dense distributed hydraulic measurements.
169,42.25,calibrated_simulator,86297.80099005738,86817.82731957239,423.7908657112023,0.531523091477386,119.93734069488352,1176.5853122168073,833.8430167151505,625.3822625363629,520.0263295150071,0.6025951108243428,calibrated_simulator + simulator_assisted_hidden_state,Thermal boundary variables use real operating data; pressure/head and flow-based energy indicators are simulator-assisted hidden-state proxies. Pressure/head and flow are simulator-assisted hidden hydraulic states because public district-heating datasets do not provide dense distributed hydraulic measurements.
170,42.5,calibrated_simulator,85604.13381964773,86359.14982057702,424.21537107963815,0.5321485288776472,120.21979712593534,1179.3562098054258,836.7902294275668,627.5926720706752,755.0160009292886,0.8819854453757681,calibrated_simulator + simulator_assisted_hidden_state,Thermal boundary variables use real operating data; pressure/head and flow-based energy indicators are simulator-assisted hidden-state proxies. Pressure/head and flow are simulator-assisted hidden hydraulic states because public district-heating datasets do not provide dense distributed hydraulic measurements.
171,42.75,calibrated_simulator,86145.62092692302,85592.84549826506,424.8860369923769,0.5321743006169902,120.2314084826763,1179.4701172150546,836.9115796367481,627.6836847275611,-552.7754286579584,-0.6416755984925521,calibrated_simulator + simulator_assisted_hidden_state,Thermal boundary variables use real operating data; pressure/head and flow-based energy indicators are simulator-assisted hidden-state proxies. Pressure/head and flow are simulator-assisted hidden hydraulic states because public district-heating datasets do not provide dense distributed hydraulic measurements.
172,43.0,calibrated_simulator,85220.17274041315,85827.54452244504,425.3601585262797,0.5297018099372852,119.11667069556552,1168.5345395234976,825.2998140797717,618.9748605598288,607.3717820318852,0.7127089308795276,calibrated_simulator + simulator_assisted_hidden_state,Thermal boundary variables use real operating data; pressure/head and flow-based energy indicators are simulator-assisted hidden-state proxies. Pressure/head and flow are simulator-assisted hidden hydraulic states because public district-heating datasets do not provide dense distributed hydraulic measurements.
173,43.25,calibrated_simulator,85824.79853377525,85510.48114911321,425.7617632955367,0.5304441438029119,119.45094821350705,1171.813801974504,828.7756918464011,621.5817688848008,-314.3173846620339,-0.3662314273168242,calibrated_simulator + simulator_assisted_hidden_state,Thermal boundary variables use real operating data; pressure/head and flow-based energy indicators are simulator-assisted hidden-state proxies. Pressure/head and flow are simulator-assisted hidden hydraulic states because public district-heating datasets do not provide dense distributed hydraulic measurements.
174,43.5,calibrated_simulator,84126.51566077757,86064.9524218872,425.6721983650286,0.5314527840286974,119.90566701613926,1176.2745934283262,833.5125432796109,625.1344074597082,1938.436761109624,2.3041923772594615,calibrated_simulator + simulator_assisted_hidden_state,Thermal boundary variables use real operating data; pressure/head and flow-based energy indicators are simulator-assisted hidden-state proxies. Pressure/head and flow are simulator-assisted hidden hydraulic states because public district-heating datasets do not provide dense distributed hydraulic measurements.
175,43.75,calibrated_simulator,83677.9494812208,83757.497440876,426.2557624923219,0.5295394287614039,119.04368194907747,1167.81851992045,824.5412692475511,618.4059519356633,79.54795965520316,0.09506442276415425,calibrated_simulator + simulator_assisted_hidden_state,Thermal boundary variables use real operating data; pressure/head and flow-based energy indicators are simulator-assisted hidden-state proxies. Pressure/head and flow are simulator-assisted hidden hydraulic states because public district-heating datasets do not provide dense distributed hydraulic measurements.
176,44.0,calibrated_simulator,85541.82497448538,83306.55855409008,427.36412763145154,0.5278822988061036,118.29979554556226,1160.5209943019656,816.8246537131556,612.6184902848668,-2235.2664203953027,-2.6130684271255813,calibrated_simulator + simulator_assisted_hidden_state,Thermal boundary variables use real operating data; pressure/head and flow-based energy indicators are simulator-assisted hidden-state proxies. Pressure/head and flow are simulator-assisted hidden hydraulic states because public district-heating datasets do not provide dense distributed hydraulic measurements.
177,44.25,calibrated_simulator,85213.50767453495,85311.77393992261,427.87017914766136,0.5266379148209175,117.742736053161,1155.0562406815095,811.0618801245304,608.2964100933979,98.2662653876614,0.11531770967929199,calibrated_simulator + simulator_assisted_hidden_state,Thermal boundary variables use real operating data; pressure/head and flow-based energy indicators are simulator-assisted hidden-state proxies. Pressure/head and flow are simulator-assisted hidden hydraulic states because public district-heating datasets do not provide dense distributed hydraulic measurements.
178,44.5,calibrated_simulator,85573.68157257406,85405.27150628193,428.1046429398586,0.5275621835211027,118.15650501311546,1159.1153141786626,815.3405414677924,611.5054061008443,-168.41006629212643,-0.196801239817291,calibrated_simulator + simulator_assisted_hidden_state,Thermal boundary variables use real operating data; pressure/head and flow-based energy indicators are simulator-assisted hidden-state proxies. Pressure/head and flow are simulator-assisted hidden hydraulic states because public district-heating datasets do not provide dense distributed hydraulic measurements.
179,44.75,calibrated_simulator,85368.67306984878,85584.81775262908,428.2415349407452,0.5276459579174624,118.19398667794684,1159.4830093106586,815.7286975156592,611.7965231367444,216.14468278030108,0.25318969477650327,calibrated_simulator + simulator_assisted_hidden_state,Thermal boundary variables use real operating data; pressure/head and flow-based energy indicators are simulator-assisted hidden-state proxies. Pressure/head and flow are simulator-assisted hidden hydraulic states because public district-heating datasets do not provide dense distributed hydraulic measurements.
180,45.0,calibrated_simulator,84882.9476424104,85113.29023776563,428.3484360682318,0.5269886061359406,117.89963214326224,1156.5953913254025,812.6834575171023,609.5125931378267,230.34259535522142,0.27136498172235296,calibrated_simulator + simulator_assisted_hidden_state,Thermal boundary variables use real operating data; pressure/head and flow-based energy indicators are simulator-assisted hidden-state proxies. Pressure/head and flow are simulator-assisted hidden hydraulic states because public district-heating datasets do not provide dense distributed hydraulic measurements.
181,45.25,calibrated_simulator,84566.97419329199,84611.94128021656,428.4442256032223,0.5258845675866352,117.40612633246621,1151.7540993214936,807.5862753170909,605.6897064878182,44.96708692457469,0.05317334261220565,calibrated_simulator + simulator_assisted_hidden_state,Thermal boundary variables use real operating data; pressure/head and flow-based energy indicators are simulator-assisted hidden-state proxies. Pressure/head and flow are simulator-assisted hidden hydraulic states because public district-heating datasets do not provide dense distributed hydraulic measurements.
182,45.5,calibrated_simulator,84359.66190530865,84600.51936050548,428.32699593586307,0.5250713810087957,117.0433278134353,1148.1950458498004,803.845811189083,602.8843583918122,240.85745519683405,0.28551258949708663,calibrated_simulator + simulator_assisted_hidden_state,Thermal boundary variables use real operating data; pressure/head and flow-based energy indicators are simulator-assisted hidden-state proxies. Pressure/head and flow are simulator-assisted hidden hydraulic states because public district-heating datasets do not provide dense distributed hydraulic measurements.
183,45.75,calibrated_simulator,82953.43307257709,84033.13148130848,428.0293814281443,0.5217673585859789,115.57482821618015,1133.7890648007271,788.7655007129903,591.5741255347427,1079.6984087313904,1.301571699614587,calibrated_simulator + simulator_assisted_hidden_state,Thermal boundary variables use real operating data; pressure/head and flow-based energy indicators are simulator-assisted hidden-state proxies. Pressure/head and flow are simulator-assisted hidden hydraulic states because public district-heating datasets do not provide dense distributed hydraulic measurements.
184,46.0,calibrated_simulator,83131.57429833557,82814.1227054657,428.0245801371222,0.5206102982362181,115.06292240649336,1128.7672688076998,783.5304859376772,587.6478644532579,-317.45159286986745,-0.3818664515249332,calibrated_simulator + simulator_assisted_hidden_state,Thermal boundary variables use real operating data; pressure/head and flow-based energy indicators are simulator-assisted hidden-state proxies. Pressure/head and flow are simulator-assisted hidden hydraulic states because public district-heating datasets do not provide dense distributed hydraulic measurements.
185,46.25,calibrated_simulator,82987.30321625067,82908.51260130151,428.1330752617826,0.5194591389362542,114.55463703080761,1123.7809892722225,778.3444067203742,583.7583050402807,-78.79061494916095,-0.09494297548607662,calibrated_simulator + simulator_assisted_hidden_state,Thermal boundary variables use real operating data; pressure/head and flow-based energy indicators are simulator-assisted hidden-state proxies. Pressure/head and flow are simulator-assisted hidden hydraulic states because public district-heating datasets do not provide dense distributed hydraulic measurements.
186,46.5,calibrated_simulator,81482.48743596121,82398.16054705309,428.31042949481343,0.5160214568672165,113.04332439936596,1108.95501235778,762.9927747694182,572.2445810770637,915.6731110918772,1.1237667625347396,calibrated_simulator + simulator_assisted_hidden_state,Thermal boundary variables use real operating data; pressure/head and flow-based energy indicators are simulator-assisted hidden-state proxies. Pressure/head and flow are simulator-assisted hidden hydraulic states because public district-heating datasets do not provide dense distributed hydraulic measurements.
187,46.75,calibrated_simulator,79779.82934855188,80991.1420505889,428.3985546434063,0.5130590256315809,111.74913185615142,1096.2589835088456,749.9274212252208,562.4455659189156,1211.3127020370157,1.5183194949501388,calibrated_simulator + simulator_assisted_hidden_state,Thermal boundary variables use real operating data; pressure/head and flow-based energy indicators are simulator-assisted hidden-state proxies. Pressure/head and flow are simulator-assisted hidden hydraulic states because public district-heating datasets do not provide dense distributed hydraulic measurements.
188,47.0,calibrated_simulator,81808.32686377452,79647.54445054401,429.0229423908112,0.5122939683340801,111.41622842455405,1092.9932008448752,746.5784322973192,559.9338242229894,-2160.7824132305104,-2.6412744228696905,calibrated_simulator + simulator_assisted_hidden_state,Thermal boundary variables use real operating data; pressure/head and flow-based energy indicators are simulator-assisted hidden-state proxies. Pressure/head and flow are simulator-assisted hidden hydraulic states because public district-heating datasets do not provide dense distributed hydraulic measurements.
189,47.25,calibrated_simulator,82146.96859438423,82051.62258262518,429.10773020400336,0.5139693295931741,112.14628759349637,1100.1550812921994,753.9279594403674,565.4459695802756,-95.34601175905846,-0.1160675961517788,calibrated_simulator + simulator_assisted_hidden_state,Thermal boundary variables use real operating data; pressure/head and flow-based energy indicators are simulator-assisted hidden-state proxies. Pressure/head and flow are simulator-assisted hidden hydraulic states because public district-heating datasets do not provide dense distributed hydraulic measurements.
190,47.5,calibrated_simulator,82708.05901404835,82399.09464225106,429.10310831287023,0.5157619337007441,112.92993739666295,1107.8426858612636,761.8441145280418,571.3830858960314,-308.964371797294,-0.37356017718275186,calibrated_simulator + simulator_assisted_hidden_state,Thermal boundary variables use real operating data; pressure/head and flow-based energy indicators are simulator-assisted hidden-state proxies. Pressure/head and flow are simulator-assisted hidden hydraulic states because public district-heating datasets do not provide dense distributed hydraulic measurements.
191,47.75,calibrated_simulator,82532.97986509667,82488.58791266194,429.1432641340997,0.5145825544135191,112.41389538595251,1102.7803137361943,756.6286810657505,567.4715107993128,-44.39195243472932,-0.05378692555059768,calibrated_simulator + simulator_assisted_hidden_state,Thermal boundary variables use real operating data; pressure/head and flow-based energy indicators are simulator-assisted hidden-state proxies. Pressure/head and flow are simulator-assisted hidden hydraulic states because public district-heating datasets do not provide dense distributed hydraulic measurements.
192,48.0,calibrated_simulator,83146.2877319191,82472.91227560703,429.0915517652233,0.5144218631106363,112.34375478697396,1102.0922344602145,755.9204540943838,566.9403405707878,-673.3754563120747,-0.8098683352925833,calibrated_simulator + simulator_assisted_hidden_state,Thermal boundary variables use real operating data; pressure/head and flow-based energy indicators are simulator-assisted hidden-state proxies. Pressure/head and flow are simulator-assisted hidden hydraulic states because public district-heating datasets do not provide dense distributed hydraulic measurements.
193,48.25,calibrated_simulator,83011.46516166047,82764.50958707131,428.89584425471594,0.5126456832614312,111.56921023269143,1094.493952382703,748.1168000596468,561.0876000447352,-246.95557458915573,-0.2974957424353645,calibrated_simulator + simulator_assisted_hidden_state,Thermal boundary variables use real operating data; pressure/head and flow-based energy indicators are simulator-assisted hidden-state proxies. Pressure/head and flow are simulator-assisted hidden hydraulic states because public district-heating datasets do not provide dense distributed hydraulic measurements.
194,48.5,calibrated_simulator,82316.08933158047,82777.19768034545,428.4671055258387,0.5115948454319622,111.11232251167661,1090.0118838395476,743.5259483091937,557.6444612318952,461.1083487649739,0.5601679483430831,calibrated_simulator + simulator_assisted_hidden_state,Thermal boundary variables use real operating data; pressure/head and flow-based energy indicators are simulator-assisted hidden-state proxies. Pressure/head and flow are simulator-assisted hidden hydraulic states because public district-heating datasets do not provide dense distributed hydraulic measurements.
195,48.75,calibrated_simulator,82686.4033756476,82349.97785825554,428.03305546258724,0.5117967388321304,111.20010715415938,1090.8730511823035,744.4070267666114,558.3052700749586,-336.42551739205373,-0.4068692114514394,calibrated_simulator + simulator_assisted_hidden_state,Thermal boundary variables use real operating data; pressure/head and flow-based energy indicators are simulator-assisted hidden-state proxies. Pressure/head and flow are simulator-assisted hidden hydraulic states because public district-heating datasets do not provide dense distributed hydraulic measurements.
196,49.0,calibrated_simulator,82137.74098793814,82457.33563009785,427.5564655210122,0.5103593414499064,110.57627521571331,1084.7532598661476,738.1519457879015,553.6139593409262,319.59464215970365,0.38909597258906337,calibrated_simulator + simulator_assisted_hidden_state,Thermal boundary variables use real operating data; pressure/head and flow-based energy indicators are simulator-assisted hidden-state proxies. Pressure/head and flow are simulator-assisted hidden hydraulic states because public district-heating datasets do not provide dense distributed hydraulic measurements.
197,49.25,calibrated_simulator,82786.14939341087,82454.62954358503,427.1841950502453,0.5119279894277077,111.25722506734675,1091.4333779106714,744.9803929974688,558.7352947481016,-331.51984982583963,-0.4004532790266798,calibrated_simulator + simulator_assisted_hidden_state,Thermal boundary variables use real operating data; pressure/head and flow-based energy indicators are simulator-assisted hidden-state proxies. Pressure/head and flow are simulator-assisted hidden hydraulic states because public district-heating datasets do not provide dense distributed hydraulic measurements.
198,49.5,calibrated_simulator,82596.49598235918,82944.07113622039,426.83380402251805,0.5121577421557025,111.35703726008583,1092.4125355214421,745.9833835936639,559.487537695248,347.5751538612094,0.42081101592426384,calibrated_simulator + simulator_assisted_hidden_state,Thermal boundary variables use real operating data; pressure/head and flow-based energy indicators are simulator-assisted hidden-state proxies. Pressure/head and flow are simulator-assisted hidden hydraulic states because public district-heating datasets do not provide dense distributed hydraulic measurements.
199,49.75,calibrated_simulator,82445.66043628228,82273.01695427149,426.8772582980568,0.5095601238875926,110.23015902273818,1081.3578600130613,734.6891268201038,551.0168451150778,-172.64348201079702,-0.20940275218514826,calibrated_simulator + simulator_assisted_hidden_state,Thermal boundary variables use real operating data; pressure/head and flow-based energy indicators are simulator-assisted hidden-state proxies. Pressure/head and flow are simulator-assisted hidden hydraulic states because public district-heating datasets do not provide dense distributed hydraulic measurements.
200,50.0,calibrated_simulator,81655.09790870406,82145.73502864312,426.8277086721067,0.5075870031560934,109.37817807119185,1072.999926878392,726.1877563612138,544.6408172709104,490.637119939056,0.600865264392459,calibrated_simulator + simulator_assisted_hidden_state,Thermal boundary variables use real operating data; pressure/head and flow-based energy indicators are simulator-assisted hidden-state proxies. Pressure/head and flow are simulator-assisted hidden hydraulic states because public district-heating datasets do not provide dense distributed hydraulic measurements.
201,50.25,calibrated_simulator,81510.57328495085,81273.80277667119,426.9964330998132,0.5054341727188567,108.45232266795747,1063.9172853726627,716.9868706314982,537.7401529736236,-236.77050827966013,-0.2904782762991248,calibrated_simulator + simulator_assisted_hidden_state,Thermal boundary variables use real operating data; pressure/head and flow-based energy indicators are simulator-assisted hidden-state proxies. Pressure/head and flow are simulator-assisted hidden hydraulic states because public district-heating datasets do not provide dense distributed hydraulic measurements.
202,50.5,calibrated_simulator,81382.85827330037,81223.24483134228,427.1629883790973,0.5038555799486258,107.77596623870724,1057.282228801718,710.290067416354,532.7175505622655,-159.61344195809215,-0.1961266111127203,calibrated_simulator + simulator_assisted_hidden_state,Thermal boundary variables use real operating data; pressure/head and flow-based energy indicators are simulator-assisted hidden-state proxies. Pressure/head and flow are simulator-assisted hidden hydraulic states because public district-heating datasets do not provide dense distributed hydraulic measurements.
203,50.75,calibrated_simulator,80640.92401212166,80822.27505250993,427.3997980766534,0.5005791793213672,106.37876749395838,1043.5757091157316,696.5230293718224,522.3922720288667,181.3510403882683,0.22488710615593674,calibrated_simulator + simulator_assisted_hidden_state,Thermal boundary variables use real operating data; pressure/head and flow-based energy indicators are simulator-assisted hidden-state proxies. Pressure/head and flow are simulator-assisted hidden hydraulic states because public district-heating datasets do not provide dense distributed hydraulic measurements.
204,51.0,calibrated_simulator,79672.37890492119,80066.53013511455,427.604910304643,0.4971733115998819,104.93611112944804,1029.4232501798851,682.402355106463,511.8017663298472,394.1512301933544,0.4947150262247391,calibrated_simulator + simulator_assisted_hidden_state,Thermal boundary variables use real operating data; pressure/head and flow-based energy indicators are simulator-assisted hidden-state proxies. Pressure/head and flow are simulator-assisted hidden hydraulic states because public district-heating datasets do not provide dense distributed hydraulic measurements.
205,51.25,calibrated_simulator,79336.34724287337,79436.99184021477,427.7824874770208,0.4954509118033624,104.21038459329057,1022.3038728601805,675.3351812649136,506.50138594868514,100.64459734140837,0.12685811842748923,calibrated_simulator + simulator_assisted_hidden_state,Thermal boundary variables use real operating data; pressure/head and flow-based energy indicators are simulator-assisted hidden-state proxies. Pressure/head and flow are simulator-assisted hidden hydraulic states because public district-heating datasets do not provide dense distributed hydraulic measurements.
206,51.5,calibrated_simulator,79183.56891762462,78999.5482099178,428.0478520932108,0.4929541025022115,103.16265724386203,1012.0256675622865,665.1762728831578,498.8822046623684,-184.02070770681894,-0.23239759235689078,calibrated_simulator + simulator_assisted_hidden_state,Thermal boundary variables use real operating data; pressure/head and flow-based energy indicators are simulator-assisted hidden-state proxies. Pressure/head and flow are simulator-assisted hidden hydraulic states because public district-heating datasets do not provide dense distributed hydraulic measurements.
207,51.75,calibrated_simulator,78174.92969122725,78566.23505556115,428.2043550307022,0.48904504278459765,101.53293175984633,996.0380605640926,649.4766345915391,487.1074759436543,391.3053643338935,0.5005509642022813,calibrated_simulator + simulator_assisted_hidden_state,Thermal boundary variables use real operating data; pressure/head and flow-based energy indicators are simulator-assisted hidden-state proxies. Pressure/head and flow are simulator-assisted hidden hydraulic states because public district-heating datasets do not provide dense distributed hydraulic measurements.
208,52.0,calibrated_simulator,78318.09412020058,77881.31157502925,428.36746304781326,0.4873184515122369,100.81738565252923,989.0185532513117,642.6226531830694,481.96698988730196,-436.7825451713288,-0.5577032358588377,calibrated_simulator + simulator_assisted_hidden_state,Thermal boundary variables use real operating data; pressure/head and flow-based energy indicators are simulator-assisted hidden-state proxies. Pressure/head and flow are simulator-assisted hidden hydraulic states because public district-heating datasets do not provide dense distributed hydraulic measurements.
209,52.25,calibrated_simulator,78578.15158782691,78266.92843390306,428.37033977148553,0.4870519562762887,100.70723071244306,987.9379332890665,641.5694707839913,481.17710308799343,-311.22315392385644,-0.3960683060557894,calibrated_simulator + simulator_assisted_hidden_state,Thermal boundary variables use real operating data; pressure/head and flow-based energy indicators are simulator-assisted hidden-state proxies. Pressure/head and flow are simulator-assisted hidden hydraulic states because public district-heating datasets do not provide dense distributed hydraulic measurements.
210,52.5,calibrated_simulator,78229.16029684474,78218.23475355456,428.3940787486393,0.4848432828848415,99.79582340737652,978.9970276263637,632.8801770784908,474.66013280886807,-10.925543290184578,-0.013966075116653454,calibrated_simulator + simulator_assisted_hidden_state,Thermal boundary variables use real operating data; pressure/head and flow-based energy indicators are simulator-assisted hidden-state proxies. Pressure/head and flow are simulator-assisted hidden hydraulic states because public district-heating datasets do not provide dense distributed hydraulic measurements.
211,52.75,calibrated_simulator,77945.38302755312,77988.66029333034,428.34115242556925,0.48359255085187103,99.28166101555158,973.953094562561,627.9952818794432,470.9964614095824,43.27726577721478,0.055522551941167037,calibrated_simulator + simulator_assisted_hidden_state,Thermal boundary variables use real operating data; pressure/head and flow-based energy indicators are simulator-assisted hidden-state proxies. Pressure/head and flow are simulator-assisted hidden hydraulic states because public district-heating datasets do not provide dense distributed hydraulic measurements.
212,53.0,calibrated_simulator,77834.4332750692,77598.99510657515,428.3197458533994,0.4817440619960364,98.52408749509847,966.5212983269159,620.8211950155886,465.6158962616915,-235.43816849404539,-0.3024858775061674,calibrated_simulator + simulator_assisted_hidden_state,Thermal boundary variables use real operating data; pressure/head and flow-based energy indicators are simulator-assisted hidden-state proxies. Pressure/head and flow are simulator-assisted hidden hydraulic states because public district-heating datasets do not provide dense distributed hydraulic measurements.
213,53.25,calibrated_simulator,75746.89669601335,77175.38028052423,428.1841258905001,0.47759010102702976,96.83218498767212,949.9237347290634,604.8988965829691,453.6741724372268,1428.4835845108755,1.8858641697806457,calibrated_simulator + simulator_assisted_hidden_state,Thermal boundary variables use real operating data; pressure/head and flow-based energy indicators are simulator-assisted hidden-state proxies. Pressure/head and flow are simulator-assisted hidden hydraulic states because public district-heating datasets do not provide dense distributed hydraulic measurements.
214,53.5,calibrated_simulator,75687.58870176962,75134.2859500165,428.34161829545695,0.47351371433676503,95.18625144795583,933.7771267044466,589.541700838046,442.15627562853456,-553.3027517531154,-0.7310349837319879,calibrated_simulator + simulator_assisted_hidden_state,Thermal boundary variables use real operating data; pressure/head and flow-based energy indicators are simulator-assisted hidden-state proxies. Pressure/head and flow are simulator-assisted hidden hydraulic states because public district-heating datasets do not provide dense distributed hydraulic measurements.
215,53.75,calibrated_simulator,75120.53826160682,75138.54658894653,428.36213095736366,0.47004954725326925,93.79863530967813,920.1646123879425,576.6972792685764,432.5229594514323,18.0083273397031,0.023972574952790152,calibrated_simulator + simulator_assisted_hidden_state,Thermal boundary variables use real operating data; pressure/head and flow-based energy indicators are simulator-assisted hidden-state proxies. Pressure/head and flow are simulator-assisted hidden hydraulic states because public district-heating datasets do not provide dense distributed hydraulic measurements.
216,54.0,calibrated_simulator,75276.81194203277,74841.09391924154,428.3004726557003,0.46840482296038366,93.14347224948744,913.7374627674718,570.6653793064904,427.99903447986776,-435.7180227912322,-0.5788210360539162,calibrated_simulator + simulator_assisted_hidden_state,Thermal boundary variables use real operating data; pressure/head and flow-based energy indicators are simulator-assisted hidden-state proxies. Pressure/head and flow are simulator-assisted hidden hydraulic states because public district-heating datasets do not provide dense distributed hydraulic measurements.
217,54.25,calibrated_simulator,74822.91535343422,74887.0445288779,428.1733760370608,0.4658279709744141,92.12141147715056,903.711046590847,561.298510907438,420.97388318057847,64.12917544368247,0.08570793471593736,calibrated_simulator + simulator_assisted_hidden_state,Thermal boundary variables use real operating data; pressure/head and flow-based energy indicators are simulator-assisted hidden-state proxies. Pressure/head and flow are simulator-assisted hidden hydraulic states because public district-heating datasets do not provide dense distributed hydraulic measurements.
218,54.5,calibrated_simulator,74218.9263145531,74262.6191408979,428.10588911997945,0.4624076109509727,90.77351894665178,890.4882208666539,549.0247077212421,411.76853079093155,43.692826344806235,0.058870194591104985,calibrated_simulator + simulator_assisted_hidden_state,Thermal boundary variables use real operating data; pressure/head and flow-based energy indicators are simulator-assisted hidden-state proxies. Pressure/head and flow are simulator-assisted hidden hydraulic states because public district-heating datasets do not provide dense distributed hydraulic measurements.
219,54.75,calibrated_simulator,74073.57995083174,73918.71574504217,428.08749266635436,0.46074184718969813,90.12079325070847,884.0849817894501,543.1132634431225,407.3349475823419,-154.86420578957768,-0.20906807243874648,calibrated_simulator + simulator_assisted_hidden_state,Thermal boundary variables use real operating data; pressure/head and flow-based energy indicators are simulator-assisted hidden-state proxies. Pressure/head and flow are simulator-assisted hidden hydraulic states because public district-heating datasets do not provide dense distributed hydraulic measurements.
220,55.0,calibrated_simulator,74770.7692624808,74130.42196041596,427.9917340592716,0.4612645432659487,90.3255090255826,886.0932435409653,544.9645270306219,408.7233952729664,-640.347302064838,-0.8564139547861489,calibrated_simulator + simulator_assisted_hidden_state,Thermal boundary variables use real operating data; pressure/head and flow-based energy indicators are simulator-assisted hidden-state proxies. Pressure/head and flow are simulator-assisted hidden hydraulic states because public district-heating datasets do not provide dense distributed hydraulic measurements.
221,55.25,calibrated_simulator,75942.31808171791,74988.5336674223,427.85681358116875,0.4625764732006594,90.84009153658995,891.1412979739475,549.6279983203287,412.22099874024656,-953.7844142956019,-1.2559327110205931,calibrated_simulator + simulator_assisted_hidden_state,Thermal boundary variables use real operating data; pressure/head and flow-based energy indicators are simulator-assisted hidden-state proxies. Pressure/head and flow are simulator-assisted hidden hydraulic states because public district-heating datasets do not provide dense distributed hydraulic measurements.
222,55.5,calibrated_simulator,75853.60601412159,76008.19543267832,427.4863030024934,0.462859355910791,90.9511724364009,892.2310016010928,550.636622299629,412.97746672472175,154.58941855673038,0.20379969612512638,calibrated_simulator + simulator_assisted_hidden_state,Thermal boundary variables use real operating data; pressure/head and flow-based energy indicators are simulator-assisted hidden-state proxies. Pressure/head and flow are simulator-assisted hidden hydraulic states because public district-heating datasets do not provide dense distributed hydraulic measurements.
223,55.75,calibrated_simulator,75236.48761564243,75685.58993048008,427.051406579579,0.46198242903776265,90.60680488450095,888.8527559169543,547.512473647232,410.6343552354241,449.1023148376553,0.5969208944627584,calibrated_simulator + simulator_assisted_hidden_state,Thermal boundary variables use real operating data; pressure/head and flow-based energy indicators are simulator-assisted hidden-state proxies. Pressure/head and flow are simulator-assisted hidden hydraulic states because public district-heating datasets do not provide dense distributed hydraulic measurements.
224,56.0,calibrated_simulator,75937.072555354,75394.8333342904,426.63391885993195,0.46317821335950143,91.07657631897635,893.461213689158,551.7756915500745,413.8317686625559,-542.2392210636026,-0.7140638989847017,calibrated_simulator + simulator_assisted_hidden_state,Thermal boundary variables use real operating data; pressure/head and flow-based energy indicators are simulator-assisted hidden-state proxies. Pressure/head and flow are simulator-assisted hidden hydraulic states because public district-heating datasets do not provide dense distributed hydraulic measurements.
225,56.25,calibrated_simulator,77183.84328397074,76511.13738569991,426.1572730344992,0.46673329910906663,92.48017320494195,907.2304991404806,564.5795785549357,423.4346839162018,-672.7058982708259,-0.8715631013550875,calibrated_simulator + simulator_assisted_hidden_state,Thermal boundary variables use real operating data; pressure/head and flow-based energy indicators are simulator-assisted hidden-state proxies. Pressure/head and flow are simulator-assisted hidden hydraulic states because public district-heating datasets do not provide dense distributed hydraulic measurements.
226,56.5,calibrated_simulator,77708.60044863488,77652.92968546647,425.60357785926374,0.46955627724319177,93.60222290481262,918.2378066962118,574.8857681816356,431.16432613622675,-55.67076316841121,-0.0716404141201969,calibrated_simulator + simulator_assisted_hidden_state,Thermal boundary variables use real operating data; pressure/head and flow-based energy indicators are simulator-assisted hidden-state proxies. Pressure/head and flow are simulator-assisted hidden hydraulic states because public district-heating datasets do not provide dense distributed hydraulic measurements.
227,56.75,calibrated_simulator,76628.13251851998,77515.85481500631,425.1071696578722,0.46859694592484097,93.21993433719774,914.4875558479099,571.3681010088039,428.526075756603,887.7222964863322,1.1584809224885937,calibrated_simulator + simulator_assisted_hidden_state,Thermal boundary variables use real operating data; pressure/head and flow-based energy indicators are simulator-assisted hidden-state proxies. Pressure/head and flow are simulator-assisted hidden hydraulic states because public district-heating datasets do not provide dense distributed hydraulic measurements.
228,57.0,calibrated_simulator,75680.11488755413,76472.6023572933,424.74592015110096,0.46771038184524555,92.86753611813336,911.0305293188882,568.1312489872178,426.0984367404134,792.4874697391788,1.047154157887657,calibrated_simulator + simulator_assisted_hidden_state,Thermal boundary variables use real operating data; pressure/head and flow-based energy indicators are simulator-assisted hidden-state proxies. Pressure/head and flow are simulator-assisted hidden hydraulic states because public district-heating datasets do not provide dense distributed hydraulic measurements.
229,57.25,calibrated_simulator,75887.9668203533,75676.11350129712,424.6677351499859,0.4673492915358913,92.7242260061719,909.6246571205463,566.8165854251537,425.11243906886534,-211.85331905617204,-0.2791658914221333,calibrated_simulator + simulator_assisted_hidden_state,Thermal boundary variables use real operating data; pressure/head and flow-based energy indicators are simulator-assisted hidden-state proxies. Pressure/head and flow are simulator-assisted hidden hydraulic states because public district-heating datasets do not provide dense distributed hydraulic measurements.
230,57.5,calibrated_simulator,75989.61258678106,75823.34531234104,424.73782044364594,0.4666820137543186,92.45961606899071,907.0288336367989,564.3920568198029,423.2940426148521,-166.2672744400188,-0.21880263470239378,calibrated_simulator + simulator_assisted_hidden_state,Thermal boundary variables use real operating data; pressure/head and flow-based energy indicators are simulator-assisted hidden-state proxies. Pressure/head and flow are simulator-assisted hidden hydraulic states because public district-heating datasets do not provide dense distributed hydraulic measurements.
231,57.75,calibrated_simulator,76153.51683008969,76155.86432648817,424.7473668901584,0.4678617606575369,92.92777555591896,911.621478203565,568.683773127395,426.51282984554626,2.347496398477233,0.003082584358795749,calibrated_simulator + simulator_assisted_hidden_state,Thermal boundary variables use real operating data; pressure/head and flow-based energy indicators are simulator-assisted hidden-state proxies. Pressure/head and flow are simulator-assisted hidden hydraulic states because public district-heating datasets do not provide dense distributed hydraulic measurements.
232,58.0,calibrated_simulator,76945.04150224614,76392.69390493853,424.778793146428,0.46963954428684646,93.63536494142906,918.5629300754191,575.1913011725469,431.39347587941023,-552.3475973076129,-0.7178469028332243,calibrated_simulator + simulator_assisted_hidden_state,Thermal boundary variables use real operating data; pressure/head and flow-based energy indicators are simulator-assisted hidden-state proxies. Pressure/head and flow are simulator-assisted hidden hydraulic states because public district-heating datasets do not provide dense distributed hydraulic measurements.
233,58.25,calibrated_simulator,77431.28926603853,77168.6953121794,424.8050956550185,0.47099383468117506,94.17614843042719,923.8680161024907,580.1815195245355,435.1361396434017,-262.5939538591192,-0.3391315789110763,calibrated_simulator + simulator_assisted_hidden_state,Thermal boundary variables use real operating data; pressure/head and flow-based energy indicators are simulator-assisted hidden-state proxies. Pressure/head and flow are simulator-assisted hidden hydraulic states because public district-heating datasets do not provide dense distributed hydraulic measurements.
234,58.5,calibrated_simulator,77914.80149325183,77944.12396751113,424.7975293279295,0.4737528839212245,95.28281197694528,934.7243854938332,590.4378310655972,442.8283732991979,29.32247425930109,0.03763402292931555,calibrated_simulator + simulator_assisted_hidden_state,Thermal boundary variables use real operating data; pressure/head and flow-based energy indicators are simulator-assisted hidden-state proxies. Pressure/head and flow are simulator-assisted hidden hydraulic states because public district-heating datasets do not provide dense distributed hydraulic measurements.
235,58.75,calibrated_simulator,78561.34243795778,78404.15594714347,424.84133058870015,0.4766062137847381,96.43401475195574,946.0176847166858,601.1705425149651,450.87790688622374,-157.1864908143034,-0.2000812179838172,calibrated_simulator + simulator_assisted_hidden_state,Thermal boundary variables use real operating data; pressure/head and flow-based energy indicators are simulator-assisted hidden-state proxies. Pressure/head and flow are simulator-assisted hidden hydraulic states because public district-heating datasets do not provide dense distributed hydraulic measurements.
236,59.0,calibrated_simulator,79251.229907704,79110.02960551035,424.7946686436818,0.48000330891405907,97.81364291605972,959.5518370065458,614.1174091169413,460.58805683770595,-141.2003021936398,-0.1781679632708309,calibrated_simulator + simulator_assisted_hidden_state,Thermal boundary variables use real operating data; pressure/head and flow-based energy indicators are simulator-assisted hidden-state proxies. Pressure/head and flow are simulator-assisted hidden hydraulic states because public district-heating datasets do not provide dense distributed hydraulic measurements.
237,59.25,calibrated_simulator,79781.70934158811,79652.64029288884,424.68036754028617,0.48223602032918184,98.72564331145493,968.498560885373,622.7265222612027,467.044891695902,-129.06904869926802,-0.161777742999532,calibrated_simulator + simulator_assisted_hidden_state,Thermal boundary variables use real operating data; pressure/head and flow-based energy indicators are simulator-assisted hidden-state proxies. Pressure/head and flow are simulator-assisted hidden hydraulic states because public district-heating datasets do not provide dense distributed hydraulic measurements.
238,59.5,calibrated_simulator,79426.45565772078,79770.41214952253,424.47647478577295,0.4823155822820621,98.75810293848778,968.8169898265652,623.0340407639393,467.27553057295444,343.95649180174223,0.4330502840061041,calibrated_simulator + simulator_assisted_hidden_state,Thermal boundary variables use real operating data; pressure/head and flow-based energy indicators are simulator-assisted hidden-state proxies. Pressure/head and flow are simulator-assisted hidden hydraulic states because public district-heating datasets do not provide dense distributed hydraulic measurements.
239,59.75,calibrated_simulator,80971.51706492252,79974.32734028202,424.30631265330777,0.4859914211277411,100.26935563420054,983.6423787715073,637.3890100541821,478.04175754063664,-997.1897246404988,-1.231531482658226,calibrated_simulator + simulator_assisted_hidden_state,Thermal boundary variables use real operating data; pressure/head and flow-based energy indicators are simulator-assisted hidden-state proxies. Pressure/head and flow are simulator-assisted hidden hydraulic states because public district-heating datasets do not provide dense distributed hydraulic measurements.
240,60.0,calibrated_simulator,81323.92144957565,81830.0242161491,423.84723504261956,0.49102102899002076,102.35557520177284,1004.1081927293915,657.3843173483946,493.0382380112959,506.1027665734582,0.622329515783697,calibrated_simulator + simulator_assisted_hidden_state,Thermal boundary variables use real operating data; pressure/head and flow-based energy indicators are simulator-assisted hidden-state proxies. Pressure/head and flow are simulator-assisted hidden hydraulic states because public district-heating datasets do not provide dense distributed hydraulic measurements.
241,60.25,calibrated_simulator,82356.62650826848,82165.99171486901,423.5352528611552,0.49607243123458056,104.4723790157862,1024.8740381448627,677.882341082299,508.4117558117243,-190.63479339946934,-0.23147474766991566,calibrated_simulator + simulator_assisted_hidden_state,Thermal boundary variables use real operating data; pressure/head and flow-based energy indicators are simulator-assisted hidden-state proxies. Pressure/head and flow are simulator-assisted hidden hydraulic states because public district-heating datasets do not provide dense distributed hydraulic measurements.
242,60.5,calibrated_simulator,82862.72036421056,83143.26365133183,423.244812987907,0.5008827906705643,106.50829784037474,1044.8464018140762,697.7941087503095,523.3455815627321,280.5432871212688,0.33856393549256314,calibrated_simulator + simulator_assisted_hidden_state,Thermal boundary variables use real operating data; pressure/head and flow-based energy indicators are simulator-assisted hidden-state proxies. Pressure/head and flow are simulator-assisted hidden hydraulic states because public district-heating datasets do not provide dense distributed hydraulic measurements.
243,60.75,calibrated_simulator,83805.93034098853,83910.1449561099,423.0247068306543,0.5072293904775487,109.22457296240654,1071.4930607612082,724.6570294811074,543.4927721108306,104.21461512136739,0.12435231575777543,calibrated_simulator + simulator_assisted_hidden_state,Thermal boundary variables use real operating data; pressure/head and flow-based energy indicators are simulator-assisted hidden-state proxies. Pressure/head and flow are simulator-assisted hidden hydraulic states because public district-heating datasets do not provide dense distributed hydraulic measurements.
244,61.0,calibrated_simulator,86955.00733371041,85001.87062560783,423.24999037835806,0.5142278659946414,112.25943505906889,1101.2650579294657,755.0682408447125,566.3011806335343,-1953.136708102582,-2.2461463324440394,calibrated_simulator + simulator_assisted_hidden_state,Thermal boundary variables use real operating data; pressure/head and flow-based energy indicators are simulator-assisted hidden-state proxies. Pressure/head and flow are simulator-assisted hidden hydraulic states because public district-heating datasets do not provide dense distributed hydraulic measurements.
245,61.25,calibrated_simulator,89328.50524667613,88932.63464293724,422.92696363335403,0.525711650691713,117.32962933959521,1151.003663821429,806.7947147463641,605.096036059773,-395.8706037388911,-0.4431626865866775,calibrated_simulator + simulator_assisted_hidden_state,Thermal boundary variables use real operating data; pressure/head and flow-based energy indicators are simulator-assisted hidden-state proxies. Pressure/head and flow are simulator-assisted hidden hydraulic states because public district-heating datasets do not provide dense distributed hydraulic measurements.
246,61.5,calibrated_simulator,89882.38746992707,90886.97743350155,422.4923194733956,0.5350645541970418,121.54143331028314,1192.3214607738776,850.6252678247206,637.9689508685404,1004.5899635744863,1.1176716505339859,calibrated_simulator + simulator_assisted_hidden_state,Thermal boundary variables use real operating data; pressure/head and flow-based energy indicators are simulator-assisted hidden-state proxies. Pressure/head and flow are simulator-assisted hidden hydraulic states because public district-heating datasets do not provide dense distributed hydraulic measurements.
247,61.75,calibrated_simulator,83490.58760926448,90352.43269763715,421.30981677885643,0.5382905171535012,123.01107798896308,1206.7386750717278,866.1013139646548,649.5759854734912,6861.845088372676,8.218704988023411,calibrated_simulator + simulator_assisted_hidden_state,Thermal boundary variables use real operating data; pressure/head and flow-based energy indicators are simulator-assisted hidden-state proxies. Pressure/head and flow are simulator-assisted hidden hydraulic states because public district-heating datasets do not provide dense distributed hydraulic measurements.
248,62.0,calibrated_simulator,84548.1986662144,84135.27795900595,421.45103202643236,0.542745086396435,125.05549904340225,1226.794445615776,887.7822098352013,665.836657376401,-412.9207072084537,-0.48838498480448106,calibrated_simulator + simulator_assisted_hidden_state,Thermal boundary variables use real operating data; pressure/head and flow-based energy indicators are simulator-assisted hidden-state proxies. Pressure/head and flow are simulator-assisted hidden hydraulic states because public district-heating datasets do not provide dense distributed hydraulic measurements.
249,62.25,calibrated_simulator,94081.09713932373,86863.86738657317,422.4363201853001,0.5576035661358681,131.9969616704388,1294.8901939870045,962.713853228693,722.0353899215198,-7217.229752750558,-7.671285701592784,calibrated_simulator + simulator_assisted_hidden_state,Thermal boundary variables use real operating data; pressure/head and flow-based energy indicators are simulator-assisted hidden-state proxies. Pressure/head and flow are simulator-assisted hidden hydraulic states because public district-heating datasets do not provide dense distributed hydraulic measurements.
250,62.5,calibrated_simulator,94794.22692357158,96134.66643533188,421.99757628962817,0.5688479223133138,137.3739736465124,1347.6386814722869,1022.1352853127519,766.6014639845639,1340.439511760298,1.4140518418289707,calibrated_simulator + simulator_assisted_hidden_state,Thermal boundary variables use real operating data; pressure/head and flow-based energy indicators are simulator-assisted hidden-state proxies. Pressure/head and flow are simulator-assisted hidden hydraulic states because public district-heating datasets do not provide dense distributed hydraulic measurements.
251,62.75,calibrated_simulator,96159.26070950202,96632.96694871256,421.7514864994153,0.5791173992807466,142.37872525380516,1396.7352947398288,1078.498281831142,808.8737113733565,473.7062392105436,0.49262674828752506,calibrated_simulator + simulator_assisted_hidden_state,Thermal boundary variables use real operating data; pressure/head and flow-based energy indicators are simulator-assisted hidden-state proxies. Pressure/head and flow are simulator-assisted hidden hydraulic states because public district-heating datasets do not provide dense distributed hydraulic measurements.
252,63.0,calibrated_simulator,96866.38720307677,97381.29265859118,421.8263282310461,0.5872760653398978,146.41854290173467,1436.365905866017,1124.7244234471636,843.5433175853727,514.9054555144103,0.5315625681743763,calibrated_simulator + simulator_assisted_hidden_state,Thermal boundary variables use real operating data; pressure/head and flow-based energy indicators are simulator-assisted hidden-state proxies. Pressure/head and flow are simulator-assisted hidden hydraulic states because public district-heating datasets do not provide dense distributed hydraulic measurements.
253,63.25,calibrated_simulator,95064.23781304796,96769.73552445543,422.189503809119,0.5905355163964298,148.04805610490354,1452.3514303891038,1143.5534692452304,857.6651019339228,1705.4977114074718,1.7940476362535829,calibrated_simulator + simulator_assisted_hidden_state,Thermal boundary variables use real operating data; pressure/head and flow-based energy indicators are simulator-assisted hidden-state proxies. Pressure/head and flow are simulator-assisted hidden hydraulic states because public district-heating datasets do not provide dense distributed hydraulic measurements.
254,63.5,calibrated_simulator,94256.43464375808,94995.78490230146,422.7778475349059,0.5923953582992335,148.981975451114,1461.5131791754284,1154.3914979155732,865.7936234366798,739.3502585433744,0.7844029549152229,calibrated_simulator + simulator_assisted_hidden_state,Thermal boundary variables use real operating data; pressure/head and flow-based energy indicators are simulator-assisted hidden-state proxies. Pressure/head and flow are simulator-assisted hidden hydraulic states because public district-heating datasets do not provide dense distributed hydraulic measurements.
255,63.75,calibrated_simulator,93723.97928416016,94716.76854671219,422.84535222295875,0.5929815585517092,149.27689829771188,1464.4063723005536,1157.8212973331158,868.3659729998368,992.7892625520326,1.0592692181176084,calibrated_simulator + simulator_assisted_hidden_state,Thermal boundary variables use real operating data; pressure/head and flow-based energy indicators are simulator-assisted hidden-state proxies. Pressure/head and flow are simulator-assisted hidden hydraulic states because public district-heating datasets do not provide dense distributed hydraulic measurements.
256,64.0,calibrated_simulator,92776.10416482904,93637.89210657332,423.1289765567036,0.5904886336079338,148.02423033281326,1452.1176995648982,1143.2786616719638,857.4589962539727,861.7879417442746,0.928889986815133,calibrated_simulator + simulator_assisted_hidden_state,Thermal boundary variables use real operating data; pressure/head and flow-based energy indicators are simulator-assisted hidden-state proxies. Pressure/head and flow are simulator-assisted hidden hydraulic states because public district-heating datasets do not provide dense distributed hydraulic measurements.
257,64.25,calibrated_simulator,88781.94900893912,92453.02699483809,423.3862479280499,0.5877131915716804,146.63598284419933,1438.4989917015955,1127.2331113141186,845.424833485589,3671.07798589897,4.134937368326238,calibrated_simulator + simulator_assisted_hidden_state,Thermal boundary variables use real operating data; pressure/head and flow-based energy indicators are simulator-assisted hidden-state proxies. Pressure/head and flow are simulator-assisted hidden hydraulic states because public district-heating datasets do not provide dense distributed hydraulic measurements.
258,64.5,calibrated_simulator,85817.16174254759,88255.12035755074,424.0575094092238,0.5840535098524767,144.81541729112985,1420.639243625984,1106.3057819652315,829.7293364739237,2437.9586150031537,2.8408753744583817,calibrated_simulator + simulator_assisted_hidden_state,Thermal boundary variables use real operating data; pressure/head and flow-based energy indicators are simulator-assisted hidden-state proxies. Pressure/head and flow are simulator-assisted hidden hydraulic states because public district-heating datasets do not provide dense distributed hydraulic measurements.
259,64.75,calibrated_simulator,85531.72550400656,85547.8081446763,425.118947319457,0.5823170221030195,143.95568264779442,1412.2052467748633,1096.468205200264,822.351153900198,16.08264066973061,0.018803128985135753,calibrated_simulator + simulator_assisted_hidden_state,Thermal boundary variables use real operating data; pressure/head and flow-based energy indicators are simulator-assisted hidden-state proxies. Pressure/head and flow are simulator-assisted hidden hydraulic states because public district-heating datasets do not provide dense distributed hydraulic measurements.
260,65.0,calibrated_simulator,88562.18567577869,85844.43421041644,426.56395578275436,0.5842962076840155,144.93610905043593,1421.8232297847765,1107.6878948803778,830.7659211602834,-2717.7514653622493,-3.068749313969947,calibrated_simulator + simulator_assisted_hidden_state,Thermal boundary variables use real operating data; pressure/head and flow-based energy indicators are simulator-assisted hidden-state proxies. Pressure/head and flow are simulator-assisted hidden hydraulic states because public district-heating datasets do not provide dense distributed hydraulic measurements.
261,65.25,calibrated_simulator,92373.4397242818,88774.54502192796,428.31208440677085,0.5853393135791622,145.45400853085386,1426.9038236876763,1113.630539601102,835.2229047008265,-3598.894702353835,-3.8960275952653625,calibrated_simulator + simulator_assisted_hidden_state,Thermal boundary variables use real operating data; pressure/head and flow-based energy indicators are simulator-assisted hidden-state proxies. Pressure/head and flow are simulator-assisted hidden hydraulic states because public district-heating datasets do not provide dense distributed hydraulic measurements.
262,65.5,calibrated_simulator,88380.61869562836,92218.4607147288,428.5896690806835,0.5850328626235861,145.3016703031863,1425.4093856742577,1111.8817777487177,833.9113333115382,3837.8420191004407,4.342402300121344,calibrated_simulator + simulator_assisted_hidden_state,Thermal boundary variables use real operating data; pressure/head and flow-based energy indicators are simulator-assisted hidden-state proxies. Pressure/head and flow are simulator-assisted hidden hydraulic states because public district-heating datasets do not provide dense distributed hydraulic measurements.
263,65.75,calibrated_simulator,89785.1779955715,87564.98321657076,429.7778504392635,0.583039530027767,144.31311530808225,1415.7116611722868,1100.5544821129592,825.4158615847194,-2220.19477900074,-2.47278540686331,calibrated_simulator + simulator_assisted_hidden_state,Thermal boundary variables use real operating data; pressure/head and flow-based energy indicators are simulator-assisted hidden-state proxies. Pressure/head and flow are simulator-assisted hidden hydraulic states because public district-heating datasets do not provide dense distributed hydraulic measurements.
264,66.0,calibrated_simulator,89645.29467446938,88989.66354479193,430.2693564162939,0.580965270839441,143.28810122479626,1405.6562730152514,1088.8499698126197,816.6374773594648,-655.6311296774511,-0.7313614530001341,calibrated_simulator + simulator_assisted_hidden_state,Thermal boundary variables use real operating data; pressure/head and flow-based energy indicators are simulator-assisted hidden-state proxies. Pressure/head and flow are simulator-assisted hidden hydraulic states because public district-heating datasets do not provide dense distributed hydraulic measurements.
265,66.25,calibrated_simulator,91487.08340424777,89045.11109078936,430.56652645054623,0.5777928651462102,141.7274400443493,1390.3461868350666,1071.1094757820547,803.3321068365411,-2441.9723134584056,-2.669198997926547,calibrated_simulator + simulator_assisted_hidden_state,Thermal boundary variables use real operating data; pressure/head and flow-based energy indicators are simulator-assisted hidden-state proxies. Pressure/head and flow are simulator-assisted hidden hydraulic states because public district-heating datasets do not provide dense distributed hydraulic measurements.
266,66.5,calibrated_simulator,90923.05938322331,91665.28833130366,429.74179457773124,0.5766134407547113,141.14953600497805,1384.6769482088348,1064.5644525872392,798.4233394404293,742.2289480803447,0.8163264117103578,calibrated_simulator + simulator_assisted_hidden_state,Thermal boundary variables use real operating data; pressure/head and flow-based energy indicators are simulator-assisted hidden-state proxies. Pressure/head and flow are simulator-assisted hidden hydraulic states because public district-heating datasets do not provide dense distributed hydraulic measurements.
267,66.75,calibrated_simulator,90575.75071719538,90947.93209331435,428.9463970851651,0.573901337861323,139.82477842747636,1371.6810763735432,1049.6128064664479,787.209604849836,372.18137611896964,0.41090620080095314,calibrated_simulator + simulator_assisted_hidden_state,Thermal boundary variables use real operating data; pressure/head and flow-based energy indicators are simulator-assisted hidden-state proxies. Pressure/head and flow are simulator-assisted hidden hydraulic states because public district-heating datasets do not provide dense distributed hydraulic measurements.
268,67.0,calibrated_simulator,88884.95779931083,89648.54692860684,428.7015588655645,0.5680703591525024,136.99772804524505,1343.947712123854,1017.9424793445087,763.4568595083816,763.589129296015,0.8590757628755217,calibrated_simulator + simulator_assisted_hidden_state,Thermal boundary variables use real operating data; pressure/head and flow-based energy indicators are simulator-assisted hidden-state proxies. Pressure/head and flow are simulator-assisted hidden hydraulic states because public district-heating datasets do not provide dense distributed hydraulic measurements.
269,67.25,calibrated_simulator,86678.65270375251,87879.77094929447,428.76148077506446,0.5609269743056409,133.57386530177175,1310.359618610381,980.0214081592192,735.0160561194144,1201.118245541962,1.385714023090674,calibrated_simulator + simulator_assisted_hidden_state,Thermal boundary variables use real operating data; pressure/head and flow-based energy indicators are simulator-assisted hidden-state proxies. Pressure/head and flow are simulator-assisted hidden hydraulic states because public district-heating datasets do not provide dense distributed hydraulic measurements.
270,67.5,calibrated_simulator,85612.21731871842,86023.67488638176,428.99319754252093,0.5553128826342049,130.91354891648146,1284.261914870683,950.8895813388839,713.1671860041629,411.45756766333943,0.48060613373855177,calibrated_simulator + simulator_assisted_hidden_state,Thermal boundary variables use real operating data; pressure/head and flow-based energy indicators are simulator-assisted hidden-state proxies. Pressure/head and flow are simulator-assisted hidden hydraulic states because public district-heating datasets do not provide dense distributed hydraulic measurements.
271,67.75,calibrated_simulator,83690.46933432797,85021.9317103342,429.32114603368956,0.5494945775451577,128.1846023803161,1257.490949350901,921.3126106405771,690.9844579804328,1331.4623760062386,1.5909366820339987,calibrated_simulator + simulator_assisted_hidden_state,Thermal boundary variables use real operating data; pressure/head and flow-based energy indicators are simulator-assisted hidden-state proxies. Pressure/head and flow are simulator-assisted hidden hydraulic states because public district-heating datasets do not provide dense distributed hydraulic measurements.
272,68.0,calibrated_simulator,83149.93820477567,83039.74932703178,430.24854338841874,0.5443817286150575,125.81031031631488,1234.199144203049,895.8339514353072,671.8754635764803,-110.18887774388713,-0.1325182918026011,calibrated_simulator + simulator_assisted_hidden_state,Thermal boundary variables use real operating data; pressure/head and flow-based energy indicators are simulator-assisted hidden-state proxies. Pressure/head and flow are simulator-assisted hidden hydraulic states because public district-heating datasets do not provide dense distributed hydraulic measurements.
273,68.25,calibrated_simulator,84718.68598091048,82947.16233734244,431.6225984672564,0.5427487790143782,125.0568625043544,1226.8078211677168,887.7979293654239,665.8484470240678,-1771.5236435680417,-2.091066006343885,calibrated_simulator + simulator_assisted_hidden_state,Thermal boundary variables use real operating data; pressure/head and flow-based energy indicators are simulator-assisted hidden-state proxies. Pressure/head and flow are simulator-assisted hidden hydraulic states because public district-heating datasets do not provide dense distributed hydraulic measurements.
274,68.5,calibrated_simulator,82755.92930851174,84146.5446661387,432.49782422850876,0.5388064605778402,123.24660098041991,1209.0491556179193,868.5913282708233,651.4434962031174,1390.6153576269571,1.6803815379110576,calibrated_simulator + simulator_assisted_hidden_state,Thermal boundary variables use real operating data; pressure/head and flow-based energy indicators are simulator-assisted hidden-state proxies. Pressure/head and flow are simulator-assisted hidden hydraulic states because public district-heating datasets do not provide dense distributed hydraulic measurements.
275,68.75,calibrated_simulator,82403.89613711105,81721.90188264797,433.6868484761678,0.532336173587672,120.30420097258266,1180.184211541036,837.6729964004517,628.2547473003387,-681.9942544630758,-0.8276237974577223,calibrated_simulator + simulator_assisted_hidden_state,Thermal boundary variables use real operating data; pressure/head and flow-based energy indicators are simulator-assisted hidden-state proxies. Pressure/head and flow are simulator-assisted hidden hydraulic states because public district-heating datasets do not provide dense distributed hydraulic measurements.
276,69.0,calibrated_simulator,83545.5787007815,82164.09347451765,434.50233790617034,0.5315107295510161,119.93171371843269,1176.5301115778248,833.7845039246239,625.3383779434679,-1381.485226263845,-1.6535707188188076,calibrated_simulator + simulator_assisted_hidden_state,Thermal boundary variables use real operating data; pressure/head and flow-based energy indicators are simulator-assisted hidden-state proxies. Pressure/head and flow are simulator-assisted hidden hydraulic states because public district-heating datasets do not provide dense distributed hydraulic measurements.
277,69.25,calibrated_simulator,83045.46537349348,83339.01814362529,434.6019337376531,0.5312560640778266,119.81684591789025,1175.4032584545032,832.5868117210558,624.4401087907918,293.552770131806,0.35348440617626115,calibrated_simulator + simulator_assisted_hidden_state,Thermal boundary variables use real operating data; pressure/head and flow-based energy indicators are simulator-assisted hidden-state proxies. Pressure/head and flow are simulator-assisted hidden hydraulic states because public district-heating datasets do not provide dense distributed hydraulic measurements.
278,69.5,calibrated_simulator,82179.10394638396,82373.88776003137,434.61889294243576,0.5278265221428473,118.27469898902194,1160.2747970823052,816.5650811652681,612.4238108739511,194.78381364741654,0.23702353067088586,calibrated_simulator + simulator_assisted_hidden_state,Thermal boundary variables use real operating data; pressure/head and flow-based energy indicators are simulator-assisted hidden-state proxies. Pressure/head and flow are simulator-assisted hidden hydraulic states because public district-heating datasets do not provide dense distributed hydraulic measurements.
279,69.75,calibrated_simulator,82670.50834359763,81753.07622930288,434.5288557002236,0.5252299696050969,117.11394120836664,1148.8877632540766,804.573713298142,603.4302849736066,-917.4321142947447,-1.1097453404806537,calibrated_simulator + simulator_assisted_hidden_state,Thermal boundary variables use real operating data; pressure/head and flow-based energy indicators are simulator-assisted hidden-state proxies. Pressure/head and flow are simulator-assisted hidden hydraulic states because public district-heating datasets do not provide dense distributed hydraulic measurements.
280,70.0,calibrated_simulator,81313.73425771366,82262.29534407717,433.8285283461497,0.5225073406451147,115.90291507655536,1137.0075969010081,792.1264210000512,594.0948157500384,948.5610863635084,1.1665447356742507,calibrated_simulator + simulator_assisted_hidden_state,Thermal boundary variables use real operating data; pressure/head and flow-based energy indicators are simulator-assisted hidden-state proxies. Pressure/head and flow are simulator-assisted hidden hydraulic states because public district-heating datasets do not provide dense distributed hydraulic measurements.
281,70.25,calibrated_simulator,81147.85126835376,80809.4501103578,433.4686035256466,0.5187487945945337,114.24140635329584,1120.7081963258322,775.1547012483194,581.3660259362396,-338.4011579959624,-0.41701801428713,calibrated_simulator + simulator_assisted_hidden_state,Thermal boundary variables use real operating data; pressure/head and flow-based energy indicators are simulator-assisted hidden-state proxies. Pressure/head and flow are simulator-assisted hidden hydraulic states because public district-heating datasets do not provide dense distributed hydraulic measurements.
282,70.5,calibrated_simulator,79578.48287841199,80365.2125418683,432.983487004471,0.51323492291984,111.82562755945358,1097.0094063582396,750.6980508194808,563.0235381146106,786.7296634563099,0.988621088263714,calibrated_simulator + simulator_assisted_hidden_state,Thermal boundary variables use real operating data; pressure/head and flow-based energy indicators are simulator-assisted hidden-state proxies. Pressure/head and flow are simulator-assisted hidden hydraulic states because public district-heating datasets do not provide dense distributed hydraulic measurements.
283,70.75,calibrated_simulator,78522.33390052147,78517.4797361137,432.6948109606859,0.5065622177771836,108.9367074218564,1068.6690998084111,721.7965190251936,541.3473892688952,-4.8541644077631645,-0.006181890128116693,calibrated_simulator + simulator_assisted_hidden_state,Thermal boundary variables use real operating data; pressure/head and flow-based energy indicators are simulator-assisted hidden-state proxies. Pressure/head and flow are simulator-assisted hidden hydraulic states because public district-heating datasets do not provide dense distributed hydraulic measurements.
284,71.0,calibrated_simulator,76536.39679082371,77172.48824115035,432.52373739926634,0.49810342901484356,105.32882970019863,1033.2758193589484,686.2376383210858,514.6782287408143,636.0914503266395,0.8310966768726998,calibrated_simulator + simulator_assisted_hidden_state,Thermal boundary variables use real operating data; pressure/head and flow-based energy indicators are simulator-assisted hidden-state proxies. Pressure/head and flow are simulator-assisted hidden hydraulic states because public district-heating datasets do not provide dense distributed hydraulic measurements.
285,71.25,calibrated_simulator,75092.97805167212,75178.56289493725,432.59757728151243,0.48910139265728947,101.55604833673006,996.2648341833219,649.699357139395,487.27451785454633,85.58484326512553,0.11397183263424958,calibrated_simulator + simulator_assisted_hidden_state,Thermal boundary variables use real operating data; pressure/head and flow-based energy indicators are simulator-assisted hidden-state proxies. Pressure/head and flow are simulator-assisted hidden hydraulic states because public district-heating datasets do not provide dense distributed hydraulic measurements.
286,71.5,calibrated_simulator,72604.86188876191,73347.20936485004,432.77208035192405,0.47771286686286074,96.8815715379589,950.4082167873769,605.362978575356,454.022233931517,742.3474760881363,1.0224487131805151,calibrated_simulator + simulator_assisted_hidden_state,Thermal boundary variables use real operating data; pressure/head and flow-based energy indicators are simulator-assisted hidden-state proxies. Pressure/head and flow are simulator-assisted hidden hydraulic states because public district-heating datasets do not provide dense distributed hydraulic measurements.
287,71.75,calibrated_simulator,70153.50888979383,70832.1228370531,433.06423855830235,0.4662140828680257,92.2736931110041,905.2049294189503,562.692381302229,422.01928597667177,678.6139472592768,0.9673271629582079,calibrated_simulator + simulator_assisted_hidden_state,Thermal boundary variables use real operating data; pressure/head and flow-based energy indicators are simulator-assisted hidden-state proxies. Pressure/head and flow are simulator-assisted hidden hydraulic states because public district-heating datasets do not provide dense distributed hydraulic measurements.
288,72.0,calibrated_simulator,67145.80042272473,67893.75348995412,433.6344069879575,0.4511116498019892,86.39209409603612,847.5064430821143,509.7600396754511,382.32002975658827,747.9530672293913,1.1139238232630482,calibrated_simulator + simulator_assisted_hidden_state,Thermal boundary variables use real operating data; pressure/head and flow-based energy indicators are simulator-assisted hidden-state proxies. Pressure/head and flow are simulator-assisted hidden hydraulic states because public district-heating datasets do not provide dense distributed hydraulic measurements.
289,72.25,calibrated_simulator,62122.560754825245,64229.59673117292,434.2407253542282,0.4314120594870928,79.01120401854092,775.0999114218864,445.8499321263724,334.38744909477924,2107.0359763476736,3.391740376999855,calibrated_simulator + simulator_assisted_hidden_state,Thermal boundary variables use real operating data; pressure/head and flow-based energy indicators are simulator-assisted hidden-state proxies. Pressure/head and flow are simulator-assisted hidden hydraulic states because public district-heating datasets do not provide dense distributed hydraulic measurements.
290,72.5,calibrated_simulator,59633.86619851409,59405.56991720841,435.17048898482557,0.41256603779657375,72.258807361112,708.8589002125087,389.9348104233488,292.45110781751157,-228.29628130568017,-0.3828299183985637,calibrated_simulator + simulator_assisted_hidden_state,Thermal boundary variables use real operating data; pressure/head and flow-based energy indicators are simulator-assisted hidden-state proxies. Pressure/head and flow are simulator-assisted hidden hydraulic states because public district-heating datasets do not provide dense distributed hydraulic measurements.
291,72.75,calibrated_simulator,59566.66119774306,57796.54036654117,435.9816540556681,0.3999977114763756,67.92359787850472,666.3304951881313,355.3742308828968,266.5306731621726,-1770.1208312018862,-2.9716636716058797,calibrated_simulator + simulator_assisted_hidden_state,Thermal boundary variables use real operating data; pressure/head and flow-based energy indicators are simulator-assisted hidden-state proxies. Pressure/head and flow are simulator-assisted hidden hydraulic states because public district-heating datasets do not provide dense distributed hydraulic measurements.
292,73.0,calibrated_simulator,59928.461332457446,58388.56891877256,436.4046480336697,0.3923002926822806,65.33479837253844,640.9343720346021,335.2516556524109,251.43874173930814,-1539.8924136848873,-2.569551060458942,calibrated_simulator + simulator_assisted_hidden_state,Thermal boundary variables use real operating data; pressure/head and flow-based energy indicators are simulator-assisted hidden-state proxies. Pressure/head and flow are simulator-assisted hidden hydraulic states because public district-heating datasets do not provide dense distributed hydraulic measurements.
293,73.25,calibrated_simulator,58939.37520396296,58756.914394672174,436.40459794090305,0.38484867150684243,62.87634055019154,616.816900797379,316.5082197797855,237.38116483483915,-182.46080929078744,-0.30957370799974,calibrated_simulator + simulator_assisted_hidden_state,Thermal boundary variables use real operating data; pressure/head and flow-based energy indicators are simulator-assisted hidden-state proxies. Pressure/head and flow are simulator-assisted hidden hydraulic states because public district-heating datasets do not provide dense distributed hydraulic measurements.
294,73.5,calibrated_simulator,59509.8663896635,58317.92054108492,436.3053251529782,0.3810445424706497,61.639646021576056,604.6849274716611,307.21585536978284,230.4118915273371,-1191.94584857858,-2.0029382031777065,calibrated_simulator + simulator_assisted_hidden_state,Thermal boundary variables use real operating data; pressure/head and flow-based energy indicators are simulator-assisted hidden-state proxies. Pressure/head and flow are simulator-assisted hidden hydraulic states because public district-heating datasets do not provide dense distributed hydraulic measurements.
295,73.75,calibrated_simulator,59297.03658449265,59086.03805296067,435.8862195713066,0.3786185240653162,60.8573290771716,597.0103982470533,301.38559444792793,226.03919583594597,-210.9985315319791,-0.35583318102469796,calibrated_simulator + simulator_assisted_hidden_state,Thermal boundary variables use real operating data; pressure/head and flow-based energy indicators are simulator-assisted hidden-state proxies. Pressure/head and flow are simulator-assisted hidden hydraulic states because public district-heating datasets do not provide dense distributed hydraulic measurements.
296,74.0,calibrated_simulator,58623.438076801,58690.06806341097,435.37720926290655,0.37489883278870956,59.66735768414132,585.3367788814263,292.58943358793294,219.4420751909497,66.62998660996527,0.11365758951679891,calibrated_simulator + simulator_assisted_hidden_state,Thermal boundary variables use real operating data; pressure/head and flow-based energy indicators are simulator-assisted hidden-state proxies. Pressure/head and flow are simulator-assisted hidden hydraulic states because public district-heating datasets do not provide dense distributed hydraulic measurements.
297,74.25,calibrated_simulator,57154.729713678,57712.9805430797,434.823832776889,0.36916730012479504,57.85677128801771,567.5749263354537,279.37347089838516,209.53010317378886,558.2508294016952,0.9767360150215131,calibrated_simulator + simulator_assisted_hidden_state,Thermal boundary variables use real operating data; pressure/head and flow-based energy indicators are simulator-assisted hidden-state proxies. Pressure/head and flow are simulator-assisted hidden hydraulic states because public district-heating datasets do not provide dense distributed hydraulic measurements.
298,74.5,calibrated_simulator,56647.1791779694,56462.51791310128,434.2596324762879,0.36485279516034563,56.51238638812549,554.386510467511,269.6926239243489,202.26946794326165,-184.66126486812573,-0.32598492554761166,calibrated_simulator + simulator_assisted_hidden_state,Thermal boundary variables use real operating data; pressure/head and flow-based energy indicators are simulator-assisted hidden-state proxies. Pressure/head and flow are simulator-assisted hidden hydraulic states because public district-heating datasets do not provide dense distributed hydraulic measurements.
299,74.75,calibrated_simulator,56268.23703009127,56141.402591663165,433.4581486832947,0.3617819271328557,55.565155706495744,545.0941774807233,262.9402959971665,197.2052219978749,-126.83443842810811,-0.2254103649280486,calibrated_simulator + simulator_assisted_hidden_state,Thermal boundary variables use real operating data; pressure/head and flow-based energy indicators are simulator-assisted hidden-state proxies. Pressure/head and flow are simulator-assisted hidden hydraulic states because public district-heating datasets do not provide dense distributed hydraulic measurements.
300,75.0,calibrated_simulator,56384.24093519675,55972.758028393866,432.51812153233817,0.35999859654662253,55.018781362802756,539.734245169095,259.0714276920332,194.3035707690249,-411.4829068028848,-0.7297835352183037,calibrated_simulator + simulator_assisted_hidden_state,Thermal boundary variables use real operating data; pressure/head and flow-based energy indicators are simulator-assisted hidden-state proxies. Pressure/head and flow are simulator-assisted hidden hydraulic states because public district-heating datasets do not provide dense distributed hydraulic measurements.
301,75.25,calibrated_simulator,56038.71932798392,55994.35202976389,431.4992678990348,0.35753553830541357,54.268456670252334,532.3735599351753,253.78995644132303,190.3424673309923,-44.367298220029625,-0.07917257701832246,calibrated_simulator + simulator_assisted_hidden_state,Thermal boundary variables use real operating data; pressure/head and flow-based energy indicators are simulator-assisted hidden-state proxies. Pressure/head and flow are simulator-assisted hidden hydraulic states because public district-heating datasets do not provide dense distributed hydraulic measurements.
302,75.5,calibrated_simulator,55000.65009395492,55361.48995646154,430.56158996939564,0.35321638282133366,52.965105712911495,519.5876870436617,244.7025111680871,183.5268833760653,360.8398625066184,0.6560647226718471,calibrated_simulator + simulator_assisted_hidden_state,Thermal boundary variables use real operating data; pressure/head and flow-based energy indicators are simulator-assisted hidden-state proxies. Pressure/head and flow are simulator-assisted hidden hydraulic states because public district-heating datasets do not provide dense distributed hydraulic measurements.
303,75.75,calibrated_simulator,54522.25324839913,54448.08499877691,429.8154597875821,0.3496982770789733,51.915313823838076,509.2892286118515,237.46342104059175,178.0975657804438,-74.16824962222017,-0.13603298690594354,calibrated_simulator + simulator_assisted_hidden_state,Thermal boundary variables use real operating data; pressure/head and flow-based energy indicators are simulator-assisted hidden-state proxies. Pressure/head and flow are simulator-assisted hidden hydraulic states because public district-heating datasets do not provide dense distributed hydraulic measurements.
304,76.0,calibrated_simulator,54799.498476063854,54220.63814560052,429.22568520845425,0.34781609025245264,51.358057255604734,503.82254167748243,233.65011550308705,175.2375866273153,-578.8603304633361,-1.0563241390177676,calibrated_simulator + simulator_assisted_hidden_state,Thermal boundary variables use real operating data; pressure/head and flow-based energy indicators are simulator-assisted hidden-state proxies. Pressure/head and flow are simulator-assisted hidden hydraulic states because public district-heating datasets do not provide dense distributed hydraulic measurements.
305,76.25,calibrated_simulator,54504.78884374034,54549.5009343054,428.6699113211853,0.3462569201656395,50.89865637843715,499.31581907246846,230.5220769360222,172.89155770201663,44.71209056505904,0.08203332498589076,calibrated_simulator + simulator_assisted_hidden_state,Thermal boundary variables use real operating data; pressure/head and flow-based energy indicators are simulator-assisted hidden-state proxies. Pressure/head and flow are simulator-assisted hidden hydraulic states because public district-heating datasets do not provide dense distributed hydraulic measurements.
306,76.5,calibrated_simulator,53642.38156242853,54013.19151352479,428.24285317722934,0.3431292156825449,49.98319562022107,490.33514903436867,224.33108681299558,168.24831510974667,370.80995109626383,0.6912630280307718,calibrated_simulator + simulator_assisted_hidden_state,Thermal boundary variables use real operating data; pressure/head and flow-based energy indicators are simulator-assisted hidden-state proxies. Pressure/head and flow are simulator-assisted hidden hydraulic states because public district-heating datasets do not provide dense distributed hydraulic measurements.
307,76.75,calibrated_simulator,53011.390128538726,53009.60965247572,428.0229691981423,0.33910894562930904,48.818748253757605,478.9119203693621,216.53775515434936,162.403316365762,-1.7804760630024248,-0.0033586669934239357,calibrated_simulator + simulator_assisted_hidden_state,Thermal boundary variables use real operating data; pressure/head and flow-based energy indicators are simulator-assisted hidden-state proxies. Pressure/head and flow are simulator-assisted hidden hydraulic states because public district-heating datasets do not provide dense distributed hydraulic measurements.
308,77.0,calibrated_simulator,52173.075312671055,52467.94513013541,427.7631899804496,0.33574607779660304,47.85533203320844,469.46080724577484,210.15949961599463,157.61962471199598,294.86981746435777,0.5651762248961084,calibrated_simulator + simulator_assisted_hidden_state,Thermal boundary variables use real operating data; pressure/head and flow-based energy indicators are simulator-assisted hidden-state proxies. Pressure/head and flow are simulator-assisted hidden hydraulic states because public district-heating datasets do not provide dense distributed hydraulic measurements.
309,77.25,calibrated_simulator,51050.866985305394,51532.97934886404,427.5267507943248,0.3317875233136557,46.73348743000703,458.455511688369,202.81309169677155,152.10981877257868,482.1123635586482,0.9443764465301258,calibrated_simulator + simulator_assisted_hidden_state,Thermal boundary variables use real operating data; pressure/head and flow-based energy indicators are simulator-assisted hidden-state proxies. Pressure/head and flow are simulator-assisted hidden hydraulic states because public district-heating datasets do not provide dense distributed hydraulic measurements.
310,77.5,calibrated_simulator,51117.93071422519,50548.868505693084,427.4921852230692,0.3286469260137871,45.85298675744566,449.81780009054194,197.1083163547211,147.8312372660408,-569.0622085321083,-1.1132340464121109,calibrated_simulator + simulator_assisted_hidden_state,Thermal boundary variables use real operating data; pressure/head and flow-based energy indicators are simulator-assisted hidden-state proxies. Pressure/head and flow are simulator-assisted hidden hydraulic states because public district-heating datasets do not provide dense distributed hydraulic measurements.
311,77.75,calibrated_simulator,51231.09983420941,50625.748975339906,427.42820147278775,0.32553405366579624,44.988479618135116,441.3369850539055,191.5602903696517,143.67021777723878,-605.350858869504,-1.1816081654083148,calibrated_simulator + simulator_assisted_hidden_state,Thermal boundary variables use real operating data; pressure/head and flow-based energy indicators are simulator-assisted hidden-state proxies. Pressure/head and flow are simulator-assisted hidden hydraulic states because public district-heating datasets do not provide dense distributed hydraulic measurements.
312,78.0,calibrated_simulator,51196.85145620858,50990.13889068562,427.20971740838456,0.3240271230379081,44.57301867774737,437.2613132287017,188.91270045503174,141.6845253412738,-206.7125655229538,-0.40376030877556246,calibrated_simulator + simulator_assisted_hidden_state,Thermal boundary variables use real operating data; pressure/head and flow-based energy indicators are simulator-assisted hidden-state proxies. Pressure/head and flow are simulator-assisted hidden hydraulic states because public district-heating datasets do not provide dense distributed hydraulic measurements.
313,78.25,calibrated_simulator,50902.28143604246,50911.51354184734,426.9587289962778,0.3222768984501545,44.09278457652988,432.5502166957581,185.86792301420155,139.40094226065116,9.232105804876483,0.018136919494416787,calibrated_simulator + simulator_assisted_hidden_state,Thermal boundary variables use real operating data; pressure/head and flow-based energy indicators are simulator-assisted hidden-state proxies. Pressure/head and flow are simulator-assisted hidden hydraulic states because public district-heating datasets do not provide dense distributed hydraulic measurements.
314,78.5,calibrated_simulator,50043.62649727315,50456.92952506424,426.6984252872334,0.3195574259111242,43.351731510857675,425.28048612151383,181.20204991363005,135.90153743522254,413.3030277910875,0.8258854457991932,calibrated_simulator + simulator_assisted_hidden_state,Thermal boundary variables use real operating data; pressure/head and flow-based energy indicators are simulator-assisted hidden-state proxies. Pressure/head and flow are simulator-assisted hidden hydraulic states because public district-heating datasets do not provide dense distributed hydraulic measurements.
315,78.75,calibrated_simulator,49400.54910938552,49720.798504744285,426.4564758794988,0.3176122066290886,42.825595213225654,420.1190890417437,177.9132678900677,133.43495091755076,320.24939535876183,0.6482709223528007,calibrated_simulator + simulator_assisted_hidden_state,Thermal boundary variables use real operating data; pressure/head and flow-based energy indicators are simulator-assisted hidden-state proxies. Pressure/head and flow are simulator-assisted hidden hydraulic states because public district-heating datasets do not provide dense distributed hydraulic measurements.
316,79.0,calibrated_simulator,49897.04196917986,49264.581109326646,426.3479258134654,0.31681732732722506,42.61156994338939,418.01950114464995,176.58109483107717,132.4358211233079,-632.4608598532141,-1.2675317712097425,calibrated_simulator + simulator_assisted_hidden_state,Thermal boundary variables use real operating data; pressure/head and flow-based energy indicators are simulator-assisted hidden-state proxies. Pressure/head and flow are simulator-assisted hidden hydraulic states because public district-heating datasets do not provide dense distributed hydraulic measurements.
317,79.25,calibrated_simulator,49964.43148356664,49816.17569618625,426.14229938332255,0.3163395356296264,42.48315946128616,416.75979431521716,175.78346640369924,131.83759980277443,-148.25578738038894,-0.2967226544529991,calibrated_simulator + simulator_assisted_hidden_state,Thermal boundary variables use real operating data; pressure/head and flow-based energy indicators are simulator-assisted hidden-state proxies. Pressure/head and flow are simulator-assisted hidden hydraulic states because public district-heating datasets do not provide dense distributed hydraulic measurements.
318,79.5,calibrated_simulator,50349.48440900444,49979.6071687212,425.9241064324999,0.3165297378575826,42.53429878931123,417.26147112314317,176.10088543023704,132.0756640726778,-369.8772402832401,-0.734619717808057,calibrated_simulator + simulator_assisted_hidden_state,Thermal boundary variables use real operating data; pressure/head and flow-based energy indicators are simulator-assisted hidden-state proxies. Pressure/head and flow are simulator-assisted hidden hydraulic states because public district-heating datasets do not provide dense distributed hydraulic measurements.
319,79.75,calibrated_simulator,50345.661282875,50351.609964203446,425.6115492609629,0.3167803289720713,42.60167612257948,417.92244276250466,176.51947853749047,132.38960890311785,5.948681328445673,0.011815678207148921,calibrated_simulator + simulator_assisted_hidden_state,Thermal boundary variables use real operating data; pressure/head and flow-based energy indicators are simulator-assisted hidden-state proxies. Pressure/head and flow are simulator-assisted hidden hydraulic states because public district-heating datasets do not provide dense distributed hydraulic measurements.
320,80.0,calibrated_simulator,50416.24398612653,50343.537311913875,425.26855412587884,0.31700943493630507,42.66331906205053,418.5271599987157,176.9027446622526,132.67705849668943,-72.70667421265534,-0.14421279425865732,calibrated_simulator + simulator_assisted_hidden_state,Thermal boundary variables use real operating data; pressure/head and flow-based energy indicators are simulator-assisted hidden-state proxies. Pressure/head and flow are simulator-assisted hidden hydraulic states because public district-heating datasets do not provide dense distributed hydraulic measurements.
321,80.25,calibrated_simulator,50802.64180082604,50632.74214237881,424.8812752424956,0.31836702427902086,43.029574448128336,422.120125336139,179.18550425540516,134.38912819155388,-169.8996584472261,-0.3344307548283121,calibrated_simulator + simulator_assisted_hidden_state,Thermal boundary variables use real operating data; pressure/head and flow-based energy indicators are simulator-assisted hidden-state proxies. Pressure/head and flow are simulator-assisted hidden hydraulic states because public district-heating datasets do not provide dense distributed hydraulic measurements.
322,80.5,calibrated_simulator,50983.06767079605,51008.16299065022,424.4412406624135,0.3194350128454706,43.31873462067821,424.9567866288532,180.99476879407683,135.7460765955576,25.095319854168338,0.0492228518225147,calibrated_simulator + simulator_assisted_hidden_state,Thermal boundary variables use real operating data; pressure/head and flow-based energy indicators are simulator-assisted hidden-state proxies. Pressure/head and flow are simulator-assisted hidden hydraulic states because public district-heating datasets do not provide dense distributed hydraulic measurements.
323,80.75,calibrated_simulator,50953.91688908175,51078.73338077956,424.0100460387843,0.31987020378233044,43.43681260763479,426.1151316808973,181.73537867400427,136.30153400550319,124.81649169780576,0.24495956212652034,calibrated_simulator + simulator_assisted_hidden_state,Thermal boundary variables use real operating data; pressure/head and flow-based energy indicators are simulator-assisted hidden-state proxies. Pressure/head and flow are simulator-assisted hidden hydraulic states because public district-heating datasets do not provide dense distributed hydraulic measurements.
324,81.0,calibrated_simulator,51051.62540309522,50979.41174554533,423.71223913478076,0.32005102180132594,43.485920737665246,426.5968824364961,182.0436908280809,136.53276812106068,-72.21365754988801,-0.14145222013932146,calibrated_simulator + simulator_assisted_hidden_state,Thermal boundary variables use real operating data; pressure/head and flow-based energy indicators are simulator-assisted hidden-state proxies. Pressure/head and flow are simulator-assisted hidden hydraulic states because public district-heating datasets do not provide dense distributed hydraulic measurements.
325,81.25,calibrated_simulator,51394.96837841221,51230.98020752678,423.45955635589667,0.3214068710427032,43.85520981847707,430.2196083192601,184.36738422814759,138.2755381711107,-163.98817088543,-0.3190743686775204,calibrated_simulator + simulator_assisted_hidden_state,Thermal boundary variables use real operating data; pressure/head and flow-based energy indicators are simulator-assisted hidden-state proxies. Pressure/head and flow are simulator-assisted hidden hydraulic states because public district-heating datasets do not provide dense distributed hydraulic measurements.
326,81.5,calibrated_simulator,51770.4470290753,51481.97218795365,423.21317258485584,0.3223488299642351,44.11261921259626,432.7447944755693,185.99303756308416,139.49477817231312,-288.47484112164966,-0.5572191427275807,calibrated_simulator + simulator_assisted_hidden_state,Thermal boundary variables use real operating data; pressure/head and flow-based energy indicators are simulator-assisted hidden-state proxies. Pressure/head and flow are simulator-assisted hidden hydraulic states because public district-heating datasets do not provide dense distributed hydraulic measurements.
327,81.75,calibrated_simulator,52454.59027428839,51837.409729803745,423.0048426191035,0.32306022674832924,44.30752671045151,434.65683702952936,187.22711510462847,140.42033632847134,-617.1805444846468,-1.1765996860472467,calibrated_simulator + simulator_assisted_hidden_state,Thermal boundary variables use real operating data; pressure/head and flow-based energy indicators are simulator-assisted hidden-state proxies. Pressure/head and flow are simulator-assisted hidden hydraulic states because public district-heating datasets do not provide dense distributed hydraulic measurements.
328,82.0,calibrated_simulator,52651.5527059858,52703.3858758123,422.60478243776316,0.32468961874873076,44.755644784347325,439.05287533444726,190.07454760383428,142.5559107028757,51.83316982650285,0.09844566240229814,calibrated_simulator + simulator_assisted_hidden_state,Thermal boundary variables use real operating data; pressure/head and flow-based energy indicators are simulator-assisted hidden-state proxies. Pressure/head and flow are simulator-assisted hidden hydraulic states because public district-heating datasets do not provide dense distributed hydraulic measurements.
329,82.25,calibrated_simulator,53209.46215720703,52915.55053968902,422.1937096408076,0.32628911460442117,45.197681579738045,443.3892562972302,192.89745048311468,144.67308786233602,-293.91161751800973,-0.5523672023777456,calibrated_simulator + simulator_assisted_hidden_state,Thermal boundary variables use real operating data; pressure/head and flow-based energy indicators are simulator-assisted hidden-state proxies. Pressure/head and flow are simulator-assisted hidden hydraulic states because public district-heating datasets do not provide dense distributed hydraulic measurements.
330,82.5,calibrated_simulator,53138.00792346166,53376.022889382904,421.7376031138039,0.3273012869831885,45.47849626859889,446.1440483949551,194.69802829274497,146.02352121955872,238.0149659212475,0.4479184960491498,calibrated_simulator + simulator_assisted_hidden_state,Thermal boundary variables use real operating data; pressure/head and flow-based energy indicators are simulator-assisted hidden-state proxies. Pressure/head and flow are simulator-assisted hidden hydraulic states because public district-heating datasets do not provide dense distributed hydraulic measurements.
331,82.75,calibrated_simulator,53709.334631498816,53360.13614208296,421.4561604883526,0.32869048909687737,45.86539515202321,449.9395264413477,197.18779068003195,147.89084301002396,-349.19848941585224,-0.6501634991602716,calibrated_simulator + simulator_assisted_hidden_state,Thermal boundary variables use real operating data; pressure/head and flow-based energy indicators are simulator-assisted hidden-state proxies. Pressure/head and flow are simulator-assisted hidden hydraulic states because public district-heating datasets do not provide dense distributed hydraulic measurements.
332,83.0,calibrated_simulator,53861.00822555452,54069.19944621442,421.0541020165401,0.3309164457635511,46.48876305931097,456.0547656118406,201.22136281306624,150.91602210979966,208.19122065990086,0.3865342063187074,calibrated_simulator + simulator_assisted_hidden_state,Thermal boundary variables use real operating data; pressure/head and flow-based energy indicators are simulator-assisted hidden-state proxies. Pressure/head and flow are simulator-assisted hidden hydraulic states because public district-heating datasets do not provide dense distributed hydraulic measurements.
333,83.25,calibrated_simulator,55615.370256554335,54366.38798457996,420.8980087142909,0.33401153982039256,47.36250382288999,464.6261625025508,206.92066663775594,155.19049997831695,-1248.9822719743752,-2.2457501698052282,calibrated_simulator + simulator_assisted_hidden_state,Thermal boundary variables use real operating data; pressure/head and flow-based energy indicators are simulator-assisted hidden-state proxies. Pressure/head and flow are simulator-assisted hidden hydraulic states because public district-heating datasets do not provide dense distributed hydraulic measurements.
334,83.5,calibrated_simulator,55609.20214014083,55971.40348194407,420.51002198828587,0.33607802658094893,47.95030898753406,470.3925311677091,210.78479145768156,158.08859359326118,362.20134180324385,0.6513334625633717,calibrated_simulator + simulator_assisted_hidden_state,Thermal boundary variables use real operating data; pressure/head and flow-based energy indicators are simulator-assisted hidden-state proxies. Pressure/head and flow are simulator-assisted hidden hydraulic states because public district-heating datasets do not provide dense distributed hydraulic measurements.
335,83.75,calibrated_simulator,55049.27146449483,55955.81746959291,420.0825453217715,0.3380562925597591,48.51646678505638,475.9465391614031,214.52896331406953,160.89672248555215,906.5460050980837,1.6467901953666715,calibrated_simulator + simulator_assisted_hidden_state,Thermal boundary variables use real operating data; pressure/head and flow-based energy indicators are simulator-assisted hidden-state proxies. Pressure/head and flow are simulator-assisted hidden hydraulic states because public district-heating datasets do not provide dense distributed hydraulic measurements.
336,84.0,calibrated_simulator,56843.24432837227,55783.60347807075,419.89345528294183,0.3424175032606258,49.776477507006305,488.30724434373184,222.93992990967598,167.204947432257,-1059.640850301519,-1.8641456215626642,calibrated_simulator + simulator_assisted_hidden_state,Thermal boundary variables use real operating data; pressure/head and flow-based energy indicators are simulator-assisted hidden-state proxies. Pressure/head and flow are simulator-assisted hidden hydraulic states because public district-heating datasets do not provide dense distributed hydraulic measurements.
337,84.25,calibrated_simulator,58252.97526084726,57816.593684493484,419.4612593773686,0.34811841090232937,51.447798044794325,504.7028988194323,234.2618281530932,175.6963711148199,-436.38157635377866,-0.7491146579204472,calibrated_simulator + simulator_assisted_hidden_state,Thermal boundary variables use real operating data; pressure/head and flow-based energy indicators are simulator-assisted hidden-state proxies. Pressure/head and flow are simulator-assisted hidden hydraulic states because public district-heating datasets do not provide dense distributed hydraulic measurements.
338,84.5,calibrated_simulator,60033.77840728397,59560.62060075714,418.99507183013054,0.35581200667680235,53.74706893369736,527.2587462395711,250.13999004986226,187.6049925373967,-473.15780652683316,-0.7881526351994935,calibrated_simulator + simulator_assisted_hidden_state,Thermal boundary variables use real operating data; pressure/head and flow-based energy indicators are simulator-assisted hidden-state proxies. Pressure/head and flow are simulator-assisted hidden hydraulic states because public district-heating datasets do not provide dense distributed hydraulic measurements.
339,84.75,calibrated_simulator,61038.07790393795,61236.479305917164,418.47786886220877,0.3628999347652999,55.90967561173562,548.4739177511265,265.388198629803,199.04114897235226,198.40140197921573,0.3250452976115351,calibrated_simulator + simulator_assisted_hidden_state,Thermal boundary variables use real operating data; pressure/head and flow-based energy indicators are simulator-assisted hidden-state proxies. Pressure/head and flow are simulator-assisted hidden hydraulic states because public district-heating datasets do not provide dense distributed hydraulic measurements.
340,85.0,calibrated_simulator,62627.66855378449,62327.149306924846,418.0808123871838,0.3705691077758233,58.29774163471966,571.9008454365998,282.57171470623973,211.92878602967983,-300.5192468596433,-0.4798506056497347,calibrated_simulator + simulator_assisted_hidden_state,Thermal boundary variables use real operating data; pressure/head and flow-based energy indicators are simulator-assisted hidden-state proxies. Pressure/head and flow are simulator-assisted hidden hydraulic states because public district-heating datasets do not provide dense distributed hydraulic measurements.
341,85.25,calibrated_simulator,65423.81414200005,64859.670798507264,417.50339860776893,0.3837475709741941,62.5182047458172,613.3035885564667,313.8050165044009,235.35376237830064,-564.1433434927822,-0.8622905143810925,calibrated_simulator + simulator_assisted_hidden_state,Thermal boundary variables use real operating data; pressure/head and flow-based energy indicators are simulator-assisted hidden-state proxies. Pressure/head and flow are simulator-assisted hidden hydraulic states because public district-heating datasets do not provide dense distributed hydraulic measurements.
342,85.5,calibrated_simulator,66900.31722989195,67414.00107782714,416.8645715869579,0.39524287466363534,66.31967880315105,650.5960490589117,342.8579368997971,257.1434526748478,513.6838479351863,0.767834696762343,calibrated_simulator + simulator_assisted_hidden_state,Thermal boundary variables use real operating data; pressure/head and flow-based energy indicators are simulator-assisted hidden-state proxies. Pressure/head and flow are simulator-assisted hidden hydraulic states because public district-heating datasets do not provide dense distributed hydraulic measurements.
343,85.75,calibrated_simulator,69059.17276051948,68130.18103729787,416.8726770824453,0.40220666348743545,68.67696633007004,673.7210396979872,361.30012199761796,270.9750914982135,-928.9917232216103,-1.345211195105289,calibrated_simulator + simulator_assisted_hidden_state,Thermal boundary variables use real operating data; pressure/head and flow-based energy indicators are simulator-assisted hidden-state proxies. Pressure/head and flow are simulator-assisted hidden hydraulic states because public district-heating datasets do not provide dense distributed hydraulic measurements.
344,86.0,calibrated_simulator,69495.39507079558,70216.65886342205,416.70436079229063,0.4087582372885939,70.93252132023729,695.8480341515278,379.244821147349,284.4336158605118,721.2637926264724,1.0378583960731709,calibrated_simulator + simulator_assisted_hidden_state,Thermal boundary variables use real operating data; pressure/head and flow-based energy indicators are simulator-assisted hidden-state proxies. Pressure/head and flow are simulator-assisted hidden hydraulic states because public district-heating datasets do not provide dense distributed hydraulic measurements.
345,86.25,calibrated_simulator,72503.00818077764,72151.8388385111,416.17066489323776,0.4243856615866771,76.46038304247432,750.0763576466732,424.4288683738779,318.32165128040845,-351.1693422665412,-0.48435140979384217,calibrated_simulator + simulator_assisted_hidden_state,Thermal boundary variables use real operating data; pressure/head and flow-based energy indicators are simulator-assisted hidden-state proxies. Pressure/head and flow are simulator-assisted hidden hydraulic states because public district-heating datasets do not provide dense distributed hydraulic measurements.
346,86.5,calibrated_simulator,72525.52992713632,73906.23699728055,415.7695666457749,0.4326684898024446,79.47365441712539,779.636549832,449.76555814746644,337.3241686105998,1380.707070144228,1.9037531632397207,calibrated_simulator + simulator_assisted_hidden_state,Thermal boundary variables use real operating data; pressure/head and flow-based energy indicators are simulator-assisted hidden-state proxies. Pressure/head and flow are simulator-assisted hidden hydraulic states because public district-heating datasets do not provide dense distributed hydraulic measurements.
347,86.75,calibrated_simulator,73045.2054409707,73475.15086398266,415.91469461425885,0.438326236056049,81.56554443838995,800.1579909406054,467.6403205588876,350.7302404191657,429.94542301195906,0.5886018396640784,calibrated_simulator + simulator_assisted_hidden_state,Thermal boundary variables use real operating data; pressure/head and flow-based energy indicators are simulator-assisted hidden-state proxies. Pressure/head and flow are simulator-assisted hidden hydraulic states because public district-heating datasets do not provide dense distributed hydraulic measurements.
348,87.0,calibrated_simulator,78567.1899862684,75559.25705608146,416.3767235247886,0.4534199015517055,87.28014569535083,856.2182292713917,517.6351802973467,388.22638522300997,-3007.9329301869293,-3.828484804805469,calibrated_simulator + simulator_assisted_hidden_state,Thermal boundary variables use real operating data; pressure/head and flow-based energy indicators are simulator-assisted hidden-state proxies. Pressure/head and flow are simulator-assisted hidden hydraulic states because public district-heating datasets do not provide dense distributed hydraulic measurements.
349,87.25,calibrated_simulator,85469.68024539025,82998.13174283384,416.32911412674747,0.4793582556069751,97.5521782817396,956.9868689438655,611.652741514283,458.73955613571223,-2471.548502556412,-2.8917254580342404,calibrated_simulator + simulator_assisted_hidden_state,Thermal boundary variables use real operating data; pressure/head and flow-based energy indicators are simulator-assisted hidden-state proxies. Pressure/head and flow are simulator-assisted hidden hydraulic states because public district-heating datasets do not provide dense distributed hydraulic measurements.
350,87.5,calibrated_simulator,82417.35071746896,87724.7633739425,415.78358242617117,0.4917924879442656,102.67786663343283,1007.2698716739761,660.4903416291279,495.36775622184587,5307.412656473534,6.439678793689481,calibrated_simulator + simulator_assisted_hidden_state,Thermal boundary variables use real operating data; pressure/head and flow-based energy indicators are simulator-assisted hidden-state proxies. Pressure/head and flow are simulator-assisted hidden hydraulic states because public district-heating datasets do not provide dense distributed hydraulic measurements.
351,87.75,calibrated_simulator,83710.65869050636,85008.16420113694,416.0206798953827,0.5057438233718414,108.58614328505837,1065.2300656264226,718.3113682140593,538.7335261605444,1297.5055106305808,1.5499884135755,calibrated_simulator + simulator_assisted_hidden_state,Thermal boundary variables use real operating data; pressure/head and flow-based energy indicators are simulator-assisted hidden-state proxies. Pressure/head and flow are simulator-assisted hidden hydraulic states because public district-heating datasets do not provide dense distributed hydraulic measurements.
352,88.0,calibrated_simulator,85610.91064364174,85767.71760000051,416.74395862055775,0.518252657624993,114.0238907580634,1118.574368336602,772.9388521888555,579.7041391416417,156.80695635877782,0.18316235066286352,calibrated_simulator + simulator_assisted_hidden_state,Thermal boundary variables use real operating data; pressure/head and flow-based energy indicators are simulator-assisted hidden-state proxies. Pressure/head and flow are simulator-assisted hidden hydraulic states because public district-heating datasets do not provide dense distributed hydraulic measurements.
353,88.25,calibrated_simulator,85087.84818368535,86646.4674532714,417.6071607318059,0.5253614399493652,117.17311739853375,1149.468281679616,805.1817488524342,603.8863116393256,1558.6192695860518,1.8317765731028322,calibrated_simulator + simulator_assisted_hidden_state,Thermal boundary variables use real operating data; pressure/head and flow-based energy indicators are simulator-assisted hidden-state proxies. Pressure/head and flow are simulator-assisted hidden hydraulic states because public district-heating datasets do not provide dense distributed hydraulic measurements.
354,88.5,calibrated_simulator,82732.11206022881,85448.66301361455,418.5923100579673,0.526967576551493,117.89034846121922,1156.5043184045605,812.58703725465,609.4402779409875,2716.5509533857403,3.283550831396757,calibrated_simulator + simulator_assisted_hidden_state,Thermal boundary variables use real operating data; pressure/head and flow-based energy indicators are simulator-assisted hidden-state proxies. Pressure/head and flow are simulator-assisted hidden hydraulic states because public district-heating datasets do not provide dense distributed hydraulic measurements.
355,88.75,calibrated_simulator,81899.28086359703,82832.5770955213,420.02719746395246,0.5265797960470389,117.71679732533067,1154.801781761494,810.7937156196326,608.0952867147245,933.2962319242652,1.1395658448804535,calibrated_simulator + simulator_assisted_hidden_state,Thermal boundary variables use real operating data; pressure/head and flow-based energy indicators are simulator-assisted hidden-state proxies. Pressure/head and flow are simulator-assisted hidden hydraulic states because public district-heating datasets do not provide dense distributed hydraulic measurements.
356,89.0,calibrated_simulator,79059.1625553047,80568.59095489752,421.9589503619612,0.5177647721091216,113.80812319420389,1116.45768853514,770.7499475651648,578.0624606738736,1509.4283995928126,1.9092390442877682,calibrated_simulator + simulator_assisted_hidden_state,Thermal boundary variables use real operating data; pressure/head and flow-based energy indicators are simulator-assisted hidden-state proxies. Pressure/head and flow are simulator-assisted hidden hydraulic states because public district-heating datasets do not provide dense distributed hydraulic measurements.
357,89.25,calibrated_simulator,77468.62135883346,77599.11193333799,424.3943210995183,0.5087943811472102,109.89875618541672,1078.1067981789379,731.3795749200707,548.534681190053,130.49057450452528,0.16844313505992956,calibrated_simulator + simulator_assisted_hidden_state,Thermal boundary variables use real operating data; pressure/head and flow-based energy indicators are simulator-assisted hidden-state proxies. Pressure/head and flow are simulator-assisted hidden hydraulic states because public district-heating datasets do not provide dense distributed hydraulic measurements.
358,89.5,calibrated_simulator,76983.2164755632,76409.06839534617,426.7944557814208,0.5023994755372964,107.15366953160414,1051.1774981050366,704.1480316594369,528.1110237445777,-574.1480802170263,-0.7458094199003471,calibrated_simulator + simulator_assisted_hidden_state,Thermal boundary variables use real operating data; pressure/head and flow-based energy indicators are simulator-assisted hidden-state proxies. Pressure/head and flow are simulator-assisted hidden hydraulic states because public district-heating datasets do not provide dense distributed hydraulic measurements.
359,89.75,calibrated_simulator,75857.26177967178,75907.74232606345,428.74046353138044,0.49549233381362157,104.22752224622208,1022.4719932354386,675.5027122497239,506.62703418729296,50.48054639167094,0.06654675532356048,calibrated_simulator + simulator_assisted_hidden_state,Thermal boundary variables use real operating data; pressure/head and flow-based energy indicators are simulator-assisted hidden-state proxies. Pressure/head and flow are simulator-assisted hidden hydraulic states because public district-heating datasets do not provide dense distributed hydraulic measurements.
360,90.0,calibrated_simulator,75259.56581735365,75149.11415119375,430.17319843330245,0.49106094953651774,102.37169346256,1004.2663128677136,657.5412922458094,493.15596918435705,-110.45166615990456,-0.14676096647695006,calibrated_simulator + simulator_assisted_hidden_state,Thermal boundary variables use real operating data; pressure/head and flow-based energy indicators are simulator-assisted hidden-state proxies. Pressure/head and flow are simulator-assisted hidden hydraulic states because public district-heating datasets do not provide dense distributed hydraulic measurements.
361,90.25,calibrated_simulator,75087.02459711171,74753.30140485422,431.33964603512044,0.48800660835951665,101.10224764509557,991.8130493983875,645.3484298181559,484.0113223636169,-333.7231922574865,-0.44444855026300173,calibrated_simulator + simulator_assisted_hidden_state,Thermal boundary variables use real operating data; pressure/head and flow-based energy indicators are simulator-assisted hidden-state proxies. Pressure/head and flow are simulator-assisted hidden hydraulic states because public district-heating datasets do not provide dense distributed hydraulic measurements.
362,90.5,calibrated_simulator,75840.01040579971,75064.82181021674,432.17868534308894,0.48768417990265045,100.96884578609918,990.504377161633,644.0710864880755,483.0533148660566,-775.1885955829639,-1.0221367210198629,calibrated_simulator + simulator_assisted_hidden_state,Thermal boundary variables use real operating data; pressure/head and flow-based energy indicators are simulator-assisted hidden-state proxies. Pressure/head and flow are simulator-assisted hidden hydraulic states because public district-heating datasets do not provide dense distributed hydraulic measurements.
363,90.75,calibrated_simulator,75379.34499402181,75694.39806896346,432.4644997871519,0.4863594810083687,100.4210106595198,985.1301145698892,638.8364949972348,479.1273712479261,315.05307494165027,0.417956769147618,calibrated_simulator + simulator_assisted_hidden_state,Thermal boundary variables use real operating data; pressure/head and flow-based energy indicators are simulator-assisted hidden-state proxies. Pressure/head and flow are simulator-assisted hidden hydraulic states because public district-heating datasets do not provide dense distributed hydraulic measurements.
364,91.0,calibrated_simulator,73190.13193791594,74819.6112314099,432.2652999514679,0.48255077170283833,98.8542243582701,969.7599409546297,623.9445438322072,467.95840787415545,1629.4792934939614,2.226364743919548,calibrated_simulator + simulator_assisted_hidden_state,Thermal boundary variables use real operating data; pressure/head and flow-based energy indicators are simulator-assisted hidden-state proxies. Pressure/head and flow are simulator-assisted hidden hydraulic states because public district-heating datasets do not provide dense distributed hydraulic measurements.
365,91.25,calibrated_simulator,72901.79805314993,72603.03443747706,432.17845955100535,0.4787471577448991,97.30196426093207,954.5322693997435,609.3061479345541,456.9796109509156,-298.7636156728695,-0.409816525314029,calibrated_simulator + simulator_assisted_hidden_state,Thermal boundary variables use real operating data; pressure/head and flow-based energy indicators are simulator-assisted hidden-state proxies. Pressure/head and flow are simulator-assisted hidden hydraulic states because public district-heating datasets do not provide dense distributed hydraulic measurements.
366,91.5,calibrated_simulator,73509.25889191095,72738.06415134639,432.0048236511325,0.47777536367902435,96.90750114448575,950.6625862274052,605.6042171611205,454.2031628708404,-771.1947405645624,-1.0491123869151475,calibrated_simulator + simulator_assisted_hidden_state,Thermal boundary variables use real operating data; pressure/head and flow-based energy indicators are simulator-assisted hidden-state proxies. Pressure/head and flow are simulator-assisted hidden hydraulic states because public district-heating datasets do not provide dense distributed hydraulic measurements.
367,91.75,calibrated_simulator,73588.63584335762,72969.98824869379,431.92122297796163,0.4745995866547754,95.62336960651729,938.0652558399346,593.6071769024521,445.20538267683906,-618.6475946638384,-0.84068360226259,calibrated_simulator + simulator_assisted_hidden_state,Thermal boundary variables use real operating data; pressure/head and flow-based energy indicators are simulator-assisted hidden-state proxies. Pressure/head and flow are simulator-assisted hidden hydraulic states because public district-heating datasets do not provide dense distributed hydraulic measurements.
368,92.0,calibrated_simulator,70983.87025241593,72291.28783723919,431.8359124499479,0.4664262479382317,92.35788151842485,906.0308176957477,563.4620730856474,422.5965548142356,1307.4175848232553,1.8418516490776402,calibrated_simulator + simulator_assisted_hidden_state,Thermal boundary variables use real operating data; pressure/head and flow-based energy indicators are simulator-assisted hidden-state proxies. Pressure/head and flow are simulator-assisted hidden hydraulic states because public district-heating datasets do not provide dense distributed hydraulic measurements.
369,92.25,calibrated_simulator,70382.10942005822,70021.9983105288,432.00871064533845,0.4599324583513212,89.80417099982488,880.978917508282,540.2543990470266,405.19079928527,-360.1111095294182,-0.5116514871416883,calibrated_simulator + simulator_assisted_hidden_state,Thermal boundary variables use real operating data; pressure/head and flow-based energy indicators are simulator-assisted hidden-state proxies. Pressure/head and flow are simulator-assisted hidden hydraulic states because public district-heating datasets do not provide dense distributed hydraulic measurements.
370,92.5,calibrated_simulator,69831.39614563387,69623.27311480872,432.07667571989947,0.45483696078920155,87.8254192139553,861.5673624889015,522.4969075594937,391.8726806696203,-208.12303082515427,-0.2980364740110769,calibrated_simulator + simulator_assisted_hidden_state,Thermal boundary variables use real operating data; pressure/head and flow-based energy indicators are simulator-assisted hidden-state proxies. Pressure/head and flow are simulator-assisted hidden hydraulic states because public district-heating datasets do not provide dense distributed hydraulic measurements.
371,92.75,calibrated_simulator,68066.51678134697,68775.43283239387,432.06945402940295,0.4485874296490545,85.42845804913823,838.0531734620461,501.25349199009656,375.9401189925724,708.9160510468937,1.0415048170074217,calibrated_simulator + simulator_assisted_hidden_state,Thermal boundary variables use real operating data; pressure/head and flow-based energy indicators are simulator-assisted hidden-state proxies. Pressure/head and flow are simulator-assisted hidden hydraulic states because public district-heating datasets do not provide dense distributed hydraulic measurements.
372,93.0,calibrated_simulator,67852.97241290574,67211.25391082666,432.256879359366,0.44369171739192065,83.57403358707423,819.8612694891981,485.02087291037685,363.76565468278267,-641.7185020790785,-0.9457485490451744,calibrated_simulator + simulator_assisted_hidden_state,Thermal boundary variables use real operating data; pressure/head and flow-based energy indicators are simulator-assisted hidden-state proxies. Pressure/head and flow are simulator-assisted hidden hydraulic states because public district-heating datasets do not provide dense distributed hydraulic measurements.
373,93.25,calibrated_simulator,69359.16582136173,67583.64821522731,432.3628547752993,0.44215224882526294,82.99527386784557,814.183636643565,479.9908345315773,359.993125898683,-1775.5176061344246,-2.5598889275966292,calibrated_simulator + simulator_assisted_hidden_state,Thermal boundary variables use real operating data; pressure/head and flow-based energy indicators are simulator-assisted hidden-state proxies. Pressure/head and flow are simulator-assisted hidden hydraulic states because public district-heating datasets do not provide dense distributed hydraulic measurements.
374,93.5,calibrated_simulator,69809.31153483965,69766.74469494128,431.75273075156133,0.44427157110840637,83.79300993865156,822.0094274981718,486.9272264273793,365.1954198205345,-42.566839898368926,-0.06097587694605059,calibrated_simulator + simulator_assisted_hidden_state,Thermal boundary variables use real operating data; pressure/head and flow-based energy indicators are simulator-assisted hidden-state proxies. Pressure/head and flow are simulator-assisted hidden hydraulic states because public district-heating datasets do not provide dense distributed hydraulic measurements.
375,93.75,calibrated_simulator,70759.21546241852,70296.68038540662,431.13720231722147,0.44639740783306125,84.59682578012952,829.8948609030707,493.9505529081462,370.4629146811097,-462.53507701189665,-0.6536746824977975,calibrated_simulator + simulator_assisted_hidden_state,Thermal boundary variables use real operating data; pressure/head and flow-based energy indicators are simulator-assisted hidden-state proxies. Pressure/head and flow are simulator-assisted hidden hydraulic states because public district-heating datasets do not provide dense distributed hydraulic measurements.
376,94.0,calibrated_simulator,70054.99459336359,70709.65215530814,430.50459790264523,0.4454352448014355,84.2323684863863,826.3195348514497,490.7624590543516,368.07184429076375,654.6575619445503,0.9344909178061187,calibrated_simulator + simulator_assisted_hidden_state,Thermal boundary variables use real operating data; pressure/head and flow-based energy indicators are simulator-assisted hidden-state proxies. Pressure/head and flow are simulator-assisted hidden hydraulic states because public district-heating datasets do not provide dense distributed hydraulic measurements.
377,94.25,calibrated_simulator,70206.11708410348,69988.64296714366,430.03133212753994,0.445085852731129,84.1003133046976,825.0240735190835,489.60872438126785,367.2065432859509,-217.47411695981282,-0.3097651970971269,calibrated_simulator + simulator_assisted_hidden_state,Thermal boundary variables use real operating data; pressure/head and flow-based energy indicators are simulator-assisted hidden-state proxies. Pressure/head and flow are simulator-assisted hidden hydraulic states because public district-heating datasets do not provide dense distributed hydraulic measurements.
378,94.5,calibrated_simulator,71606.8744622732,70584.23497740431,429.4990899592902,0.44815871667750534,85.26576614343236,836.4571658670715,499.8207600142532,374.8655700106899,-1022.6394848688942,-1.4281303192582187,calibrated_simulator + simulator_assisted_hidden_state,Thermal boundary variables use real operating data; pressure/head and flow-based energy indicators are simulator-assisted hidden-state proxies. Pressure/head and flow are simulator-assisted hidden hydraulic states because public district-heating datasets do not provide dense distributed hydraulic measurements.
379,94.75,calibrated_simulator,72157.4067953156,71876.02107488587,428.7592184650324,0.4505172937947215,86.16556245817782,845.2841677147244,507.75351430181485,380.8151357263611,-281.3857204297383,-0.38996096579236494,calibrated_simulator + simulator_assisted_hidden_state,Thermal boundary variables use real operating data; pressure/head and flow-based energy indicators are simulator-assisted hidden-state proxies. Pressure/head and flow are simulator-assisted hidden hydraulic states because public district-heating datasets do not provide dense distributed hydraulic measurements.
380,95.0,calibrated_simulator,73255.0976314522,72537.51877098286,428.065105967829,0.4529148515439097,87.08511335483932,854.3049620109737,515.9032067232341,386.92740504242556,-717.5788604693371,-0.9795616737547604,calibrated_simulator + simulator_assisted_hidden_state,Thermal boundary variables use real operating data; pressure/head and flow-based energy indicators are simulator-assisted hidden-state proxies. Pressure/head and flow are simulator-assisted hidden hydraulic states because public district-heating datasets do not provide dense distributed hydraulic measurements.
381,95.25,calibrated_simulator,73516.85443740297,73695.83531359473,427.1524301992227,0.4555881302557663,88.11618105602624,864.4197361596173,525.0924951375239,393.8193713531429,178.98087619175203,0.24345556887794753,calibrated_simulator + simulator_assisted_hidden_state,Thermal boundary variables use real operating data; pressure/head and flow-based energy indicators are simulator-assisted hidden-state proxies. Pressure/head and flow are simulator-assisted hidden hydraulic states because public district-heating datasets do not provide dense distributed hydraulic measurements.
382,95.5,calibrated_simulator,74270.94478056805,73727.35883170094,426.52086732728975,0.4573351790088699,88.79322436046446,871.0615309761564,531.1561082622943,398.36708119672073,-543.5859488671122,-0.7318958315033226,calibrated_simulator + simulator_assisted_hidden_state,Thermal boundary variables use real operating data; pressure/head and flow-based energy indicators are simulator-assisted hidden-state proxies. Pressure/head and flow are simulator-assisted hidden hydraulic states because public district-heating datasets do not provide dense distributed hydraulic measurements.
383,95.75,calibrated_simulator,72956.41627456856,73912.61148329232,426.0239296164459,0.4552576831486842,87.98813886875067,863.163642302444,523.9491732970536,392.9618799727902,956.1952087237587,1.3106389506923644,calibrated_simulator + simulator_assisted_hidden_state,Thermal boundary variables use real operating data; pressure/head and flow-based energy indicators are simulator-assisted hidden-state proxies. Pressure/head and flow are simulator-assisted hidden hydraulic states because public district-heating datasets do not provide dense distributed hydraulic measurements.
384,96.0,calibrated_simulator,72444.287258024,72534.01797812016,425.83002715763575,0.45245308940287915,86.90734265104318,852.5610314067336,514.325163419309,385.74387256448176,89.7307200961659,0.12386169219468336,calibrated_simulator + simulator_assisted_hidden_state,Thermal boundary variables use real operating data; pressure/head and flow-based energy indicators are simulator-assisted hidden-state proxies. Pressure/head and flow are simulator-assisted hidden hydraulic states because public district-heating datasets do not provide dense distributed hydraulic measurements.
385,96.25,calibrated_simulator,74461.60027315577,72801.35992407495,425.67954406187647,0.45457221079469057,87.72360719372537,860.5685865704459,521.5874199170529,391.19056493778965,-1660.240349080821,-2.2296597749583364,calibrated_simulator + simulator_assisted_hidden_state,Thermal boundary variables use real operating data; pressure/head and flow-based energy indicators are simulator-assisted hidden-state proxies. Pressure/head and flow are simulator-assisted hidden hydraulic states because public district-heating datasets do not provide dense distributed hydraulic measurements.
386,96.5,calibrated_simulator,76505.11477263503,75559.66121769062,425.0785036719391,0.46130653105165415,90.34229908027987,886.2579539775455,545.1154431550908,408.8365823663181,-945.4535549444117,-1.235804374327387,calibrated_simulator + simulator_assisted_hidden_state,Thermal boundary variables use real operating data; pressure/head and flow-based energy indicators are simulator-assisted hidden-state proxies. Pressure/head and flow are simulator-assisted hidden hydraulic states because public district-heating datasets do not provide dense distributed hydraulic measurements.
387,96.75,calibrated_simulator,76219.39685035359,77023.71870731539,424.33913771556666,0.46421264229988607,91.48393307030945,897.4573834197357,555.48141774509,416.61106330881745,804.3218569618039,1.0552718733014645,calibrated_simulator + simulator_assisted_hidden_state,Thermal boundary variables use real operating data; pressure/head and flow-based energy indicators are simulator-assisted hidden-state proxies. Pressure/head and flow are simulator-assisted hidden hydraulic states because public district-heating datasets do not provide dense distributed hydraulic measurements.
388,97.0,calibrated_simulator,75377.87201369363,76444.42985781541,423.8227631541982,0.4652859902038988,91.90737609600987,901.6113595018569,559.3428455798731,419.5071341849049,1066.5578441217804,1.4149482011485048,calibrated_simulator + simulator_assisted_hidden_state,Thermal boundary variables use real operating data; pressure/head and flow-based energy indicators are simulator-assisted hidden-state proxies. Pressure/head and flow are simulator-assisted hidden hydraulic states because public district-heating datasets do not provide dense distributed hydraulic measurements.
389,97.25,calibrated_simulator,75035.37605089837,75381.47291429363,423.7425968002542,0.46511204749135354,91.83860230616317,900.9366886234607,558.7153438743171,419.03650790573784,346.09686339525797,0.4612449242081386,calibrated_simulator + simulator_assisted_hidden_state,Thermal boundary variables use real operating data; pressure/head and flow-based energy indicators are simulator-assisted hidden-state proxies. Pressure/head and flow are simulator-assisted hidden hydraulic states because public district-heating datasets do not provide dense distributed hydraulic measurements.
390,97.5,calibrated_simulator,74312.55594136039,74899.58824708441,423.8337221445299,0.4638403101212917,91.33700659243081,896.0160346717463,554.1444738610571,415.6083553957928,587.0323057240166,0.7899503634180479,calibrated_simulator + simulator_assisted_hidden_state,Thermal boundary variables use real operating data; pressure/head and flow-based energy indicators are simulator-assisted hidden-state proxies. Pressure/head and flow are simulator-assisted hidden hydraulic states because public district-heating datasets do not provide dense distributed hydraulic measurements.
391,97.75,calibrated_simulator,73832.71967350441,74116.37415738778,424.09636257943964,0.4622128839735828,90.69718223376084,889.7393577131938,548.331992684558,411.24899451341855,283.6544838833652,0.38418533834011986,calibrated_simulator + simulator_assisted_hidden_state,Thermal boundary variables use real operating data; pressure/head and flow-based energy indicators are simulator-assisted hidden-state proxies. Pressure/head and flow are simulator-assisted hidden hydraulic states because public district-heating datasets do not provide dense distributed hydraulic measurements.
392,98.0,calibrated_simulator,73170.28851505826,73403.51677507503,424.41247495755033,0.4592793975886327,89.54952190222691,878.4808098608461,537.9575161947514,403.46813714606355,233.2282600167673,0.318747219329017,calibrated_simulator + simulator_assisted_hidden_state,Thermal boundary variables use real operating data; pressure/head and flow-based energy indicators are simulator-assisted hidden-state proxies. Pressure/head and flow are simulator-assisted hidden hydraulic states because public district-heating datasets do not provide dense distributed hydraulic measurements.
393,98.25,calibrated_simulator,72627.41846545013,72692.72509068676,424.69625572913407,0.45642253281911427,88.43893567836969,867.5859590048066,527.9810411296987,395.98578084727404,65.30662523662613,0.08992006960524612,calibrated_simulator + simulator_assisted_hidden_state,Thermal boundary variables use real operating data; pressure/head and flow-based energy indicators are simulator-assisted hidden-state proxies. Pressure/head and flow are simulator-assisted hidden hydraulic states because public district-heating datasets do not provide dense distributed hydraulic measurements.
394,98.5,calibrated_simulator,71908.67563344513,72055.64229757829,425.1029344272553,0.45308780946530675,87.15131915657656,854.9544409260161,516.4925797757395,387.36943483180465,146.96666413315688,0.20437960070676348,calibrated_simulator + simulator_assisted_hidden_state,Thermal boundary variables use real operating data; pressure/head and flow-based energy indicators are simulator-assisted hidden-state proxies. Pressure/head and flow are simulator-assisted hidden hydraulic states because public district-heating datasets do not provide dense distributed hydraulic measurements.
395,98.75,calibrated_simulator,70798.17320773615,71032.1803216008,425.7860046523124,0.44768627796360805,85.08562000029777,834.6899322029211,498.23897200216277,373.67922900162205,234.00711386464536,0.33052705071643756,calibrated_simulator + simulator_assisted_hidden_state,Thermal boundary variables use real operating data; pressure/head and flow-based energy indicators are simulator-assisted hidden-state proxies. Pressure/head and flow are simulator-assisted hidden hydraulic states because public district-heating datasets do not provide dense distributed hydraulic measurements.
396,99.0,calibrated_simulator,70063.53212623495,70199.074672682,426.4636727483388,0.44386515253330616,83.63944295983605,820.5029354359916,485.5902141217625,364.1926605913219,135.5425464470609,0.1934566276259824,calibrated_simulator + simulator_assisted_hidden_state,Thermal boundary variables use real operating data; pressure/head and flow-based energy indicators are simulator-assisted hidden-state proxies. Pressure/head and flow are simulator-assisted hidden hydraulic states because public district-heating datasets do not provide dense distributed hydraulic measurements.
397,99.25,calibrated_simulator,69089.83332761371,69216.1113335851,427.0797807958127,0.438354422660038,81.57541442219062,800.25481548169,467.7269834951886,350.7952376213915,126.27800597138412,0.1827736439493096,calibrated_simulator + simulator_assisted_hidden_state,Thermal boundary variables use real operating data; pressure/head and flow-based energy indicators are simulator-assisted hidden-state proxies. Pressure/head and flow are simulator-assisted hidden hydraulic states because public district-heating datasets do not provide dense distributed hydraulic measurements.
398,99.5,calibrated_simulator,68282.08674909473,68368.37575219563,427.54388562056187,0.43371807057037265,79.85898148275474,783.4166083458241,453.04258643271476,339.7819398245361,86.28900310090103,0.126371362108445,calibrated_simulator + simulator_assisted_hidden_state,Thermal boundary variables use real operating data; pressure/head and flow-based energy indicators are simulator-assisted hidden-state proxies. Pressure/head and flow are simulator-assisted hidden hydraulic states because public district-heating datasets do not provide dense distributed hydraulic measurements.
399,99.75,calibrated_simulator,68623.1156086646,67750.17556079263,428.01713566578064,0.43033192023804157,78.61695472271052,771.2323258297902,442.51451696531274,331.8858877239845,-872.9400478719617,-1.2720787159388918,calibrated_simulator + simulator_assisted_hidden_state,Thermal boundary variables use real operating data; pressure/head and flow-based energy indicators are simulator-assisted hidden-state proxies. Pressure/head and flow are simulator-assisted hidden hydraulic states because public district-heating datasets do not provide dense distributed hydraulic measurements.
400,100.0,calibrated_simulator,68786.3461980132,68319.88578989569,428.16544619321337,0.42852063132195567,77.95662790783703,764.7545197758814,436.95078616090626,327.7130896206797,-466.4604081175057,-0.6781293583681857,calibrated_simulator + simulator_assisted_hidden_state,Thermal boundary variables use real operating data; pressure/head and flow-based energy indicators are simulator-assisted hidden-state proxies. Pressure/head and flow are simulator-assisted hidden hydraulic states because public district-heating datasets do not provide dense distributed hydraulic measurements.
401,100.25,calibrated_simulator,68275.04978560268,68713.19011007459,427.93012948048823,0.42823216201524894,77.85179081988272,763.7260679430494,436.0694203502093,327.052065262657,438.1403244719113,0.6417283119496209,calibrated_simulator + simulator_assisted_hidden_state,Thermal boundary variables use real operating data; pressure/head and flow-based energy indicators are simulator-assisted hidden-state proxies. Pressure/head and flow are simulator-assisted hidden hydraulic states because public district-heating datasets do not provide dense distributed hydraulic measurements.
402,100.5,calibrated_simulator,67850.0935541466,67792.21124669707,427.8842133216022,0.4252019829878314,76.75377477664044,752.9545305588427,426.87701265772216,320.1577594932916,-57.882307449530344,-0.0853091048479371,calibrated_simulator + simulator_assisted_hidden_state,Thermal boundary variables use real operating data; pressure/head and flow-based energy indicators are simulator-assisted hidden-state proxies. Pressure/head and flow are simulator-assisted hidden hydraulic states because public district-heating datasets do not provide dense distributed hydraulic measurements.
403,100.75,calibrated_simulator,66737.90339385286,67395.01967618775,427.671349926918,0.422267849414113,75.69814394397095,742.598792090355,418.10079321801635,313.57559491351225,657.1162823348859,0.9846223044450809,calibrated_simulator + simulator_assisted_hidden_state,Thermal boundary variables use real operating data; pressure/head and flow-based energy indicators are simulator-assisted hidden-state proxies. Pressure/head and flow are simulator-assisted hidden hydraulic states because public district-heating datasets do not provide dense distributed hydraulic measurements.
404,101.0,calibrated_simulator,65760.20712549781,66199.74266897321,427.4884205845437,0.4190188792970069,74.53774737884827,731.2153017865015,408.52402170587004,306.39301627940256,439.53554347540194,0.6683913611108089,calibrated_simulator + simulator_assisted_hidden_state,Thermal boundary variables use real operating data; pressure/head and flow-based energy indicators are simulator-assisted hidden-state proxies. Pressure/head and flow are simulator-assisted hidden hydraulic states because public district-heating datasets do not provide dense distributed hydraulic measurements.
405,101.25,calibrated_simulator,65393.623567151975,64899.54170265055,427.6003739040245,0.4137697982153283,72.68184884036805,713.0089371240106,393.3620853860367,295.02156403952756,-494.0818645014224,-0.7555505224359609,calibrated_simulator + simulator_assisted_hidden_state,Thermal boundary variables use real operating data; pressure/head and flow-based energy indicators are simulator-assisted hidden-state proxies. Pressure/head and flow are simulator-assisted hidden hydraulic states because public district-heating datasets do not provide dense distributed hydraulic measurements.
406,101.5,calibrated_simulator,64126.85371069414,64635.41277600615,427.4305510543408,0.40904234979791526,71.03053353677791,696.8095339957913,380.03281219630503,285.0246091472288,508.5590653120162,0.7930516404350058,calibrated_simulator + simulator_assisted_hidden_state,Thermal boundary variables use real operating data; pressure/head and flow-based energy indicators are simulator-assisted hidden-state proxies. Pressure/head and flow are simulator-assisted hidden hydraulic states because public district-heating datasets do not provide dense distributed hydraulic measurements.
407,101.75,calibrated_simulator,63971.28396362437,63367.2998640182,427.48690211406245,0.40400286481641023,69.29107005785336,679.7453972675415,366.1587837891409,274.6190878418557,-603.9840996061757,-0.9441487839287636,calibrated_simulator + simulator_assisted_hidden_state,Thermal boundary variables use real operating data; pressure/head and flow-based energy indicators are simulator-assisted hidden-state proxies. Pressure/head and flow are simulator-assisted hidden hydraulic states because public district-heating datasets do not provide dense distributed hydraulic measurements.
408,102.0,calibrated_simulator,65028.41241953426,63985.04511665878,427.3230295720191,0.40403477450298453,69.30229802428607,679.8555436182463,366.2470416805362,274.6852812604021,-1043.3673028754783,-1.6044791254384911,calibrated_simulator + simulator_assisted_hidden_state,Thermal boundary variables use real operating data; pressure/head and flow-based energy indicators are simulator-assisted hidden-state proxies. Pressure/head and flow are simulator-assisted hidden hydraulic states because public district-heating datasets do not provide dense distributed hydraulic measurements.
409,102.25,calibrated_simulator,65439.32320143434,64943.8768091742,427.08037818137245,0.40379825477616765,69.22116849712945,679.0596629568399,365.6041423878195,274.2031067908646,-495.4463922601353,-0.7571080628921845,calibrated_simulator + simulator_assisted_hidden_state,Thermal boundary variables use real operating data; pressure/head and flow-based energy indicators are simulator-assisted hidden-state proxies. Pressure/head and flow are simulator-assisted hidden hydraulic states because public district-heating datasets do not provide dense distributed hydraulic measurements.
410,102.5,calibrated_simulator,64763.5125700154,65108.86883687931,426.79578777838213,0.4019720891788219,68.59639447579228,672.9306298075223,360.66577484820016,270.4993311361501,345.35626686390606,0.5332574672977222,calibrated_simulator + simulator_assisted_hidden_state,Thermal boundary variables use real operating data; pressure/head and flow-based energy indicators are simulator-assisted hidden-state proxies. Pressure/head and flow are simulator-assisted hidden hydraulic states because public district-heating datasets do not provide dense distributed hydraulic measurements.
411,102.75,calibrated_simulator,64623.09354922186,64509.97596954137,426.5779238108489,0.40059066556442224,68.12574973360506,668.3136048866658,356.9602557164103,267.7201917873077,-113.11757968049642,-0.17504203755633807,calibrated_simulator + simulator_assisted_hidden_state,Thermal boundary variables use real operating data; pressure/head and flow-based energy indicators are simulator-assisted hidden-state proxies. Pressure/head and flow are simulator-assisted hidden hydraulic states because public district-heating datasets do not provide dense distributed hydraulic measurements.
412,103.0,calibrated_simulator,64809.35495871086,64489.67979553428,426.360137511364,0.40002887156472483,67.93484801616512,666.4408590385799,355.4607797411052,266.59558480582893,-319.6751631765801,-0.4932546595784524,calibrated_simulator + simulator_assisted_hidden_state,Thermal boundary variables use real operating data; pressure/head and flow-based energy indicators are simulator-assisted hidden-state proxies. Pressure/head and flow are simulator-assisted hidden hydraulic states because public district-heating datasets do not provide dense distributed hydraulic measurements.
413,103.25,calibrated_simulator,65371.82995183449,64978.48926702865,425.995024315019,0.40110576828049666,68.30119922763998,670.0347644231482,358.33974527811796,268.75480895858846,-393.34068480583664,-0.6016975279652526,calibrated_simulator + simulator_assisted_hidden_state,Thermal boundary variables use real operating data; pressure/head and flow-based energy indicators are simulator-assisted hidden-state proxies. Pressure/head and flow are simulator-assisted hidden hydraulic states because public district-heating datasets do not provide dense distributed hydraulic measurements.
414,103.5,calibrated_simulator,65950.93065637664,65559.64215736263,425.5437593205968,0.40216743242611314,68.66324172084197,673.5864012814598,361.19268469401356,270.89451352051015,-391.28849901401554,-0.593302467637252,calibrated_simulator + simulator_assisted_hidden_state,Thermal boundary variables use real operating data; pressure/head and flow-based energy indicators are simulator-assisted hidden-state proxies. Pressure/head and flow are simulator-assisted hidden hydraulic states because public district-heating datasets do not provide dense distributed hydraulic measurements.
415,103.75,calibrated_simulator,65119.227773362014,65913.90592833773,424.9062896753269,0.4018173575150537,68.54367675970968,672.413469012752,360.2498710349793,270.1874032762345,794.6781549757143,1.220343333525815,calibrated_simulator + simulator_assisted_hidden_state,Thermal boundary variables use real operating data; pressure/head and flow-based energy indicators are simulator-assisted hidden-state proxies. Pressure/head and flow are simulator-assisted hidden hydraulic states because public district-heating datasets do not provide dense distributed hydraulic measurements.
416,104.0,calibrated_simulator,65632.26779141584,65238.55252347565,424.3945885365389,0.40243748970000726,68.75546343652859,674.4910963123455,361.9206714999282,271.44050362494613,-393.71526794019155,-0.5998806397966432,calibrated_simulator + simulator_assisted_hidden_state,Thermal boundary variables use real operating data; pressure/head and flow-based energy indicators are simulator-assisted hidden-state proxies. Pressure/head and flow are simulator-assisted hidden hydraulic states because public district-heating datasets do not provide dense distributed hydraulic measurements.
417,104.25,calibrated_simulator,67370.33837297698,66138.62569566559,423.8866570084691,0.4054283984181607,69.78137121483904,684.555251617571,370.0508523894038,277.53813929205285,-1231.7126773113996,-1.828271472368697,calibrated_simulator + simulator_assisted_hidden_state,Thermal boundary variables use real operating data; pressure/head and flow-based energy indicators are simulator-assisted hidden-state proxies. Pressure/head and flow are simulator-assisted hidden hydraulic states because public district-heating datasets do not provide dense distributed hydraulic measurements.
418,104.5,calibrated_simulator,66600.02785470686,67398.23509154403,423.20537272404664,0.40546399565131125,69.79346136177185,684.6738559589818,370.1474631401587,277.61059735511907,798.2072368371737,1.1985088633574221,calibrated_simulator + simulator_assisted_hidden_state,Thermal boundary variables use real operating data; pressure/head and flow-based energy indicators are simulator-assisted hidden-state proxies. Pressure/head and flow are simulator-assisted hidden hydraulic states because public district-heating datasets do not provide dense distributed hydraulic measurements.
419,104.75,calibrated_simulator,66392.10507539341,66546.9556306585,422.84481992273663,0.4050856841658534,69.6632598561736,683.3965791890629,369.1122277832071,276.8341708374054,154.8505552650895,0.23323639925145412,calibrated_simulator + simulator_assisted_hidden_state,Thermal boundary variables use real operating data; pressure/head and flow-based energy indicators are simulator-assisted hidden-state proxies. Pressure/head and flow are simulator-assisted hidden hydraulic states because public district-heating datasets do not provide dense distributed hydraulic measurements.
420,105.0,calibrated_simulator,65910.6864968459,66329.37489577288,422.56847414511736,0.4047420820294959,69.54513220660728,682.2377469468174,368.17376818448963,276.13032613836725,418.6883989269845,0.6352359855135487,calibrated_simulator + simulator_assisted_hidden_state,Thermal boundary variables use real operating data; pressure/head and flow-based energy indicators are simulator-assisted hidden-state proxies. Pressure/head and flow are simulator-assisted hidden hydraulic states because public district-heating datasets do not provide dense distributed hydraulic measurements.
421,105.25,calibrated_simulator,66482.94087853545,66158.71592661749,422.38754200319215,0.40634734113432924,70.0979844466372,687.661227421511,372.572415151867,279.42931136390024,-324.2249519179604,-0.4876814226830316,calibrated_simulator + simulator_assisted_hidden_state,Thermal boundary variables use real operating data; pressure/head and flow-based energy indicators are simulator-assisted hidden-state proxies. Pressure/head and flow are simulator-assisted hidden hydraulic states because public district-heating datasets do not provide dense distributed hydraulic measurements.
422,105.5,calibrated_simulator,67630.51629649269,66889.80668792498,422.23217768300236,0.4088724990476956,70.97195904948113,696.2349182754099,379.5617479460466,284.67131095953494,-740.709608567704,-1.0952298594327263,calibrated_simulator + simulator_assisted_hidden_state,Thermal boundary variables use real operating data; pressure/head and flow-based energy indicators are simulator-assisted hidden-state proxies. Pressure/head and flow are simulator-assisted hidden hydraulic states because public district-heating datasets do not provide dense distributed hydraulic measurements.
423,105.75,calibrated_simulator,67656.52009743368,67915.54984863217,421.9530632491329,0.41065018177445345,71.59039710037091,702.3017955546386,384.5338133400499,288.4003600050374,259.02975119849725,0.3828599975663287,calibrated_simulator + simulator_assisted_hidden_state,Thermal boundary variables use real operating data; pressure/head and flow-based energy indicators are simulator-assisted hidden-state proxies. Pressure/head and flow are simulator-assisted hidden hydraulic states because public district-heating datasets do not provide dense distributed hydraulic measurements.
424,106.0,calibrated_simulator,68069.5881874079,67942.19922125251,421.8084916799809,0.41249891580542974,72.23644650268228,708.6395401913132,389.7507227010333,292.31304202577496,-127.38896615539852,-0.18714519882898897,calibrated_simulator + simulator_assisted_hidden_state,Thermal boundary variables use real operating data; pressure/head and flow-based energy indicators are simulator-assisted hidden-state proxies. Pressure/head and flow are simulator-assisted hidden hydraulic states because public district-heating datasets do not provide dense distributed hydraulic measurements.
425,106.25,calibrated_simulator,67913.43933183402,68174.22135664822,421.65842958065906,0.4131729770435863,72.47265581666025,710.956753561437,391.66415789096305,293.7481184182223,260.78202481420885,0.38399178038973036,calibrated_simulator + simulator_assisted_hidden_state,Thermal boundary variables use real operating data; pressure/head and flow-based energy indicators are simulator-assisted hidden-state proxies. Pressure/head and flow are simulator-assisted hidden hydraulic states because public district-heating datasets do not provide dense distributed hydraulic measurements.
426,106.5,calibrated_simulator,68321.21049669477,68081.44671392831,421.58565833762924,0.4140866482491585,72.7935485754641,714.1047115253028,394.2683019925931,295.7012264944448,-239.76378276645846,-0.3509360870853682,calibrated_simulator + simulator_assisted_hidden_state,Thermal boundary variables use real operating data; pressure/head and flow-based energy indicators are simulator-assisted hidden-state proxies. Pressure/head and flow are simulator-assisted hidden hydraulic states because public district-heating datasets do not provide dense distributed hydraulic measurements.
427,106.75,calibrated_simulator,68133.77351064958,68461.20606986067,421.4711994600694,0.4147158082439292,73.01490455238611,716.2762136589077,396.06809183127365,297.0510688734552,327.43255921108357,0.48057305846990045,calibrated_simulator + simulator_assisted_hidden_state,Thermal boundary variables use real operating data; pressure/head and flow-based energy indicators are simulator-assisted hidden-state proxies. Pressure/head and flow are simulator-assisted hidden hydraulic states because public district-heating datasets do not provide dense distributed hydraulic measurements.
428,107.0,calibrated_simulator,68549.40035014572,68469.59892123229,421.4094866255164,0.41664642778063543,73.69636900147599,722.9613799044794,401.6257018140803,301.21927636056023,-79.80142891342985,-0.11641448138978536,calibrated_simulator + simulator_assisted_hidden_state,Thermal boundary variables use real operating data; pressure/head and flow-based energy indicators are simulator-assisted hidden-state proxies. Pressure/head and flow are simulator-assisted hidden hydraulic states because public district-heating datasets do not provide dense distributed hydraulic measurements.
429,107.25,calibrated_simulator,69696.63831167028,68985.02337495898,421.3717711091643,0.41939888381697743,74.67333767187877,732.5454425611307,409.6383212738027,307.228740955352,-711.6149367112957,-1.0210175898715335,calibrated_simulator + simulator_assisted_hidden_state,Thermal boundary variables use real operating data; pressure/head and flow-based energy indicators are simulator-assisted hidden-state proxies. Pressure/head and flow are simulator-assisted hidden hydraulic states because public district-heating datasets do not provide dense distributed hydraulic measurements.
430,107.5,calibrated_simulator,70055.98230491743,70069.19013238273,421.14491799309224,0.421790313497575,75.52732462437682,740.9230545651366,416.68555661681313,312.5141674626098,13.207827465303126,0.018853247118591942,calibrated_simulator + simulator_assisted_hidden_state,Thermal boundary variables use real operating data; pressure/head and flow-based energy indicators are simulator-assisted hidden-state proxies. Pressure/head and flow are simulator-assisted hidden hydraulic states because public district-heating datasets do not provide dense distributed hydraulic measurements.
431,107.75,calibrated_simulator,70963.62541889295,70691.41294836623,420.9244641198898,0.42570869494521335,76.93720470755808,754.7539781811448,428.4071080749375,321.30533105620316,-272.2124705267197,-0.38359436812855874,calibrated_simulator + simulator_assisted_hidden_state,Thermal boundary variables use real operating data; pressure/head and flow-based energy indicators are simulator-assisted hidden-state proxies. Pressure/head and flow are simulator-assisted hidden hydraulic states because public district-heating datasets do not provide dense distributed hydraulic measurements.
432,108.0,calibrated_simulator,72051.74086506237,71838.28158406648,420.6563933712004,0.43094776299915405,78.84261097840916,773.4460136981938,444.4197725384662,333.31482940384967,-213.4592809958849,-0.2962583255214456,calibrated_simulator + simulator_assisted_hidden_state,Thermal boundary variables use real operating data; pressure/head and flow-based energy indicators are simulator-assisted hidden-state proxies. Pressure/head and flow are simulator-assisted hidden hydraulic states because public district-heating datasets do not provide dense distributed hydraulic measurements.
433,108.25,calibrated_simulator,74939.2288911526,73155.27266366838,420.61386946118586,0.4374803894419172,81.25110077305128,797.073298583633,464.9385827708284,348.70393707812127,-1783.9562274842174,-2.3805372084564285,calibrated_simulator + simulator_assisted_hidden_state,Thermal boundary variables use real operating data; pressure/head and flow-based energy indicators are simulator-assisted hidden-state proxies. Pressure/head and flow are simulator-assisted hidden hydraulic states because public district-heating datasets do not provide dense distributed hydraulic measurements.
434,108.5,calibrated_simulator,76319.27881901404,76288.25297576837,420.1819654558571,0.4453200892804462,84.18931097126276,825.8971406280876,490.3847845346203,367.7885884009652,-31.025843245675787,-0.040652694477435324,calibrated_simulator + simulator_assisted_hidden_state,Thermal boundary variables use real operating data; pressure/head and flow-based energy indicators are simulator-assisted hidden-state proxies. Pressure/head and flow are simulator-assisted hidden hydraulic states because public district-heating datasets do not provide dense distributed hydraulic measurements.
435,108.75,calibrated_simulator,76693.50267456187,77455.78159882821,419.62670755067535,0.4520512161474631,86.75355679726572,851.0523921811767,512.9590251876115,384.71926889070863,762.2789242663421,0.9939289479331332,calibrated_simulator + simulator_assisted_hidden_state,Thermal boundary variables use real operating data; pressure/head and flow-based energy indicators are simulator-assisted hidden-state proxies. Pressure/head and flow are simulator-assisted hidden hydraulic states because public district-heating datasets do not provide dense distributed hydraulic measurements.
436,109.0,calibrated_simulator,78040.74322806207,77908.2544588038,419.2342009035956,0.45934672067236715,89.57634523394027,878.7439467449541,538.1975336639838,403.64815024798787,-132.48876925827062,-0.16976871795171475,calibrated_simulator + simulator_assisted_hidden_state,Thermal boundary variables use real operating data; pressure/head and flow-based energy indicators are simulator-assisted hidden-state proxies. Pressure/head and flow are simulator-assisted hidden hydraulic states because public district-heating datasets do not provide dense distributed hydraulic measurements.
437,109.25,calibrated_simulator,79665.20153821805,79684.87877180876,418.73816978750494,0.4689913841457889,93.37752405011584,916.0335109316363,572.8157656210063,429.6118242157547,19.67723359070078,0.02469991063947909,calibrated_simulator + simulator_assisted_hidden_state,Thermal boundary variables use real operating data; pressure/head and flow-based energy indicators are simulator-assisted hidden-state proxies. Pressure/head and flow are simulator-assisted hidden hydraulic states because public district-heating datasets do not provide dense distributed hydraulic measurements.
438,109.5,calibrated_simulator,81122.59869807119,81277.30700552586,418.2635896044368,0.4783875414279174,97.15657323455142,953.1059834309494,607.938704178359,455.9540281337692,154.7083074546681,0.19070925973473102,calibrated_simulator + simulator_assisted_hidden_state,Thermal boundary variables use real operating data; pressure/head and flow-based energy indicators are simulator-assisted hidden-state proxies. Pressure/head and flow are simulator-assisted hidden hydraulic states because public district-heating datasets do not provide dense distributed hydraulic measurements.
439,109.75,calibrated_simulator,81886.02118845774,82487.49945011493,417.86943482725843,0.4864014457009643,100.43885954002647,985.3052120876596,639.0051728215104,479.2538796161329,601.4782616571902,0.7345310627230373,calibrated_simulator + simulator_assisted_hidden_state,Thermal boundary variables use real operating data; pressure/head and flow-based energy indicators are simulator-assisted hidden-state proxies. Pressure/head and flow are simulator-assisted hidden hydraulic states because public district-heating datasets do not provide dense distributed hydraulic measurements.
440,110.0,calibrated_simulator,82094.89269446633,83131.42148456576,417.5667584301012,0.4932632621089698,103.2926162794616,1013.3005657015183,666.4319233797272,499.8239425347954,1036.52879009943,1.2625983859399064,calibrated_simulator + simulator_assisted_hidden_state,Thermal boundary variables use real operating data; pressure/head and flow-based energy indicators are simulator-assisted hidden-state proxies. Pressure/head and flow are simulator-assisted hidden hydraulic states because public district-heating datasets do not provide dense distributed hydraulic measurements.
441,110.25,calibrated_simulator,85324.657542113,83549.40947479146,417.92361717598743,0.5014213635627762,106.73765192086618,1047.0963653436972,700.0486497230181,525.0364872922637,-1775.2480673215323,-2.0805803603083173,calibrated_simulator + simulator_assisted_hidden_state,Thermal boundary variables use real operating data; pressure/head and flow-based energy indicators are simulator-assisted hidden-state proxies. Pressure/head and flow are simulator-assisted hidden hydraulic states because public district-heating datasets do not provide dense distributed hydraulic measurements.
442,110.5,calibrated_simulator,85902.07665154048,86168.42268462846,418.22077003421145,0.5063953654496391,108.8656025186653,1067.9715607081066,721.0877983661375,540.8158487746031,266.34603308797523,0.31005773488853,calibrated_simulator + simulator_assisted_hidden_state,Thermal boundary variables use real operating data; pressure/head and flow-based energy indicators are simulator-assisted hidden-state proxies. Pressure/head and flow are simulator-assisted hidden hydraulic states because public district-heating datasets do not provide dense distributed hydraulic measurements.
443,110.75,calibrated_simulator,85377.82686017847,86509.55812041696,418.62870906460853,0.5101566801631924,110.4887627714051,1083.894762787484,737.2748717732452,552.9561538299339,1131.7312602384918,1.325556414186912,calibrated_simulator + simulator_assisted_hidden_state,Thermal boundary variables use real operating data; pressure/head and flow-based energy indicators are simulator-assisted hidden-state proxies. Pressure/head and flow are simulator-assisted hidden hydraulic states because public district-heating datasets do not provide dense distributed hydraulic measurements.
444,111.0,calibrated_simulator,84580.98133601589,85881.96847020485,419.1058452152181,0.5133946047444587,111.89570898379807,1097.696905131059,751.4022249853009,563.5516687389756,1300.9871341889666,1.53815563929262,calibrated_simulator + simulator_assisted_hidden_state,Thermal boundary variables use real operating data; pressure/head and flow-based energy indicators are simulator-assisted hidden-state proxies. Pressure/head and flow are simulator-assisted hidden hydraulic states because public district-heating datasets do not provide dense distributed hydraulic measurements.
445,111.25,calibrated_simulator,84438.75123568499,84881.2143750132,419.9648601839003,0.5153511388608272,112.75012509082904,1106.078727141033,760.0252422691539,570.0189317018654,442.4631393282034,0.5240048352837463,calibrated_simulator + simulator_assisted_hidden_state,Thermal boundary variables use real operating data; pressure/head and flow-based energy indicators are simulator-assisted hidden-state proxies. Pressure/head and flow are simulator-assisted hidden hydraulic states because public district-heating datasets do not provide dense distributed hydraulic measurements.
446,111.5,calibrated_simulator,82459.1938089422,84265.4952784839,420.7499335169307,0.5144084612786468,112.33785781045395,1102.0343851205532,755.8610831013647,566.8958123260235,1806.3014695416932,2.190539812609483,calibrated_simulator + simulator_assisted_hidden_state,Thermal boundary variables use real operating data; pressure/head and flow-based energy indicators are simulator-assisted hidden-state proxies. Pressure/head and flow are simulator-assisted hidden hydraulic states because public district-heating datasets do not provide dense distributed hydraulic measurements.
447,111.75,calibrated_simulator,81414.86123312463,82412.66364053822,421.6703065279354,0.513756309271889,112.05321706914305,1099.2420594482933,752.9900579447807,564.7425434585855,997.8024074135901,1.2255777290542407,calibrated_simulator + simulator_assisted_hidden_state,Thermal boundary variables use real operating data; pressure/head and flow-based energy indicators are simulator-assisted hidden-state proxies. Pressure/head and flow are simulator-assisted hidden hydraulic states because public district-heating datasets do not provide dense distributed hydraulic measurements.
448,112.0,calibrated_simulator,82654.31095375499,81604.26536399305,422.9233086319965,0.5139524530658406,112.13884074477627,1100.0820277062553,753.8531422843653,565.389856713274,-1050.0455897619395,-1.2704063195801596,calibrated_simulator + simulator_assisted_hidden_state,Thermal boundary variables use real operating data; pressure/head and flow-based energy indicators are simulator-assisted hidden-state proxies. Pressure/head and flow are simulator-assisted hidden hydraulic states because public district-heating datasets do not provide dense distributed hydraulic measurements.
449,112.25,calibrated_simulator,82997.91134165373,82768.04956583145,423.9362594316684,0.514025404598675,112.17067062056736,1100.3942787877659,754.1741524959314,565.6306143719486,-229.86177582228265,-0.27694886787701983,calibrated_simulator + simulator_assisted_hidden_state,Thermal boundary variables use real operating data; pressure/head and flow-based energy indicators are simulator-assisted hidden-state proxies. Pressure/head and flow are simulator-assisted hidden hydraulic states because public district-heating datasets do not provide dense distributed hydraulic measurements.
450,112.5,calibrated_simulator,83068.17396539805,82984.81417124363,424.9139102818104,0.5141731238742225,112.23515466323644,1101.0268672463496,754.8245650686725,566.1184238015044,-83.35979415441398,-0.1003510612730423,calibrated_simulator + simulator_assisted_hidden_state,Thermal boundary variables use real operating data; pressure/head and flow-based energy indicators are simulator-assisted hidden-state proxies. Pressure/head and flow are simulator-assisted hidden hydraulic states because public district-heating datasets do not provide dense distributed hydraulic measurements.
451,112.75,calibrated_simulator,82706.98390823217,82959.34646104054,425.8443378659836,0.513931354814912,112.12960978794783,1099.991472019768,753.7601433332918,565.3201074999688,252.36255280836485,0.30512846785511444,calibrated_simulator + simulator_assisted_hidden_state,Thermal boundary variables use real operating data; pressure/head and flow-based energy indicators are simulator-assisted hidden-state proxies. Pressure/head and flow are simulator-assisted hidden hydraulic states because public district-heating datasets do not provide dense distributed hydraulic measurements.
452,113.0,calibrated_simulator,81044.94727410834,82178.82375794486,426.5547803710451,0.5110471325690942,110.87443443337844,1087.6782017914425,741.139768244567,555.8548261834253,1133.8764838365169,1.3990711598608931,calibrated_simulator + simulator_assisted_hidden_state,Thermal boundary variables use real operating data; pressure/head and flow-based energy indicators are simulator-assisted hidden-state proxies. Pressure/head and flow are simulator-assisted hidden hydraulic states because public district-heating datasets do not provide dense distributed hydraulic measurements.
453,113.25,calibrated_simulator,76800.83339037225,79317.47546804465,427.09561091842863,0.50077710664806,106.46251934923907,1044.3973148160353,697.3470206727695,523.0102655045771,2516.642077672397,3.2768421468560303,calibrated_simulator + simulator_assisted_hidden_state,Thermal boundary variables use real operating data; pressure/head and flow-based energy indicators are simulator-assisted hidden-state proxies. Pressure/head and flow are simulator-assisted hidden hydraulic states because public district-heating datasets do not provide dense distributed hydraulic measurements.
454,113.5,calibrated_simulator,77246.04562165441,75685.4649058775,428.0436134193994,0.49371473267816296,103.48101044136432,1015.148712429784,668.2585002478028,501.1938751858521,-1560.580715776916,-2.0202726278320164,calibrated_simulator + simulator_assisted_hidden_state,Thermal boundary variables use real operating data; pressure/head and flow-based energy indicators are simulator-assisted hidden-state proxies. Pressure/head and flow are simulator-assisted hidden hydraulic states because public district-heating datasets do not provide dense distributed hydraulic measurements.
455,113.75,calibrated_simulator,77597.44769574677,76569.03677910114,428.55120725955476,0.4889877201264232,101.50908561101002,995.8041298440083,649.2479881931978,486.93599114489837,-1028.4109166456328,-1.3253153901117312,calibrated_simulator + simulator_assisted_hidden_state,Thermal boundary variables use real operating data; pressure/head and flow-based energy indicators are simulator-assisted hidden-state proxies. Pressure/head and flow are simulator-assisted hidden hydraulic states because public district-heating datasets do not provide dense distributed hydraulic measurements.
456,114.0,calibrated_simulator,77120.81442156408,76856.46194631838,428.70997160243064,0.48387005655805926,99.39542292828803,975.0690989265055,629.0756533941121,471.8067400455841,-264.3524752457015,-0.34277707935068796,calibrated_simulator + simulator_assisted_hidden_state,Thermal boundary variables use real operating data; pressure/head and flow-based energy indicators are simulator-assisted hidden-state proxies. Pressure/head and flow are simulator-assisted hidden hydraulic states because public district-heating datasets do not provide dense distributed hydraulic measurements.
457,114.25,calibrated_simulator,77520.1542317729,77017.94714981105,428.6700766564909,0.4828715236497629,98.98584142688027,971.0511043976954,625.1905684297335,468.8929263223002,-502.20708196185296,-0.6478406640682549,calibrated_simulator + simulator_assisted_hidden_state,Thermal boundary variables use real operating data; pressure/head and flow-based energy indicators are simulator-assisted hidden-state proxies. Pressure/head and flow are simulator-assisted hidden hydraulic states because public district-heating datasets do not provide dense distributed hydraulic measurements.
458,114.5,calibrated_simulator,78945.20028556131,77964.32141301042,428.44717648087953,0.4856754870284759,100.13898330257224,982.3634261982337,636.1464472770525,477.1098354577894,-980.878872550893,-1.2424806942066762,calibrated_simulator + simulator_assisted_hidden_state,Thermal boundary variables use real operating data; pressure/head and flow-based energy indicators are simulator-assisted hidden-state proxies. Pressure/head and flow are simulator-assisted hidden hydraulic states because public district-heating datasets do not provide dense distributed hydraulic measurements.
459,114.75,calibrated_simulator,80188.14193961461,79450.25944834862,428.0921115459658,0.4894636130754896,101.70723680834986,997.7479930899121,651.1484501821428,488.36133763660706,-737.8824912659911,-0.9201890372040931,calibrated_simulator + simulator_assisted_hidden_state,Thermal boundary variables use real operating data; pressure/head and flow-based energy indicators are simulator-assisted hidden-state proxies. Pressure/head and flow are simulator-assisted hidden hydraulic states because public district-heating datasets do not provide dense distributed hydraulic measurements.
460,115.0,calibrated_simulator,79752.06992369005,80215.1268936043,427.50338879934185,0.49039519387569874,102.09459814850452,1001.5480078368292,654.8724393052823,491.15432947896176,463.05696991425066,0.5806206288530467,calibrated_simulator + simulator_assisted_hidden_state,Thermal boundary variables use real operating data; pressure/head and flow-based energy indicators are simulator-assisted hidden-state proxies. Pressure/head and flow are simulator-assisted hidden hydraulic states because public district-heating datasets do not provide dense distributed hydraulic measurements.
461,115.25,calibrated_simulator,80707.62073433273,80470.2686205515,426.75007596260156,0.4950415463231629,104.03860208880204,1020.618686491148,673.6648703558577,505.2486527668933,-237.3521137812204,-0.2940888501254649,calibrated_simulator + simulator_assisted_hidden_state,Thermal boundary variables use real operating data; pressure/head and flow-based energy indicators are simulator-assisted hidden-state proxies. Pressure/head and flow are simulator-assisted hidden hydraulic states because public district-heating datasets do not provide dense distributed hydraulic measurements.
462,115.5,calibrated_simulator,82280.13994167201,81551.43206443022,425.94789136221016,0.4998926660621073,106.08763485826282,1040.7196979595583,693.6641925818062,520.2481444363547,-728.7078772417881,-0.8856424864595097,calibrated_simulator + simulator_assisted_hidden_state,Thermal boundary variables use real operating data; pressure/head and flow-based energy indicators are simulator-assisted hidden-state proxies. Pressure/head and flow are simulator-assisted hidden hydraulic states because public district-heating datasets do not provide dense distributed hydraulic measurements.
463,115.75,calibrated_simulator,81125.01218033527,82122.32012405901,425.0585019157745,0.4986267775214453,105.55068086511754,1035.4521792868031,688.4055779137819,516.3041834353364,997.3079437237466,1.2293470495964922,calibrated_simulator + simulator_assisted_hidden_state,Thermal boundary variables use real operating data; pressure/head and flow-based energy indicators are simulator-assisted hidden-state proxies. Pressure/head and flow are simulator-assisted hidden hydraulic states because public district-heating datasets do not provide dense distributed hydraulic measurements.
464,116.0,calibrated_simulator,78157.73828458157,80366.96271822051,424.333758328114,0.4940773398195347,103.63320901142718,1016.6417804021006,669.7328885472873,502.2996664104655,2209.2244336389413,2.826622778661908,calibrated_simulator + simulator_assisted_hidden_state,Thermal boundary variables use real operating data; pressure/head and flow-based energy indicators are simulator-assisted hidden-state proxies. Pressure/head and flow are simulator-assisted hidden hydraulic states because public district-heating datasets do not provide dense distributed hydraulic measurements.
465,116.25,calibrated_simulator,78498.35730286699,77798.6065376992,424.3230376801304,0.4920742488338589,102.79475118837709,1008.4165091579792,661.6210616740998,496.21579625557484,-699.7507651677879,-0.8914209025648373,calibrated_simulator + simulator_assisted_hidden_state,Thermal boundary variables use real operating data; pressure/head and flow-based energy indicators are simulator-assisted hidden-state proxies. Pressure/head and flow are simulator-assisted hidden hydraulic states because public district-heating datasets do not provide dense distributed hydraulic measurements.
466,116.5,calibrated_simulator,78785.21431702506,78366.8108115402,424.3320640687928,0.4913922804267782,102.51009409545587,1005.6240230764221,658.8745092686321,494.15588195147404,-418.4035054848646,-0.5310685629428438,calibrated_simulator + simulator_assisted_hidden_state,Thermal boundary variables use real operating data; pressure/head and flow-based energy indicators are simulator-assisted hidden-state proxies. Pressure/head and flow are simulator-assisted hidden hydraulic states because public district-heating datasets do not provide dense distributed hydraulic measurements.
467,116.75,calibrated_simulator,78570.04688536636,78376.95154982549,424.57645270227164,0.48903593819877544,101.52923755762667,996.0018204403176,649.4409129422919,487.08068470671896,-193.09533554087102,-0.24576202152786922,calibrated_simulator + simulator_assisted_hidden_state,Thermal boundary variables use real operating data; pressure/head and flow-based energy indicators are simulator-assisted hidden-state proxies. Pressure/head and flow are simulator-assisted hidden hydraulic states because public district-heating datasets do not provide dense distributed hydraulic measurements.
468,117.0,calibrated_simulator,77096.12278277308,77917.88787645729,424.96786082673316,0.48507323480403125,99.89041103625388,979.9249322656506,633.7804756789604,475.33535675922036,821.765093684211,1.0658967844590912,calibrated_simulator + simulator_assisted_hidden_state,Thermal boundary variables use real operating data; pressure/head and flow-based energy indicators are simulator-assisted hidden-state proxies. Pressure/head and flow are simulator-assisted hidden hydraulic states because public district-heating datasets do not provide dense distributed hydraulic measurements.
469,117.25,calibrated_simulator,75653.58192426733,76179.6098881257,425.6565647181143,0.47900687029916383,97.40743688600435,955.5669558517026,610.2975158450977,457.7231368838233,526.0279638583743,0.6953113791557842,calibrated_simulator + simulator_assisted_hidden_state,Thermal boundary variables use real operating data; pressure/head and flow-based energy indicators are simulator-assisted hidden-state proxies. Pressure/head and flow are simulator-assisted hidden hydraulic states because public district-heating datasets do not provide dense distributed hydraulic measurements.
470,117.5,calibrated_simulator,74349.82110114378,74744.17305836419,426.371766620279,0.4729112600789061,94.94408073215504,931.401431982441,587.293633117485,440.4702248381137,394.35195722040953,0.5304006807009559,calibrated_simulator + simulator_assisted_hidden_state,Thermal boundary variables use real operating data; pressure/head and flow-based energy indicators are simulator-assisted hidden-state proxies. Pressure/head and flow are simulator-assisted hidden hydraulic states because public district-heating datasets do not provide dense distributed hydraulic measurements.
471,117.75,calibrated_simulator,75007.90289315622,74087.70237879061,427.0336822327039,0.4712934617313989,94.29584337372371,925.0422234962297,581.2884690123312,435.9663517592484,-920.2005143656133,-1.2268047483961495,calibrated_simulator + simulator_assisted_hidden_state,Thermal boundary variables use real operating data; pressure/head and flow-based energy indicators are simulator-assisted hidden-state proxies. Pressure/head and flow are simulator-assisted hidden hydraulic states because public district-heating datasets do not provide dense distributed hydraulic measurements.
472,118.0,calibrated_simulator,75389.50456341558,74875.24966255824,427.49650833592267,0.47040945593283984,93.94247387212123,921.5756686855092,578.0238785430579,433.5179089072935,-514.2549008573405,-0.6821306279108963,calibrated_simulator + simulator_assisted_hidden_state,Thermal boundary variables use real operating data; pressure/head and flow-based energy indicators are simulator-assisted hidden-state proxies. Pressure/head and flow are simulator-assisted hidden hydraulic states because public district-heating datasets do not provide dense distributed hydraulic measurements.
473,118.25,calibrated_simulator,74860.08035620663,75453.35197916892,427.6008888245507,0.47045781245642826,93.96184061899538,921.7656564723446,578.2024724552571,433.6518543414428,593.2716229622893,0.7925073285245295,calibrated_simulator + simulator_assisted_hidden_state,Thermal boundary variables use real operating data; pressure/head and flow-based energy indicators are simulator-assisted hidden-state proxies. Pressure/head and flow are simulator-assisted hidden hydraulic states because public district-heating datasets do not provide dense distributed hydraulic measurements.
474,118.5,calibrated_simulator,75196.47766167899,75046.94481587701,427.69439871363005,0.4708750534658834,94.12860132211354,923.4015789699338,579.7423571572649,434.80676786794874,-149.53284580197942,-0.1988561837626912,calibrated_simulator + simulator_assisted_hidden_state,Thermal boundary variables use real operating data; pressure/head and flow-based energy indicators are simulator-assisted hidden-state proxies. Pressure/head and flow are simulator-assisted hidden hydraulic states because public district-heating datasets do not provide dense distributed hydraulic measurements.
475,118.75,calibrated_simulator,76491.29356627814,75724.06520804217,427.72172291460447,0.4733945627678826,95.1387198390046,933.310841620635,589.0990370607001,441.8242777955251,-767.2283582359669,-1.003027040680361,calibrated_simulator + simulator_assisted_hidden_state,Thermal boundary variables use real operating data; pressure/head and flow-based energy indicators are simulator-assisted hidden-state proxies. Pressure/head and flow are simulator-assisted hidden hydraulic states because public district-heating datasets do not provide dense distributed hydraulic measurements.
476,119.0,calibrated_simulator,77834.86450520444,77174.5326055416,427.63688778340213,0.4770736396020162,96.62330607290957,947.8746325752429,602.94133446546,452.206000849095,-660.3318996628514,-0.848375472688975,calibrated_simulator + simulator_assisted_hidden_state,Thermal boundary variables use real operating data; pressure/head and flow-based energy indicators are simulator-assisted hidden-state proxies. Pressure/head and flow are simulator-assisted hidden hydraulic states because public district-heating datasets do not provide dense distributed hydraulic measurements.
477,119.25,calibrated_simulator,78345.98664881235,78234.19883698218,427.38467308028805,0.4797190277052323,97.69777573296659,958.4151799404023,613.02666434526,459.769998258945,-111.78781183017418,-0.14268479677365678,calibrated_simulator + simulator_assisted_hidden_state,Thermal boundary variables use real operating data; pressure/head and flow-based energy indicators are simulator-assisted hidden-state proxies. Pressure/head and flow are simulator-assisted hidden hydraulic states because public district-heating datasets do not provide dense distributed hydraulic measurements.
478,119.5,calibrated_simulator,78178.95095745934,78123.57732565269,427.13971288061094,0.4793034153867233,97.52839517478492,956.7535566646401,611.4336631903425,458.57524739275686,-55.37363180665125,-0.0708293359382406,calibrated_simulator + simulator_assisted_hidden_state,Thermal boundary variables use real operating data; pressure/head and flow-based energy indicators are simulator-assisted hidden-state proxies. Pressure/head and flow are simulator-assisted hidden hydraulic states because public district-heating datasets do not provide dense distributed hydraulic measurements.
479,119.75,calibrated_simulator,78399.6204376466,78258.0435271387,426.8287493613584,0.48021162712249876,97.89842383074514,960.3835377796099,614.916455118411,461.18734133880827,-141.5769105079089,-0.18058366828511493,calibrated_simulator + simulator_assisted_hidden_state,Thermal boundary variables use real operating data; pressure/head and flow-based energy indicators are simulator-assisted hidden-state proxies. Pressure/head and flow are simulator-assisted hidden hydraulic states because public district-heating datasets do not provide dense distributed hydraulic measurements.
480,120.0,calibrated_simulator,78448.87817644818,78565.09499926989,426.44064985044463,0.48124815897671774,98.32151233825853,964.5340360383162,618.9069721517637,464.1802291138228,116.21682282170514,0.14814338397587895,calibrated_simulator + simulator_assisted_hidden_state,Thermal boundary variables use real operating data; pressure/head and flow-based energy indicators are simulator-assisted hidden-state proxies. Pressure/head and flow are simulator-assisted hidden hydraulic states because public district-heating datasets do not provide dense distributed hydraulic measurements.
481,120.25,calibrated_simulator,78027.7692073878,78285.34624990671,426.20574214758994,0.480394170659191,97.97276857608031,961.1128597313478,615.6173535473655,461.71301516052415,257.5770425189112,0.3301094535130236,calibrated_simulator + simulator_assisted_hidden_state,Thermal boundary variables use real operating data; pressure/head and flow-based energy indicators are simulator-assisted hidden-state proxies. Pressure/head and flow are simulator-assisted hidden hydraulic states because public district-heating datasets do not provide dense distributed hydraulic measurements.
482,120.5,calibrated_simulator,77984.3321208526,77987.79525242528,426.0018981792847,0.48043992559210275,97.99148220669916,961.2964404477187,615.7935870942069,461.84519032065526,3.4631315726728644,0.004440804298107006,calibrated_simulator + simulator_assisted_hidden_state,Thermal boundary variables use real operating data; pressure/head and flow-based energy indicators are simulator-assisted hidden-state proxies. Pressure/head and flow are simulator-assisted hidden hydraulic states because public district-heating datasets do not provide dense distributed hydraulic measurements.
483,120.75,calibrated_simulator,77989.12951009502,78008.64081363716,425.7801857596274,0.48074423516222453,98.11567105070556,962.5147330074215,616.9645455360342,462.7234091520256,19.511303542138194,0.025017978357628194,calibrated_simulator + simulator_assisted_hidden_state,Thermal boundary variables use real operating data; pressure/head and flow-based energy indicators are simulator-assisted hidden-state proxies. Pressure/head and flow are simulator-assisted hidden hydraulic states because public district-heating datasets do not provide dense distributed hydraulic measurements.
484,121.0,calibrated_simulator,76750.35498773925,77586.03422809628,425.6515471138952,0.4781296463691966,97.05118204059298,952.0720958182171,606.9518593220586,455.213894491544,835.6792403570289,1.0888278503604671,calibrated_simulator + simulator_assisted_hidden_state,Thermal boundary variables use real operating data; pressure/head and flow-based energy indicators are simulator-assisted hidden-state proxies. Pressure/head and flow are simulator-assisted hidden hydraulic states because public district-heating datasets do not provide dense distributed hydraulic measurements.
485,121.25,calibrated_simulator,76116.88517035998,76588.67040823457,425.6350154600936,0.47653873904127614,96.40646485247181,945.7474202027485,600.9137107666104,450.68528307495774,471.78523787458835,0.6198167946818484,calibrated_simulator + simulator_assisted_hidden_state,Thermal boundary variables use real operating data; pressure/head and flow-based energy indicators are simulator-assisted hidden-state proxies. Pressure/head and flow are simulator-assisted hidden hydraulic states because public district-heating datasets do not provide dense distributed hydraulic measurements.
486,121.5,calibrated_simulator,75849.8695685334,75791.54500063349,425.83735456297495,0.47401128534480924,95.38648763054285,935.7414436556253,591.4026726101472,443.5520044576104,-58.32456789990829,-0.07689475042169942,calibrated_simulator + simulator_assisted_hidden_state,Thermal boundary variables use real operating data; pressure/head and flow-based energy indicators are simulator-assisted hidden-state proxies. Pressure/head and flow are simulator-assisted hidden hydraulic states because public district-heating datasets do not provide dense distributed hydraulic measurements.
487,121.75,calibrated_simulator,75630.455235707,75514.72471912726,426.1168756556414,0.47199771426498177,94.57784425343252,927.808652126173,583.8980841051031,437.92356307882727,-115.73051657974429,-0.15302104981262238,calibrated_simulator + simulator_assisted_hidden_state,Thermal boundary variables use real operating data; pressure/head and flow-based energy indicators are simulator-assisted hidden-state proxies. Pressure/head and flow are simulator-assisted hidden hydraulic states because public district-heating datasets do not provide dense distributed hydraulic measurements.
488,122.0,calibrated_simulator,75189.42518831955,75165.41207845123,426.46354331723836,0.4691197726445848,93.4279600878738,916.528288462042,573.2820564075248,429.9615423056436,-24.01310986831959,-0.03193681798760439,calibrated_simulator + simulator_assisted_hidden_state,Thermal boundary variables use real operating data; pressure/head and flow-based energy indicators are simulator-assisted hidden-state proxies. Pressure/head and flow are simulator-assisted hidden hydraulic states because public district-heating datasets do not provide dense distributed hydraulic measurements.
489,122.25,calibrated_simulator,75425.20117701104,74933.916489552,426.8215057788026,0.46752779287003643,92.79500211933284,910.3189707906552,567.4658922953042,425.5994192214782,-491.28468745904684,-0.6513534996162347,calibrated_simulator + simulator_assisted_hidden_state,Thermal boundary variables use real operating data; pressure/head and flow-based energy indicators are simulator-assisted hidden-state proxies. Pressure/head and flow are simulator-assisted hidden hydraulic states because public district-heating datasets do not provide dense distributed hydraulic measurements.
490,122.5,calibrated_simulator,74674.85842305083,75169.6598256648,426.9423873824607,0.46603824546748923,92.20465789323421,904.5276939326277,562.0593326094878,421.5444994571159,494.80140261397173,0.6626077545548251,calibrated_simulator + simulator_assisted_hidden_state,Thermal boundary variables use real operating data; pressure/head and flow-based energy indicators are simulator-assisted hidden-state proxies. Pressure/head and flow are simulator-assisted hidden hydraulic states because public district-heating datasets do not provide dense distributed hydraulic measurements.
491,122.75,calibrated_simulator,73350.03572104414,73908.3793490907,427.19631345710883,0.4611384707534515,90.27583912682645,885.6059818341676,544.515984204156,408.38698815311693,558.3436280465539,0.7612043028444838,calibrated_simulator + simulator_assisted_hidden_state,Thermal boundary variables use real operating data; pressure/head and flow-based energy indicators are simulator-assisted hidden-state proxies. Pressure/head and flow are simulator-assisted hidden hydraulic states because public district-heating datasets do not provide dense distributed hydraulic measurements.
492,123.0,calibrated_simulator,73427.30059992058,72697.88709368116,427.64870677614664,0.45718669897775766,88.73526134712249,870.4929138152715,530.6370423343117,397.97778175073375,-729.4135062394198,-0.9933818896785221,calibrated_simulator + simulator_assisted_hidden_state,Thermal boundary variables use real operating data; pressure/head and flow-based energy indicators are simulator-assisted hidden-state proxies. Pressure/head and flow are simulator-assisted hidden hydraulic states because public district-heating datasets do not provide dense distributed hydraulic measurements.
493,123.25,calibrated_simulator,72891.77403782035,73070.12834233184,427.73475753463066,0.4551493490328707,87.94627032593472,862.7529118974196,523.5752349684323,392.68142622632416,178.35430451149296,0.24468372030423177,calibrated_simulator + simulator_assisted_hidden_state,Thermal boundary variables use real operating data; pressure/head and flow-based energy indicators are simulator-assisted hidden-state proxies. Pressure/head and flow are simulator-assisted hidden hydraulic states because public district-heating datasets do not provide dense distributed hydraulic measurements.
494,123.5,calibrated_simulator,73504.47100985853,72782.44322416183,427.74602486747176,0.4543657762285181,87.64378840829905,859.7855642854136,520.8761804088218,390.6571353066164,-722.0277856967004,-0.9822909760140454,calibrated_simulator + simulator_assisted_hidden_state,Thermal boundary variables use real operating data; pressure/head and flow-based energy indicators are simulator-assisted hidden-state proxies. Pressure/head and flow are simulator-assisted hidden hydraulic states because public district-heating datasets do not provide dense distributed hydraulic measurements.
495,123.75,calibrated_simulator,73574.17255902136,73506.10924222718,427.57039945385685,0.45419973987431583,87.57978002496706,859.1576420449269,520.3055700371151,390.2291775278363,-68.06331679418508,-0.09250979579768233,calibrated_simulator + simulator_assisted_hidden_state,Thermal boundary variables use real operating data; pressure/head and flow-based energy indicators are simulator-assisted hidden-state proxies. Pressure/head and flow are simulator-assisted hidden hydraulic states because public district-heating datasets do not provide dense distributed hydraulic measurements.
496,124.0,calibrated_simulator,72915.10014376932,73261.37498564794,427.368088479463,0.4521308166451805,86.78362287052013,851.3473403598025,513.2271576607733,384.92036824558,346.2748418786214,0.4749014143789953,calibrated_simulator + simulator_assisted_hidden_state,Thermal boundary variables use real operating data; pressure/head and flow-based energy indicators are simulator-assisted hidden-state proxies. Pressure/head and flow are simulator-assisted hidden hydraulic states because public district-heating datasets do not provide dense distributed hydraulic measurements.
497,124.25,calibrated_simulator,72244.64816496625,72686.21610393017,427.11322188902204,0.4509411841056197,86.32758718573712,846.8736302920812,509.18693017564783,381.8901976317359,441.5679389639263,0.6112119723465644,calibrated_simulator + simulator_assisted_hidden_state,Thermal boundary variables use real operating data; pressure/head and flow-based energy indicators are simulator-assisted hidden-state proxies. Pressure/head and flow are simulator-assisted hidden hydraulic states because public district-heating datasets do not provide dense distributed hydraulic measurements.
498,124.5,calibrated_simulator,71204.23906332479,71855.06944177332,426.94257375483073,0.4488413343336078,85.52542296251866,839.004399262308,502.1064721022152,376.5798540766614,650.8303784485324,0.9140331910151064,calibrated_simulator + simulator_assisted_hidden_state,Thermal boundary variables use real operating data; pressure/head and flow-based energy indicators are simulator-assisted hidden-state proxies. Pressure/head and flow are simulator-assisted hidden hydraulic states because public district-heating datasets do not provide dense distributed hydraulic measurements.
499,124.75,calibrated_simulator,71641.28871554126,70861.30086584276,427.0783512139536,0.44650932168174956,84.6390009932651,830.3085997439306,494.32070621091435,370.7405296581858,-779.9878496985039,-1.0887406741041774,calibrated_simulator + simulator_assisted_hidden_state,Thermal boundary variables use real operating data; pressure/head and flow-based energy indicators are simulator-assisted hidden-state proxies. Pressure/head and flow are simulator-assisted hidden hydraulic states because public district-heating datasets do not provide dense distributed hydraulic measurements.
500,125.0,calibrated_simulator,71220.44879359005,71267.59295437318,427.0249456193295,0.4441266664793161,83.73810858110271,821.4708451806175,486.4494774400187,364.83710808001405,47.14416078312206,0.06619469770508538,calibrated_simulator + simulator_assisted_hidden_state,Thermal boundary variables use real operating data; pressure/head and flow-based energy indicators are simulator-assisted hidden-state proxies. Pressure/head and flow are simulator-assisted hidden hydraulic states because public district-heating datasets do not provide dense distributed hydraulic measurements.
501,125.25,calibrated_simulator,70100.41385374809,70587.69322656577,426.9503162785016,0.4405588970198162,82.39807032803425,808.325069918016,474.8197349820626,356.11480123654695,487.27937281767663,0.695116256851632,calibrated_simulator + simulator_assisted_hidden_state,Thermal boundary variables use real operating data; pressure/head and flow-based energy indicators are simulator-assisted hidden-state proxies. Pressure/head and flow are simulator-assisted hidden hydraulic states because public district-heating datasets do not provide dense distributed hydraulic measurements.
502,125.5,calibrated_simulator,68743.61471207388,69184.04688430773,427.0336622698392,0.4349512116992902,80.313682412998,787.8772244715104,456.91753793887614,342.6881534541571,440.43217223385,0.6406881192945098,calibrated_simulator + simulator_assisted_hidden_state,Thermal boundary variables use real operating data; pressure/head and flow-based energy indicators are simulator-assisted hidden-state proxies. Pressure/head and flow are simulator-assisted hidden hydraulic states because public district-heating datasets do not provide dense distributed hydraulic measurements.
503,125.75,calibrated_simulator,67555.00675328143,68022.39146654276,427.0801623387304,0.4302232147146423,78.57716646703335,770.8420030415972,442.1788327808399,331.63412458563,467.38471326133003,0.6918579920630786,calibrated_simulator + simulator_assisted_hidden_state,Thermal boundary variables use real operating data; pressure/head and flow-based energy indicators are simulator-assisted hidden-state proxies. Pressure/head and flow are simulator-assisted hidden hydraulic states because public district-heating datasets do not provide dense distributed hydraulic measurements.
504,126.0,calibrated_simulator,68042.078336269,67091.11859182116,427.37077367824014,0.4272468246822668,77.49378869259343,760.2140670743414,433.06539498173896,324.7990462363042,-950.9597444478422,-1.397605375526786,calibrated_simulator + simulator_assisted_hidden_state,Thermal boundary variables use real operating data; pressure/head and flow-based energy indicators are simulator-assisted hidden-state proxies. Pressure/head and flow are simulator-assisted hidden hydraulic states because public district-heating datasets do not provide dense distributed hydraulic measurements.
505,126.25,calibrated_simulator,67971.16359070603,67451.41490701806,427.5931055293629,0.4239313240547859,76.29570669337917,748.4608826620497,423.06135065351526,317.29601299013643,-519.7486836879689,-0.7646605652033244,calibrated_simulator + simulator_assisted_hidden_state,Thermal boundary variables use real operating data; pressure/head and flow-based energy indicators are simulator-assisted hidden-state proxies. Pressure/head and flow are simulator-assisted hidden hydraulic states because public district-heating datasets do not provide dense distributed hydraulic measurements.
506,126.5,calibrated_simulator,67613.63140324611,67312.75328774158,427.72233154500435,0.4200867078056984,74.91810355720226,734.9465958961541,411.6550611773606,308.7412958830204,-300.878115504529,-0.44499623709026803,calibrated_simulator + simulator_assisted_hidden_state,Thermal boundary variables use real operating data; pressure/head and flow-based energy indicators are simulator-assisted hidden-state proxies. Pressure/head and flow are simulator-assisted hidden hydraulic states because public district-heating datasets do not provide dense distributed hydraulic measurements.
507,126.75,calibrated_simulator,67009.55054718774,67451.95572374933,427.49262480127487,0.41884810079773044,74.47711296554625,730.6204781920088,408.02533292620325,306.01899969465245,442.4051765615877,0.6602121234197035,calibrated_simulator + simulator_assisted_hidden_state,Thermal boundary variables use real operating data; pressure/head and flow-based energy indicators are simulator-assisted hidden-state proxies. Pressure/head and flow are simulator-assisted hidden hydraulic states because public district-heating datasets do not provide dense distributed hydraulic measurements.
508,127.0,calibrated_simulator,67057.932737693,66798.48587174546,427.35766382872094,0.4172094029892423,73.89546293934039,724.9144914349292,403.2548562530894,302.441142189817,-259.44686594753875,-0.38689958869206936,calibrated_simulator + simulator_assisted_hidden_state,Thermal boundary variables use real operating data; pressure/head and flow-based energy indicators are simulator-assisted hidden-state proxies. Pressure/head and flow are simulator-assisted hidden hydraulic states because public district-heating datasets do not provide dense distributed hydraulic measurements.
509,127.25,calibrated_simulator,67167.9730687317,67143.27415639604,427.0429375212588,0.4175818176007512,74.02755667183074,726.2103309506596,404.3363066117593,303.25222995881944,-24.69891233566159,-0.03677185897866482,calibrated_simulator + simulator_assisted_hidden_state,Thermal boundary variables use real operating data; pressure/head and flow-based energy indicators are simulator-assisted hidden-state proxies. Pressure/head and flow are simulator-assisted hidden hydraulic states because public district-heating datasets do not provide dense distributed hydraulic measurements.
510,127.5,calibrated_simulator,67779.89881665047,67402.89496115531,426.6744089505962,0.4191219887394614,74.57470157336789,731.577822434739,408.82713580870984,306.6203518565324,-377.0038554951607,-0.5562177903436879,calibrated_simulator + simulator_assisted_hidden_state,Thermal boundary variables use real operating data; pressure/head and flow-based energy indicators are simulator-assisted hidden-state proxies. Pressure/head and flow are simulator-assisted hidden hydraulic states because public district-heating datasets do not provide dense distributed hydraulic measurements.
511,127.75,calibrated_simulator,67620.13334617863,67552.18499646404,426.35804942918264,0.41808760938441214,74.20691734188087,727.9698591238513,405.8069041399977,304.35517810499823,-67.94834971458477,-0.10048538261042143,calibrated_simulator + simulator_assisted_hidden_state,Thermal boundary variables use real operating data; pressure/head and flow-based energy indicators are simulator-assisted hidden-state proxies. Pressure/head and flow are simulator-assisted hidden hydraulic states because public district-heating datasets do not provide dense distributed hydraulic measurements.
512,128.0,calibrated_simulator,67973.7570422195,67511.9837228658,426.02724896629064,0.4175782092600769,74.02622833803414,726.1972999961149,404.325557469174,303.24416810188046,-461.77331935369875,-0.6793405859071238,calibrated_simulator + simulator_assisted_hidden_state,Thermal boundary variables use real operating data; pressure/head and flow-based energy indicators are simulator-assisted hidden-state proxies. Pressure/head and flow are simulator-assisted hidden hydraulic states because public district-heating datasets do not provide dense distributed hydraulic measurements.
513,128.25,calibrated_simulator,69587.64084590937,68598.3302784388,425.51631243601906,0.4211245278932783,75.28914134934439,738.5864766370685,414.715841709527,311.03688128214526,-989.3105674705585,-1.4216756818372784,calibrated_simulator + simulator_assisted_hidden_state,Thermal boundary variables use real operating data; pressure/head and flow-based energy indicators are simulator-assisted hidden-state proxies. Pressure/head and flow are simulator-assisted hidden hydraulic states because public district-heating datasets do not provide dense distributed hydraulic measurements.
514,128.5,calibrated_simulator,69541.01851069482,69794.92812632362,424.842801890073,0.4220960486795616,75.63677736261448,741.9967859272481,417.5918819637679,313.1939114728259,253.90961562879966,0.3651220834359084,calibrated_simulator + simulator_assisted_hidden_state,Thermal boundary variables use real operating data; pressure/head and flow-based energy indicators are simulator-assisted hidden-state proxies. Pressure/head and flow are simulator-assisted hidden hydraulic states because public district-heating datasets do not provide dense distributed hydraulic measurements.
515,128.75,calibrated_simulator,69721.71295085082,69323.13348917082,424.4799912027636,0.4210035640219995,75.24563783504006,738.159707161743,414.35715671003896,310.76786753252924,-398.5794616799976,-0.5716719294618732,calibrated_simulator + simulator_assisted_hidden_state,Thermal boundary variables use real operating data; pressure/head and flow-based energy indicators are simulator-assisted hidden-state proxies. Pressure/head and flow are simulator-assisted hidden hydraulic states because public district-heating datasets do not provide dense distributed hydraulic measurements.
516,129.0,calibrated_simulator,68493.83391927129,69521.85025522576,424.00312006632157,0.4202495594096439,74.9763724684157,735.5182139151581,412.1349404474846,309.10120533561343,1028.0163359544676,1.5008888787947188,calibrated_simulator + simulator_assisted_hidden_state,Thermal boundary variables use real operating data; pressure/head and flow-based energy indicators are simulator-assisted hidden-state proxies. Pressure/head and flow are simulator-assisted hidden hydraulic states because public district-heating datasets do not provide dense distributed hydraulic measurements.
517,129.25,calibrated_simulator,69276.04007473061,68601.66831299156,423.74699488087475,0.42145672930755673,75.40784065995746,739.7509168741826,415.69733590407907,311.77300192805933,-674.3717617390503,-0.9734559899953585,calibrated_simulator + simulator_assisted_hidden_state,Thermal boundary variables use real operating data; pressure/head and flow-based energy indicators are simulator-assisted hidden-state proxies. Pressure/head and flow are simulator-assisted hidden hydraulic states because public district-heating datasets do not provide dense distributed hydraulic measurements.
518,129.5,calibrated_simulator,68999.34985014446,69440.40331089079,423.26990408313463,0.4228917496179341,75.9222402264431,744.7971766214068,419.95810817589893,314.96858113192417,441.05346074633417,0.6392139370939461,calibrated_simulator + simulator_assisted_hidden_state,Thermal boundary variables use real operating data; pressure/head and flow-based energy indicators are simulator-assisted hidden-state proxies. Pressure/head and flow are simulator-assisted hidden hydraulic states because public district-heating datasets do not provide dense distributed hydraulic measurements.
519,129.75,calibrated_simulator,69916.29684130658,69322.68525127569,422.8996833418304,0.42479851851330375,76.60845802234522,751.5289731992067,425.6645259131298,319.24839443484734,-593.6115900308941,-0.8490317949451065,calibrated_simulator + simulator_assisted_hidden_state,Thermal boundary variables use real operating data; pressure/head and flow-based energy indicators are simulator-assisted hidden-state proxies. Pressure/head and flow are simulator-assisted hidden hydraulic states because public district-heating datasets do not provide dense distributed hydraulic measurements.
520,130.0,calibrated_simulator,70374.6848636437,70210.83724231852,422.4995367670489,0.426203008620826,77.11584027626765,756.5063931101856,429.9004010459339,322.4253007844504,-163.84762132518517,-0.232821818872301,calibrated_simulator + simulator_assisted_hidden_state,Thermal boundary variables use real operating data; pressure/head and flow-based energy indicators are simulator-assisted hidden-state proxies. Pressure/head and flow are simulator-assisted hidden hydraulic states because public district-heating datasets do not provide dense distributed hydraulic measurements.
521,130.25,calibrated_simulator,71096.7627893777,70659.9669070393,422.18417604052416,0.4276653340114149,77.64592794193166,761.7065531103495,434.3406499394949,325.7554874546212,-436.79588233839604,-0.6143681726162307,calibrated_simulator + simulator_assisted_hidden_state,Thermal boundary variables use real operating data; pressure/head and flow-based energy indicators are simulator-assisted hidden-state proxies. Pressure/head and flow are simulator-assisted hidden hydraulic states because public district-heating datasets do not provide dense distributed hydraulic measurements.
522,130.5,calibrated_simulator,71250.98118463939,71281.36375513574,421.91228266225914,0.4284604508284468,77.93487810321697,764.5411541925585,436.7675301363263,327.5756476022447,30.382570496352855,0.0426416169871677,calibrated_simulator + simulator_assisted_hidden_state,Thermal boundary variables use real operating data; pressure/head and flow-based energy indicators are simulator-assisted hidden-state proxies. Pressure/head and flow are simulator-assisted hidden hydraulic states because public district-heating datasets do not provide dense distributed hydraulic measurements.
523,130.75,calibrated_simulator,70857.27885338844,71573.44834317632,421.54976511044185,0.4298732144217653,78.44970914117567,769.5916466749334,441.10244659772417,330.8268349482931,716.169489787877,1.0107211303862105,calibrated_simulator + simulator_assisted_hidden_state,Thermal boundary variables use real operating data; pressure/head and flow-based energy indicators are simulator-assisted hidden-state proxies. Pressure/head and flow are simulator-assisted hidden hydraulic states because public district-heating datasets do not provide dense distributed hydraulic measurements.
524,131.0,calibrated_simulator,73223.00645208979,71462.06292942233,421.60708202236344,0.4333668260705211,79.73013827934868,782.1526565204106,451.94535234516906,338.9590142588768,-1760.943522667454,-2.4049046986614093,calibrated_simulator + simulator_assisted_hidden_state,Thermal boundary variables use real operating data; pressure/head and flow-based energy indicators are simulator-assisted hidden-state proxies. Pressure/head and flow are simulator-assisted hidden hydraulic states because public district-heating datasets do not provide dense distributed hydraulic measurements.
525,131.25,calibrated_simulator,72936.26355869524,73660.5187175882,421.26227923329094,0.4362945476995857,80.81101823754206,792.7560889102876,461.16687899627533,345.87515924720645,724.2551588929637,0.9929973425498024,calibrated_simulator + simulator_assisted_hidden_state,Thermal boundary variables use real operating data; pressure/head and flow-based energy indicators are simulator-assisted hidden-state proxies. Pressure/head and flow are simulator-assisted hidden hydraulic states because public district-heating datasets do not provide dense distributed hydraulic measurements.
526,131.5,calibrated_simulator,73058.99701650633,73230.04555049645,421.0189241027764,0.438651862578484,81.6865934669507,801.3454819107864,468.68225094535904,351.5116882090193,171.04853399012063,0.2341238464462842,calibrated_simulator + simulator_assisted_hidden_state,Thermal boundary variables use real operating data; pressure/head and flow-based energy indicators are simulator-assisted hidden-state proxies. Pressure/head and flow are simulator-assisted hidden hydraulic states because public district-heating datasets do not provide dense distributed hydraulic measurements.
527,131.75,calibrated_simulator,73937.60990483408,73755.49456760159,420.7423439020436,0.44317799026574684,83.38113654433127,817.9689494998897,483.3411135188604,362.5058351391453,-182.11533723249158,-0.24630947290140195,calibrated_simulator + simulator_assisted_hidden_state,Thermal boundary variables use real operating data; pressure/head and flow-based energy indicators are simulator-assisted hidden-state proxies. Pressure/head and flow are simulator-assisted hidden hydraulic states because public district-heating datasets do not provide dense distributed hydraulic measurements.
528,132.0,calibrated_simulator,75292.27356872868,74750.84154251861,420.52513014971186,0.4478671779308589,85.15495710607132,835.3701292105596,498.84648306302705,374.1348622972703,-541.4320262100664,-0.7191070219387566,calibrated_simulator + simulator_assisted_hidden_state,Thermal boundary variables use real operating data; pressure/head and flow-based energy indicators are simulator-assisted hidden-state proxies. Pressure/head and flow are simulator-assisted hidden hydraulic states because public district-heating datasets do not provide dense distributed hydraulic measurements.
529,132.25,calibrated_simulator,75915.12165301626,75849.77852376828,420.4212716190154,0.45064565674939183,86.21469389005196,845.7661470614098,508.18778773185556,381.14084079889165,-65.34312924797996,-0.08607393075999074,calibrated_simulator + simulator_assisted_hidden_state,Thermal boundary variables use real operating data; pressure/head and flow-based energy indicators are simulator-assisted hidden-state proxies. Pressure/head and flow are simulator-assisted hidden hydraulic states because public district-heating datasets do not provide dense distributed hydraulic measurements.
530,132.5,calibrated_simulator,80484.37040194985,77939.21141497215,420.22060031177955,0.462378827478659,90.76306038465964,890.3856223735111,548.9272801025602,411.6954600769201,-2545.158986977709,-3.1623021640932767,calibrated_simulator + simulator_assisted_hidden_state,Thermal boundary variables use real operating data; pressure/head and flow-based energy indicators are simulator-assisted hidden-state proxies. Pressure/head and flow are simulator-assisted hidden hydraulic states because public district-heating datasets do not provide dense distributed hydraulic measurements.
531,132.75,calibrated_simulator,84452.48391097038,83377.69401177837,419.45012640705994,0.4789906909075596,97.40211662346744,955.5147640762156,610.2435693563203,457.6826770172403,-1074.7898991920083,-1.2726563499601142,calibrated_simulator + simulator_assisted_hidden_state,Thermal boundary variables use real operating data; pressure/head and flow-based energy indicators are simulator-assisted hidden-state proxies. Pressure/head and flow are simulator-assisted hidden hydraulic states because public district-heating datasets do not provide dense distributed hydraulic measurements.
532,133.0,calibrated_simulator,88515.01138935788,87777.38346116664,418.49760579150785,0.49752348278489605,105.08520034727442,1030.885815406762,683.8532016462931,512.8899012347198,-737.627928191243,-0.833336534236641,calibrated_simulator + simulator_assisted_hidden_state,Thermal boundary variables use real operating data; pressure/head and flow-based energy indicators are simulator-assisted hidden-state proxies. Pressure/head and flow are simulator-assisted hidden hydraulic states because public district-heating datasets do not provide dense distributed hydraulic measurements.
533,133.25,calibrated_simulator,90916.80759532149,91277.22231872178,417.56923938128585,0.5131345407433253,111.78306200407104,1096.591838259937,750.2655324111888,562.6991493083916,360.4147234002885,0.39642254598789406,calibrated_simulator + simulator_assisted_hidden_state,Thermal boundary variables use real operating data; pressure/head and flow-based energy indicators are simulator-assisted hidden-state proxies. Pressure/head and flow are simulator-assisted hidden hydraulic states because public district-heating datasets do not provide dense distributed hydraulic measurements.
534,133.5,calibrated_simulator,89814.54081085352,92308.23473611075,416.8499284834983,0.5214164817618708,115.42008095014037,1132.270994120877,787.1796775406982,590.3847581555236,2493.693925257234,2.776492428446382,calibrated_simulator + simulator_assisted_hidden_state,Thermal boundary variables use real operating data; pressure/head and flow-based energy indicators are simulator-assisted hidden-state proxies. Pressure/head and flow are simulator-assisted hidden hydraulic states because public district-heating datasets do not provide dense distributed hydraulic measurements.
535,133.75,calibrated_simulator,89939.99492557516,91265.14278569045,416.50717786331916,0.5298784434009399,119.19673238626987,1169.3199447093075,826.1299095203211,619.5974321402409,1325.1478601152921,1.4733688402048994,calibrated_simulator + simulator_assisted_hidden_state,Thermal boundary variables use real operating data; pressure/head and flow-based energy indicators are simulator-assisted hidden-state proxies. Pressure/head and flow are simulator-assisted hidden hydraulic states because public district-heating datasets do not provide dense distributed hydraulic measurements.
536,134.0,calibrated_simulator,90196.07106354236,91104.04864739231,416.445384958561,0.5361685414172375,122.04332609007653,1197.2450289436508,855.900161183674,641.9251208877555,907.9775838499481,1.006670881717548,calibrated_simulator + simulator_assisted_hidden_state,Thermal boundary variables use real operating data; pressure/head and flow-based energy indicators are simulator-assisted hidden-state proxies. Pressure/head and flow are simulator-assisted hidden hydraulic states because public district-heating datasets do not provide dense distributed hydraulic measurements.
537,134.25,calibrated_simulator,90236.79181527828,90944.46712907362,416.6502854528858,0.5405889463993608,124.06386755872418,1217.0665407510842,877.2436252833911,657.9327189625433,707.6753137953347,0.7842425462598459,calibrated_simulator + simulator_assisted_hidden_state,Thermal boundary variables use real operating data; pressure/head and flow-based energy indicators are simulator-assisted hidden-state proxies. Pressure/head and flow are simulator-assisted hidden hydraulic states because public district-heating datasets do not provide dense distributed hydraulic measurements.
538,134.5,calibrated_simulator,90015.98892296782,90531.24550832273,417.34086445978056,0.5423684876858273,124.88186454071106,1225.0910911443755,885.9344031751401,664.4508023813551,515.2565853549022,0.572405626511351,calibrated_simulator + simulator_assisted_hidden_state,Thermal boundary variables use real operating data; pressure/head and flow-based energy indicators are simulator-assisted hidden-state proxies. Pressure/head and flow are simulator-assisted hidden hydraulic states because public district-heating datasets do not provide dense distributed hydraulic measurements.
539,134.75,calibrated_simulator,88014.13034769525,90046.43245736796,418.21927911934216,0.5417190957551373,124.58286024138073,1222.157858967945,882.7550003068662,662.0662502301498,2032.302109672717,2.3090634442949254,calibrated_simulator + simulator_assisted_hidden_state,Thermal boundary variables use real operating data; pressure/head and flow-based energy indicators are simulator-assisted hidden-state proxies. Pressure/head and flow are simulator-assisted hidden hydraulic states because public district-heating datasets do not provide dense distributed hydraulic measurements.
540,135.0,calibrated_simulator,89713.05466147175,88512.77537386243,419.96052215696824,0.5438009696207949,125.54241791721594,1231.5711197678884,892.9727587823278,669.7295690867459,-1200.2792876093154,-1.3379092843717297,calibrated_simulator + simulator_assisted_hidden_state,Thermal boundary variables use real operating data; pressure/head and flow-based energy indicators are simulator-assisted hidden-state proxies. Pressure/head and flow are simulator-assisted hidden hydraulic states because public district-heating datasets do not provide dense distributed hydraulic measurements.
541,135.25,calibrated_simulator,89152.57536680406,89857.4491649688,421.53279858690127,0.5446008306146154,125.91193132554986,1235.1960463036442,896.918390385138,672.6887927888536,704.8737981647428,0.790637617886698,calibrated_simulator + simulator_assisted_hidden_state,Thermal boundary variables use real operating data; pressure/head and flow-based energy indicators are simulator-assisted hidden-state proxies. Pressure/head and flow are simulator-assisted hidden hydraulic states because public district-heating datasets do not provide dense distributed hydraulic measurements.
542,135.5,calibrated_simulator,88316.24784590704,89142.10519822536,422.92552836647604,0.5450033469729896,126.09810185580633,1237.02237920546,898.9084492632886,674.1813369474664,825.857352318315,0.9351137219498493,calibrated_simulator + simulator_assisted_hidden_state,Thermal boundary variables use real operating data; pressure/head and flow-based energy indicators are simulator-assisted hidden-state proxies. Pressure/head and flow are simulator-assisted hidden hydraulic states because public district-heating datasets do not provide dense distributed hydraulic measurements.
543,135.75,calibrated_simulator,88841.97388076715,88266.61533934048,424.41348555543266,0.5449939392998997,126.0937256794488,1236.9794489153926,898.861736929892,674.146302697419,-575.3585414266709,-0.6476201690417717,calibrated_simulator + simulator_assisted_hidden_state,Thermal boundary variables use real operating data; pressure/head and flow-based energy indicators are simulator-assisted hidden-state proxies. Pressure/head and flow are simulator-assisted hidden hydraulic states because public district-heating datasets do not provide dense distributed hydraulic measurements.
544,136.0,calibrated_simulator,88716.0858557809,88678.26537350148,425.5458419889519,0.54402350617807,125.64501928361054,1232.5776391722195,894.0682785322118,670.5512088991588,-37.82048227942141,-0.042630918524633,calibrated_simulator + simulator_assisted_hidden_state,Thermal boundary variables use real operating data; pressure/head and flow-based energy indicators are simulator-assisted hidden-state proxies. Pressure/head and flow are simulator-assisted hidden hydraulic states because public district-heating datasets do not provide dense distributed hydraulic measurements.
545,136.25,calibrated_simulator,87867.91129474434,88293.44456597054,426.48050083927006,0.5418337181970291,124.63550127678235,1222.6742675252349,883.3148593560361,662.4861445170271,425.5332712262025,0.48428745483523855,calibrated_simulator + simulator_assisted_hidden_state,Thermal boundary variables use real operating data; pressure/head and flow-based energy indicators are simulator-assisted hidden-state proxies. Pressure/head and flow are simulator-assisted hidden hydraulic states because public district-heating datasets do not provide dense distributed hydraulic measurements.
546,136.5,calibrated_simulator,86844.79950127506,87518.97183272651,427.2031119051446,0.5396983806228246,123.65507543661724,1213.0562900332152,872.9126871136768,654.6845153352576,674.1723314514529,0.7762955701700418,calibrated_simulator + simulator_assisted_hidden_state,Thermal boundary variables use real operating data; pressure/head and flow-based energy indicators are simulator-assisted hidden-state proxies. Pressure/head and flow are simulator-assisted hidden hydraulic states because public district-heating datasets do not provide dense distributed hydraulic measurements.
547,136.75,calibrated_simulator,85162.66046733172,86010.48122431581,427.888529138925,0.5342734906117549,121.18149484155182,1188.7904643956235,846.8523080248251,635.1392310186188,847.8207569840888,0.995531084082691,calibrated_simulator + simulator_assisted_hidden_state,Thermal boundary variables use real operating data; pressure/head and flow-based energy indicators are simulator-assisted hidden-state proxies. Pressure/head and flow are simulator-assisted hidden hydraulic states because public district-heating datasets do not provide dense distributed hydraulic measurements.
548,137.0,calibrated_simulator,83774.46824622914,84175.87667553042,428.54906392824824,0.5281513329127131,118.42016079508065,1161.701777399741,818.0724562409883,613.5543421807413,401.40842930128565,0.47915365827386663,calibrated_simulator + simulator_assisted_hidden_state,Thermal boundary variables use real operating data; pressure/head and flow-based energy indicators are simulator-assisted hidden-state proxies. Pressure/head and flow are simulator-assisted hidden hydraulic states because public district-heating datasets do not provide dense distributed hydraulic measurements.
549,137.25,calibrated_simulator,83129.51616831089,82975.53687629625,429.1410419109198,0.5228301960817751,116.04604715536456,1138.4117225941263,793.5946988609046,595.1960241456784,-153.97929201464285,-0.18522818261432397,calibrated_simulator + simulator_assisted_hidden_state,Thermal boundary variables use real operating data; pressure/head and flow-based energy indicators are simulator-assisted hidden-state proxies. Pressure/head and flow are simulator-assisted hidden hydraulic states because public district-heating datasets do not provide dense distributed hydraulic measurements.
550,137.5,calibrated_simulator,82028.38673706468,82448.29155170107,429.5651873089981,0.5180087724573211,113.91563657984207,1117.5123948482508,771.8416318149114,578.8812238611835,419.904814636393,0.511901832206409,calibrated_simulator + simulator_assisted_hidden_state,Thermal boundary variables use real operating data; pressure/head and flow-based energy indicators are simulator-assisted hidden-state proxies. Pressure/head and flow are simulator-assisted hidden hydraulic states because public district-heating datasets do not provide dense distributed hydraulic measurements.
551,137.75,calibrated_simulator,80898.97941680308,81213.69700032724,430.0731635121339,0.5125074237205327,111.50883134407493,1093.901635485375,747.5102786750492,560.632709006287,314.7175835241651,0.38902540649208345,calibrated_simulator + simulator_assisted_hidden_state,Thermal boundary variables use real operating data; pressure/head and flow-based energy indicators are simulator-assisted hidden-state proxies. Pressure/head and flow are simulator-assisted hidden hydraulic states because public district-heating datasets do not provide dense distributed hydraulic measurements.
552,138.0,calibrated_simulator,80873.63373548965,80562.15083085965,430.50626387437353,0.5103562161182803,110.57488127176424,1084.7395852760071,738.1381202869009,553.6035902151757,-311.4829046300001,-0.3851476559699982,calibrated_simulator + simulator_assisted_hidden_state,Thermal boundary variables use real operating data; pressure/head and flow-based energy indicators are simulator-assisted hidden-state proxies. Pressure/head and flow are simulator-assisted hidden hydraulic states because public district-heating datasets do not provide dense distributed hydraulic measurements.
553,138.25,calibrated_simulator,80069.0093161072,80331.06326858787,430.8984192066117,0.5069573521560671,109.10690424315365,1070.3387306253371,723.488118383876,542.616088787907,262.05395248066634,0.32728511907284197,calibrated_simulator + simulator_assisted_hidden_state,Thermal boundary variables use real operating data; pressure/head and flow-based energy indicators are simulator-assisted hidden-state proxies. Pressure/head and flow are simulator-assisted hidden hydraulic states because public district-heating datasets do not provide dense distributed hydraulic measurements.
554,138.5,calibrated_simulator,79003.58874300162,79634.17893545992,431.1008010207413,0.5042102146395719,107.9276693257761,1058.7704360858636,711.790491777182,533.8428688328864,630.5901924583013,0.7981791745051087,calibrated_simulator + simulator_assisted_hidden_state,Thermal boundary variables use real operating data; pressure/head and flow-based energy indicators are simulator-assisted hidden-state proxies. Pressure/head and flow are simulator-assisted hidden hydraulic states because public district-heating datasets do not provide dense distributed hydraulic measurements.
555,138.75,calibrated_simulator,81233.90519364348,79207.0190105041,431.3836151056249,0.5056718245566385,108.55453470320859,1064.9199854384763,718.0000427246708,538.5000320435031,-2026.8861831393879,-2.4951234072863344,calibrated_simulator + simulator_assisted_hidden_state,Thermal boundary variables use real operating data; pressure/head and flow-based energy indicators are simulator-assisted hidden-state proxies. Pressure/head and flow are simulator-assisted hidden hydraulic states because public district-heating datasets do not provide dense distributed hydraulic measurements.
556,139.0,calibrated_simulator,84539.79373159714,81800.58888174435,431.54298898180997,0.509455874922919,110.18541497791426,1080.9189209333388,734.2406594464424,550.6804945848318,-2739.2048498527874,-3.240136661025466,calibrated_simulator + simulator_assisted_hidden_state,Thermal boundary variables use real operating data; pressure/head and flow-based energy indicators are simulator-assisted hidden-state proxies. Pressure/head and flow are simulator-assisted hidden hydraulic states because public district-heating datasets do not provide dense distributed hydraulic measurements.
557,139.25,calibrated_simulator,83823.94097484858,84947.35864758136,430.90886575232645,0.5121037147425888,111.3336787789967,1092.1833888219576,745.7482274611649,559.3111705958737,1123.4176727327867,1.3402109942192635,calibrated_simulator + simulator_assisted_hidden_state,Thermal boundary variables use real operating data; pressure/head and flow-based energy indicators are simulator-assisted hidden-state proxies. Pressure/head and flow are simulator-assisted hidden hydraulic states because public district-heating datasets do not provide dense distributed hydraulic measurements.
558,139.5,calibrated_simulator,83369.84615500436,83961.56595727609,430.33095868923317,0.5132390861428906,111.82781117273936,1097.0308276045732,750.7187992404666,563.03909943035,591.7198022717348,0.7097527818050511,calibrated_simulator + simulator_assisted_hidden_state,Thermal boundary variables use real operating data; pressure/head and flow-based energy indicators are simulator-assisted hidden-state proxies. Pressure/head and flow are simulator-assisted hidden hydraulic states because public district-heating datasets do not provide dense distributed hydraulic measurements.
559,139.75,calibrated_simulator,83529.8289987409,83459.72529409,429.8765356983574,0.514198572242362,112.2463099181661,1101.1363002972096,754.9369512760826,566.2027134570619,-70.10370465088636,-0.08392655113892677,calibrated_simulator + simulator_assisted_hidden_state,Thermal boundary variables use real operating data; pressure/head and flow-based energy indicators are simulator-assisted hidden-state proxies. Pressure/head and flow are simulator-assisted hidden hydraulic states because public district-heating datasets do not provide dense distributed hydraulic measurements.
560,140.0,calibrated_simulator,83100.71171036777,83258.32320341485,429.43678440514776,0.5129917471474646,111.71992348176045,1095.97244935607,749.6330954942089,562.2248216206566,157.61149304707942,0.18966322887390574,calibrated_simulator + simulator_assisted_hidden_state,Thermal boundary variables use real operating data; pressure/head and flow-based energy indicators are simulator-assisted hidden-state proxies. Pressure/head and flow are simulator-assisted hidden hydraulic states because public district-heating datasets do not provide dense distributed hydraulic measurements.
561,140.25,calibrated_simulator,82418.2204962415,82849.91976456039,428.88543216822,0.511739527962978,111.17516689730152,1090.628387262528,744.1568747743332,558.11765608075,431.69926831888733,0.5237910570255202,calibrated_simulator + simulator_assisted_hidden_state,Thermal boundary variables use real operating data; pressure/head and flow-based energy indicators are simulator-assisted hidden-state proxies. Pressure/head and flow are simulator-assisted hidden hydraulic states because public district-heating datasets do not provide dense distributed hydraulic measurements.
562,140.5,calibrated_simulator,82559.59444061205,82607.60551562406,428.3299316636355,0.5123299856713688,111.43197074528882,1093.1476330112835,746.736414876482,560.0523111573615,48.011075012007495,0.05815323505076506,calibrated_simulator + simulator_assisted_hidden_state,Thermal boundary variables use real operating data; pressure/head and flow-based energy indicators are simulator-assisted hidden-state proxies. Pressure/head and flow are simulator-assisted hidden hydraulic states because public district-heating datasets do not provide dense distributed hydraulic measurements.
563,140.75,calibrated_simulator,82496.72206567816,82510.53541452234,427.9902576430807,0.5111587109772862,110.9229500284955,1088.1541397795409,741.6259565790771,556.2194674343078,13.813348844181746,0.01674411843077173,calibrated_simulator + simulator_assisted_hidden_state,Thermal boundary variables use real operating data; pressure/head and flow-based energy indicators are simulator-assisted hidden-state proxies. Pressure/head and flow are simulator-assisted hidden hydraulic states because public district-heating datasets do not provide dense distributed hydraulic measurements.
564,141.0,calibrated_simulator,83005.102583182,82820.22464021482,427.7344660686398,0.5129394920088652,111.69733023895506,1095.750809644149,749.4051515562303,562.0538636671728,-184.87794296718494,-0.22273081679757334,calibrated_simulator + simulator_assisted_hidden_state,Thermal boundary variables use real operating data; pressure/head and flow-based energy indicators are simulator-assisted hidden-state proxies. Pressure/head and flow are simulator-assisted hidden hydraulic states because public district-heating datasets do not provide dense distributed hydraulic measurements.
565,141.25,calibrated_simulator,84041.6157269538,83417.97791343073,427.7263348814703,0.5155486976176513,112.83662287485996,1106.927270402376,760.8998834845423,570.6749126134068,-623.6378135230625,-0.7420583339916079,calibrated_simulator + simulator_assisted_hidden_state,Thermal boundary variables use real operating data; pressure/head and flow-based energy indicators are simulator-assisted hidden-state proxies. Pressure/head and flow are simulator-assisted hidden hydraulic states because public district-heating datasets do not provide dense distributed hydraulic measurements.
566,141.5,calibrated_simulator,84123.18731417252,84206.18963203895,427.7036906863888,0.5164591882402938,113.23543271799787,1110.8395949635592,764.9377539734086,573.7033154800564,83.00231786642689,0.09866758561636574,calibrated_simulator + simulator_assisted_hidden_state,Thermal boundary variables use real operating data; pressure/head and flow-based energy indicators are simulator-assisted hidden-state proxies. Pressure/head and flow are simulator-assisted hidden hydraulic states because public district-heating datasets do not provide dense distributed hydraulic measurements.
567,141.75,calibrated_simulator,84000.26370747085,84133.52541177267,427.6969720144528,0.5165610319241462,113.28005132432085,1111.2773034915874,765.3900675273292,574.0425506454969,133.26170430182538,0.158644388029431,calibrated_simulator + simulator_assisted_hidden_state,Thermal boundary variables use real operating data; pressure/head and flow-based energy indicators are simulator-assisted hidden-state proxies. Pressure/head and flow are simulator-assisted hidden hydraulic states because public district-heating datasets do not provide dense distributed hydraulic measurements.
568,142.0,calibrated_simulator,83077.74508496944,83661.67660711263,427.72255080770015,0.5148040565360457,112.5106613321847,1103.7295876687317,757.6059587342936,568.2044690507203,583.9315221431898,0.7028735813014207,calibrated_simulator + simulator_assisted_hidden_state,Thermal boundary variables use real operating data; pressure/head and flow-based energy indicators are simulator-assisted hidden-state proxies. Pressure/head and flow are simulator-assisted hidden hydraulic states because public district-heating datasets do not provide dense distributed hydraulic measurements.
569,142.25,calibrated_simulator,82460.52498891592,82704.36983357897,427.8438333069881,0.5126625042219115,111.57651169186587,1094.5655796972044,748.1903081635693,561.142731122677,243.84484466305003,0.2957110019561807,calibrated_simulator + simulator_assisted_hidden_state,Thermal boundary variables use real operating data; pressure/head and flow-based energy indicators are simulator-assisted hidden-state proxies. Pressure/head and flow are simulator-assisted hidden hydraulic states because public district-heating datasets do not provide dense distributed hydraulic measurements.
570,142.5,calibrated_simulator,82512.79429905776,82278.38535118297,428.0106373262,0.5117178943794264,111.16578440822155,1090.5363450446534,744.0626163073143,558.0469622304857,-234.40894787479192,-0.28408800097740566,calibrated_simulator + simulator_assisted_hidden_state,Thermal boundary variables use real operating data; pressure/head and flow-based energy indicators are simulator-assisted hidden-state proxies. Pressure/head and flow are simulator-assisted hidden hydraulic states because public district-heating datasets do not provide dense distributed hydraulic measurements.
571,142.75,calibrated_simulator,81013.86775087396,82303.76375220224,427.7739785184283,0.5106994193916935,110.72371269361662,1086.1996215243792,739.6286880746369,554.7215160559776,1289.8960013282776,1.5921916051395564,calibrated_simulator + simulator_assisted_hidden_state,Thermal boundary variables use real operating data; pressure/head and flow-based energy indicators are simulator-assisted hidden-state proxies. Pressure/head and flow are simulator-assisted hidden hydraulic states because public district-heating datasets do not provide dense distributed hydraulic measurements.
572,143.0,calibrated_simulator,81473.46370209202,80989.06596010408,427.85056518219574,0.5105627798743136,110.6645205031489,1085.6189461358906,739.0355026978175,554.2766270233632,-484.3977419879375,-0.5945466412955503,calibrated_simulator + simulator_assisted_hidden_state,Thermal boundary variables use real operating data; pressure/head and flow-based energy indicators are simulator-assisted hidden-state proxies. Pressure/head and flow are simulator-assisted hidden hydraulic states because public district-heating datasets do not provide dense distributed hydraulic measurements.
573,143.25,calibrated_simulator,82099.86890149114,81637.62681844807,427.92256152369765,0.5114188289108412,111.03598416792138,1089.2630046873087,742.7594803107834,557.0696102330876,-462.24208304306376,-0.5630241427031905,calibrated_simulator + simulator_assisted_hidden_state,Thermal boundary variables use real operating data; pressure/head and flow-based energy indicators are simulator-assisted hidden-state proxies. Pressure/head and flow are simulator-assisted hidden hydraulic states because public district-heating datasets do not provide dense distributed hydraulic measurements.
574,143.5,calibrated_simulator,82864.30505058456,82165.55728893063,428.08191193263235,0.5116945359563116,111.155703645512,1090.4374527624727,743.9611818409013,557.9708863806759,-698.7477616539254,-0.8432433738838147,calibrated_simulator + simulator_assisted_hidden_state,Thermal boundary variables use real operating data; pressure/head and flow-based energy indicators are simulator-assisted hidden-state proxies. Pressure/head and flow are simulator-assisted hidden hydraulic states because public district-heating datasets do not provide dense distributed hydraulic measurements.
575,143.75,calibrated_simulator,82526.93046409657,82872.70783421159,428.0624776073089,0.5117321915224826,111.17205090151032,1090.5978193438164,744.1253495499355,558.0940121624516,345.7773701150145,0.41898731501403086,calibrated_simulator + simulator_assisted_hidden_state,Thermal boundary variables use real operating data; pressure/head and flow-based energy indicators are simulator-assisted hidden-state proxies. Pressure/head and flow are simulator-assisted hidden hydraulic states because public district-heating datasets do not provide dense distributed hydraulic measurements.
576,144.0,calibrated_simulator,82076.42400805767,82264.18981610927,428.11011744516543,0.5101713308931342,110.4948132285283,1083.9541177718625,737.3364198543522,553.0023148907642,187.76580805159756,0.22876947956841304,calibrated_simulator + simulator_assisted_hidden_state,Thermal boundary variables use real operating data; pressure/head and flow-based energy indicators are simulator-assisted hidden-state proxies. Pressure/head and flow are simulator-assisted hidden hydraulic states because public district-heating datasets do not provide dense distributed hydraulic measurements.
577,144.25,calibrated_simulator,82142.12138745691,81742.39434655478,428.1841135633334,0.5085740540486299,109.80400539211388,1077.1772928966373,730.4325637034282,547.8244227775712,-399.7270409021294,-0.48662858244998725,calibrated_simulator + simulator_assisted_hidden_state,Thermal boundary variables use real operating data; pressure/head and flow-based energy indicators are simulator-assisted hidden-state proxies. Pressure/head and flow are simulator-assisted hidden hydraulic states because public district-heating datasets do not provide dense distributed hydraulic measurements.
578,144.5,calibrated_simulator,82029.20925708591,81784.2710721166,428.21518646187394,0.5069831159835486,109.11809471990944,1070.4485092023115,723.599094260443,542.6993206953323,-244.93818496931635,-0.29859873962902783,calibrated_simulator + simulator_assisted_hidden_state,Thermal boundary variables use real operating data; pressure/head and flow-based energy indicators are simulator-assisted hidden-state proxies. Pressure/head and flow are simulator-assisted hidden hydraulic states because public district-heating datasets do not provide dense distributed hydraulic measurements.
579,144.75,calibrated_simulator,81858.13100367942,81781.26100355171,428.1746588009443,0.5055723818140715,108.51168383900546,1064.4996184606437,717.5754767270904,538.1816075453179,-76.87000012770295,-0.09390637091903277,calibrated_simulator + simulator_assisted_hidden_state,Thermal boundary variables use real operating data; pressure/head and flow-based energy indicators are simulator-assisted hidden-state proxies. Pressure/head and flow are simulator-assisted hidden hydraulic states because public district-heating datasets do not provide dense distributed hydraulic measurements.
580,145.0,calibrated_simulator,81798.65962016491,81820.45385734248,428.00773400677923,0.5049264958035805,108.23464845634601,1061.7819013567544,714.8290863463053,536.121814759729,21.79423717757163,0.026643758319236495,calibrated_simulator + simulator_assisted_hidden_state,Thermal boundary variables use real operating data; pressure/head and flow-based energy indicators are simulator-assisted hidden-state proxies. Pressure/head and flow are simulator-assisted hidden hydraulic states because public district-heating datasets do not provide dense distributed hydraulic measurements.
581,145.25,calibrated_simulator,80733.431537797,81259.0252998109,427.9903319013266,0.5010973422456044,106.59908217246118,1045.7369961118443,698.6880392527294,524.0160294395471,525.5937620139011,0.6510236862257412,calibrated_simulator + simulator_assisted_hidden_state,Thermal boundary variables use real operating data; pressure/head and flow-based energy indicators are simulator-assisted hidden-state proxies. Pressure/head and flow are simulator-assisted hidden hydraulic states because public district-heating datasets do not provide dense distributed hydraulic measurements.
582,145.5,calibrated_simulator,80293.85361680906,80417.26602636244,428.04725804150223,0.49884822623580893,105.64440086247004,1036.371572460831,689.3228275244023,516.9921206433017,123.41240955337707,0.15370094221949435,calibrated_simulator + simulator_assisted_hidden_state,Thermal boundary variables use real operating data; pressure/head and flow-based energy indicators are simulator-assisted hidden-state proxies. Pressure/head and flow are simulator-assisted hidden hydraulic states because public district-heating datasets do not provide dense distributed hydraulic measurements.
583,145.75,calibrated_simulator,80181.85327169843,80126.59375270068,428.0786972160534,0.49764055776442934,105.13356533905942,1031.360275976173,684.3289373238113,513.2467029928584,-55.25951899775828,-0.06891773729712865,calibrated_simulator + simulator_assisted_hidden_state,Thermal boundary variables use real operating data; pressure/head and flow-based energy indicators are simulator-assisted hidden-state proxies. Pressure/head and flow are simulator-assisted hidden hydraulic states because public district-heating datasets do not provide dense distributed hydraulic measurements.
584,146.0,calibrated_simulator,80277.55438353826,79988.54830689283,428.1388255539072,0.49627600697299024,104.5577856486831,1025.7118772135811,678.7149263044348,509.03619472832605,-289.0060766454262,-0.3600085713431872,calibrated_simulator + simulator_assisted_hidden_state,Thermal boundary variables use real operating data; pressure/head and flow-based energy indicators are simulator-assisted hidden-state proxies. Pressure/head and flow are simulator-assisted hidden hydraulic states because public district-heating datasets do not provide dense distributed hydraulic measurements.
585,146.25,calibrated_simulator,79294.41006767497,79716.77871944179,428.1646730463401,0.49263414700437097,103.02871994194307,1010.7117426304615,663.8814895974117,497.9111171980588,422.36865176682477,0.5326587982763831,calibrated_simulator + simulator_assisted_hidden_state,Thermal boundary variables use real operating data; pressure/head and flow-based energy indicators are simulator-assisted hidden-state proxies. Pressure/head and flow are simulator-assisted hidden hydraulic states because public district-heating datasets do not provide dense distributed hydraulic measurements.
586,146.5,calibrated_simulator,78789.65081434911,78850.54759580563,428.27589540383207,0.48978417636982335,101.84013315476591,999.0517062482536,652.4262894608901,489.31971709566756,60.89678145652579,0.07729033042679168,calibrated_simulator + simulator_assisted_hidden_state,Thermal boundary variables use real operating data; pressure/head and flow-based energy indicators are simulator-assisted hidden-state proxies. Pressure/head and flow are simulator-assisted hidden hydraulic states because public district-heating datasets do not provide dense distributed hydraulic measurements.
587,146.75,calibrated_simulator,78179.90943907836,78316.26832892386,428.47685139900767,0.4867091515800279,100.5653618040149,986.5461992973861,640.214751539376,480.161063654532,136.35888984550547,0.17441679176126834,calibrated_simulator + simulator_assisted_hidden_state,Thermal boundary variables use real operating data; pressure/head and flow-based energy indicators are simulator-assisted hidden-state proxies. Pressure/head and flow are simulator-assisted hidden hydraulic states because public district-heating datasets do not provide dense distributed hydraulic measurements.
588,147.0,calibrated_simulator,77939.51393595955,77820.94086334888,428.7417504663592,0.48430917194630263,99.5760603392214,976.841151927762,630.790839217609,473.0931294132068,-118.57307261067035,-0.15213473451745943,calibrated_simulator + simulator_assisted_hidden_state,Thermal boundary variables use real operating data; pressure/head and flow-based energy indicators are simulator-assisted hidden-state proxies. Pressure/head and flow are simulator-assisted hidden hydraulic states because public district-heating datasets do not provide dense distributed hydraulic measurements.
589,147.25,calibrated_simulator,76613.5249008665,77238.15239830731,428.9853202390808,0.48003766335989057,97.82721864960173,959.6850149525931,614.2466028524592,460.6849521393444,624.6274974408152,0.8152966440965186,calibrated_simulator + simulator_assisted_hidden_state,Thermal boundary variables use real operating data; pressure/head and flow-based energy indicators are simulator-assisted hidden-state proxies. Pressure/head and flow are simulator-assisted hidden hydraulic states because public district-heating datasets do not provide dense distributed hydraulic measurements.
590,147.5,calibrated_simulator,76064.00825778313,75866.72903093688,429.2792790050526,0.4757193028036534,96.07504497457039,942.4961912005355,597.81817463069,448.36363097301756,-197.27922684625082,-0.25935949388528906,calibrated_simulator + simulator_assisted_hidden_state,Thermal boundary variables use real operating data; pressure/head and flow-based energy indicators are simulator-assisted hidden-state proxies. Pressure/head and flow are simulator-assisted hidden hydraulic states because public district-heating datasets do not provide dense distributed hydraulic measurements.
591,147.75,calibrated_simulator,75932.17414935555,75469.14684130735,429.4991228594815,0.4722099393776515,94.66283076012395,928.6423697568159,584.6855428351796,438.51415712638465,-463.0273080482002,-0.609790662832127,calibrated_simulator + simulator_assisted_hidden_state,Thermal boundary variables use real operating data; pressure/head and flow-based energy indicators are simulator-assisted hidden-state proxies. Pressure/head and flow are simulator-assisted hidden hydraulic states because public district-heating datasets do not provide dense distributed hydraulic measurements.
592,148.0,calibrated_simulator,76686.45342456124,75757.8206785442,429.58956628073366,0.4711952151061756,94.25656679889627,924.6569202971724,580.9252219451201,435.6939164588401,-928.6327460170432,-1.2109475722861105,calibrated_simulator + simulator_assisted_hidden_state,Thermal boundary variables use real operating data; pressure/head and flow-based energy indicators are simulator-assisted hidden-state proxies. Pressure/head and flow are simulator-assisted hidden hydraulic states because public district-heating datasets do not provide dense distributed hydraulic measurements.
593,148.25,calibrated_simulator,75909.21740335958,76279.73913800383,429.4909886347329,0.4688659790949469,93.32692878881737,915.5371714182984,572.3523096998116,429.2642322748587,370.5217346442514,0.48811165141567237,calibrated_simulator + simulator_assisted_hidden_state,Thermal boundary variables use real operating data; pressure/head and flow-based energy indicators are simulator-assisted hidden-state proxies. Pressure/head and flow are simulator-assisted hidden hydraulic states because public district-heating datasets do not provide dense distributed hydraulic measurements.
594,148.5,calibrated_simulator,75381.11118064648,75324.39109098427,429.42607266529274,0.4654021231719554,91.95300893301032,902.0590176328312,559.760242710304,419.82018203272804,-56.72008966220892,-0.07524443295387687,calibrated_simulator + simulator_assisted_hidden_state,Thermal boundary variables use real operating data; pressure/head and flow-based energy indicators are simulator-assisted hidden-state proxies. Pressure/head and flow are simulator-assisted hidden hydraulic states because public district-heating datasets do not provide dense distributed hydraulic measurements.
595,148.75,calibrated_simulator,74070.79639078239,74534.43864797462,429.36258705939446,0.4601708654074359,89.89736604447837,881.8931608963328,541.0953853954194,405.8215390465646,463.6422571922303,0.6259447444660221,calibrated_simulator + simulator_assisted_hidden_state,Thermal boundary variables use real operating data; pressure/head and flow-based energy indicators are simulator-assisted hidden-state proxies. Pressure/head and flow are simulator-assisted hidden hydraulic states because public district-heating datasets do not provide dense distributed hydraulic measurements.
596,149.0,calibrated_simulator,73366.95133361914,73728.09735065555,429.11593102771843,0.4578915183215442,89.0091622802152,873.179881968911,533.0955492300952,399.8216619225714,361.14601703640074,0.4922461823364763,calibrated_simulator + simulator_assisted_hidden_state,Thermal boundary variables use real operating data; pressure/head and flow-based energy indicators are simulator-assisted hidden-state proxies. Pressure/head and flow are simulator-assisted hidden hydraulic states because public district-heating datasets do not provide dense distributed hydraulic measurements.
597,149.25,calibrated_simulator,73281.89817333204,72993.5224388382,429.0109229895051,0.4554422504015436,88.0594757903762,863.8634575035906,524.5865561667914,393.43991712509353,-288.3757344938349,-0.3935156453122246,calibrated_simulator + simulator_assisted_hidden_state,Thermal boundary variables use real operating data; pressure/head and flow-based energy indicators are simulator-assisted hidden-state proxies. Pressure/head and flow are simulator-assisted hidden hydraulic states because public district-heating datasets do not provide dense distributed hydraulic measurements.
598,149.5,calibrated_simulator,72164.26010082744,72647.29260246137,428.7860379851329,0.4514791804664011,86.53354277149342,848.8940545883504,511.01065609113175,383.2579920683488,483.03250163393386,0.6693514226558188,calibrated_simulator + simulator_assisted_hidden_state,Thermal boundary variables use real operating data; pressure/head and flow-based energy indicators are simulator-assisted hidden-state proxies. Pressure/head and flow are simulator-assisted hidden hydraulic states because public district-heating datasets do not provide dense distributed hydraulic measurements.
599,149.75,calibrated_simulator,71570.87545324721,71518.1349781362,428.658317537435,0.4474449247576784,84.99397894722838,833.7909334723104,497.43402865486985,373.07552149115236,-52.74047511101526,-0.07368985607206568,calibrated_simulator + simulator_assisted_hidden_state,Thermal boundary variables use real operating data; pressure/head and flow-based energy indicators are simulator-assisted hidden-state proxies. Pressure/head and flow are simulator-assisted hidden hydraulic states because public district-heating datasets do not provide dense distributed hydraulic measurements.
600,150.0,calibrated_simulator,70683.38179447144,70951.98974250423,428.5277687673177,0.4435485530853655,83.52016460523699,819.3328147773749,484.5518459864859,363.4138844898644,268.60794803278986,0.3800156998908607,calibrated_simulator + simulator_assisted_hidden_state,Thermal boundary variables use real operating data; pressure/head and flow-based energy indicators are simulator-assisted hidden-state proxies. Pressure/head and flow are simulator-assisted hidden hydraulic states because public district-heating datasets do not provide dense distributed hydraulic measurements.
601,150.25,calibrated_simulator,70877.91437669456,70097.34228839313,428.65096289921,0.439791589106541,82.11128869295214,805.5117420778605,472.3430521232006,354.25728909240047,-780.5720883014292,-1.1012909947560334,calibrated_simulator + simulator_assisted_hidden_state,Thermal boundary variables use real operating data; pressure/head and flow-based energy indicators are simulator-assisted hidden-state proxies. Pressure/head and flow are simulator-assisted hidden hydraulic states because public district-heating datasets do not provide dense distributed hydraulic measurements.
602,150.5,calibrated_simulator,70277.10466704919,70344.48187081615,428.6792337510604,0.43635268555537643,80.83220265949306,792.9639080896269,461.3492411245272,346.0119308433954,67.37720376695506,0.09587361927638746,calibrated_simulator + simulator_assisted_hidden_state,Thermal boundary variables use real operating data; pressure/head and flow-based energy indicators are simulator-assisted hidden-state proxies. Pressure/head and flow are simulator-assisted hidden hydraulic states because public district-heating datasets do not provide dense distributed hydraulic measurements.
603,150.75,calibrated_simulator,69551.80909414051,69754.03026650866,428.719840520985,0.43335651486495447,79.72598371191056,782.1119002138427,451.9110497481038,338.93328731107783,202.22117236815393,0.2907489754787562,calibrated_simulator + simulator_assisted_hidden_state,Thermal boundary variables use real operating data; pressure/head and flow-based energy indicators are simulator-assisted hidden-state proxies. Pressure/head and flow are simulator-assisted hidden hydraulic states because public district-heating datasets do not provide dense distributed hydraulic measurements.
604,151.0,calibrated_simulator,70108.00915059587,69286.10728652576,428.8318430919106,0.432279700148119,79.33037167958877,778.2309461767659,448.5512534123724,336.41344005927925,-821.9018640701106,-1.172336618922697,calibrated_simulator + simulator_assisted_hidden_state,Thermal boundary variables use real operating data; pressure/head and flow-based energy indicators are simulator-assisted hidden-state proxies. Pressure/head and flow are simulator-assisted hidden hydraulic states because public district-heating datasets do not provide dense distributed hydraulic measurements.
605,151.25,calibrated_simulator,70108.51377387498,70054.6497038496,428.63499815313116,0.43218676134052386,79.2963184081562,777.8968835840122,448.2623130307477,336.19673477306077,-53.86407002537453,-0.07682957051279879,calibrated_simulator + simulator_assisted_hidden_state,Thermal boundary variables use real operating data; pressure/head and flow-based energy indicators are simulator-assisted hidden-state proxies. Pressure/head and flow are simulator-assisted hidden hydraulic states because public district-heating datasets do not provide dense distributed hydraulic measurements.
606,151.5,calibrated_simulator,70158.01336761702,69994.92080342675,428.41354761393063,0.4315233197216196,79.05302103839065,775.5101363866123,446.2009447084226,334.650708531317,-163.09256419027224,-0.23246462714913646,calibrated_simulator + simulator_assisted_hidden_state,Thermal boundary variables use real operating data; pressure/head and flow-based energy indicators are simulator-assisted hidden-state proxies. Pressure/head and flow are simulator-assisted hidden hydraulic states because public district-heating datasets do not provide dense distributed hydraulic measurements.
607,151.75,calibrated_simulator,70443.04273642787,70251.19722319482,428.0555690975372,0.43213362657997867,79.27686066470196,777.7060031207262,448.0972207221061,336.0729155415796,-191.8455132330564,-0.2723413211307073,calibrated_simulator + simulator_assisted_hidden_state,Thermal boundary variables use real operating data; pressure/head and flow-based energy indicators are simulator-assisted hidden-state proxies. Pressure/head and flow are simulator-assisted hidden hydraulic states because public district-heating datasets do not provide dense distributed hydraulic measurements.
608,152.0,calibrated_simulator,70724.16014502615,70420.8373876788,427.6782990347064,0.4320049564999557,79.22961644742011,777.2425373491913,447.6968380499368,335.7726285374526,-303.32275734735595,-0.42888138469989007,calibrated_simulator + simulator_assisted_hidden_state,Thermal boundary variables use real operating data; pressure/head and flow-based energy indicators are simulator-assisted hidden-state proxies. Pressure/head and flow are simulator-assisted hidden hydraulic states because public district-heating datasets do not provide dense distributed hydraulic measurements.
609,152.25,calibrated_simulator,71186.00679755962,70907.71989898189,427.2073533084709,0.43293220889114503,79.57015593123899,780.5832296854544,450.5861624681438,337.93962185110786,-278.28689857773134,-0.3909292164246969,calibrated_simulator + simulator_assisted_hidden_state,Thermal boundary variables use real operating data; pressure/head and flow-based energy indicators are simulator-assisted hidden-state proxies. Pressure/head and flow are simulator-assisted hidden hydraulic states because public district-heating datasets do not provide dense distributed hydraulic measurements.
610,152.5,calibrated_simulator,71305.06763605271,71329.35142118679,426.66603430809647,0.4336376913875106,79.82968102674155,783.1291708723346,452.79243428705934,339.59432571529453,24.283785134073696,0.03405618413830032,calibrated_simulator + simulator_assisted_hidden_state,Thermal boundary variables use real operating data; pressure/head and flow-based energy indicators are simulator-assisted hidden-state proxies. Pressure/head and flow are simulator-assisted hidden hydraulic states because public district-heating datasets do not provide dense distributed hydraulic measurements.
611,152.75,calibrated_simulator,70858.60259089718,71119.86253462745,426.21197963086286,0.43245101148087906,79.39325492666073,778.8478308305417,449.08470964314176,336.8135322323563,261.2599437302706,0.36870603452153494,calibrated_simulator + simulator_assisted_hidden_state,Thermal boundary variables use real operating data; pressure/head and flow-based energy indicators are simulator-assisted hidden-state proxies. Pressure/head and flow are simulator-assisted hidden hydraulic states because public district-heating datasets do not provide dense distributed hydraulic measurements.
612,153.0,calibrated_simulator,70561.60460790856,70781.71377338417,425.8419271013146,0.4320549733881112,79.24794883048234,777.4223780270318,447.85227313305506,335.8892048497913,220.1091654756019,0.31193900237769256,calibrated_simulator + simulator_assisted_hidden_state,Thermal boundary variables use real operating data; pressure/head and flow-based energy indicators are simulator-assisted hidden-state proxies. Pressure/head and flow are simulator-assisted hidden hydraulic states because public district-heating datasets do not provide dense distributed hydraulic measurements.
613,153.25,calibrated_simulator,70701.17117267264,70581.7512142637,425.5460037606511,0.43244225088746074,79.39012570122918,778.8171331290583,449.05791210673215,336.7934340800491,-119.41995840893651,-0.1689080342350745,calibrated_simulator + simulator_assisted_hidden_state,Thermal boundary variables use real operating data; pressure/head and flow-based energy indicators are simulator-assisted hidden-state proxies. Pressure/head and flow are simulator-assisted hidden hydraulic states because public district-heating datasets do not provide dense distributed hydraulic measurements.
614,153.5,calibrated_simulator,70393.42769914812,70514.26165575472,425.27820432859136,0.43152695019475595,79.05433722327966,775.5230481603735,446.21212770451575,334.6590957783868,120.8339566065988,0.17165516804072478,calibrated_simulator + simulator_assisted_hidden_state,Thermal boundary variables use real operating data; pressure/head and flow-based energy indicators are simulator-assisted hidden-state proxies. Pressure/head and flow are simulator-assisted hidden hydraulic states because public district-heating datasets do not provide dense distributed hydraulic measurements.
615,153.75,calibrated_simulator,70976.72362775193,70291.72212483958,425.16396868048736,0.431067747882003,78.88620322577651,773.8736536448675,444.7892973625471,333.5919730219103,-685.001502912346,-0.965107246292375,calibrated_simulator + simulator_assisted_hidden_state,Thermal boundary variables use real operating data; pressure/head and flow-based energy indicators are simulator-assisted hidden-state proxies. Pressure/head and flow are simulator-assisted hidden hydraulic states because public district-heating datasets do not provide dense distributed hydraulic measurements.
616,154.0,calibrated_simulator,71574.64594526326,71271.66276918865,424.8760367244082,0.43285747531558016,79.54273513416193,780.3142316661285,450.3531310290895,337.76484827181713,-302.98317607460194,-0.4233107577036545,calibrated_simulator + simulator_assisted_hidden_state,Thermal boundary variables use real operating data; pressure/head and flow-based energy indicators are simulator-assisted hidden-state proxies. Pressure/head and flow are simulator-assisted hidden hydraulic states because public district-heating datasets do not provide dense distributed hydraulic measurements.
617,154.25,calibrated_simulator,71967.53063664198,71629.21527846626,424.6792410787279,0.43310127114482994,79.63227516525444,781.1926193711461,451.1140219448036,338.3355164586027,-338.3153581757215,-0.47009443728706957,calibrated_simulator + simulator_assisted_hidden_state,Thermal boundary variables use real operating data; pressure/head and flow-based energy indicators are simulator-assisted hidden-state proxies. Pressure/head and flow are simulator-assisted hidden hydraulic states because public district-heating datasets do not provide dense distributed hydraulic measurements.
618,154.5,calibrated_simulator,71380.72833797641,71738.05520633192,424.50698449527505,0.4315931844028835,79.07857395281458,775.760810477111,446.41743803837085,334.81307852877814,357.32686835550703,0.5005929144679234,calibrated_simulator + simulator_assisted_hidden_state,Thermal boundary variables use real operating data; pressure/head and flow-based energy indicators are simulator-assisted hidden-state proxies. Pressure/head and flow are simulator-assisted hidden hydraulic states because public district-heating datasets do not provide dense distributed hydraulic measurements.
619,154.75,calibrated_simulator,71650.25829282729,71523.04036338945,424.33446876313866,0.432244274423639,79.31746580141909,778.1043395119212,448.44152754428706,336.3311456582153,-127.21792943784385,-0.17755404163083008,calibrated_simulator + simulator_assisted_hidden_state,Thermal boundary variables use real operating data; pressure/head and flow-based energy indicators are simulator-assisted hidden-state proxies. Pressure/head and flow are simulator-assisted hidden hydraulic states because public district-heating datasets do not provide dense distributed hydraulic measurements.
620,155.0,calibrated_simulator,72298.36558794523,71919.63506828154,424.1450961984275,0.4337389657983975,79.86701703600819,783.4954371232403,453.1100008074635,339.8325006055976,-378.730519663688,-0.523843819405561,calibrated_simulator + simulator_assisted_hidden_state,Thermal boundary variables use real operating data; pressure/head and flow-based energy indicators are simulator-assisted hidden-state proxies. Pressure/head and flow are simulator-assisted hidden hydraulic states because public district-heating datasets do not provide dense distributed hydraulic measurements.
621,155.25,calibrated_simulator,72879.58887047299,72669.41467732577,423.8254915477193,0.43603763299239406,80.71583938033123,791.8223843210494,460.35247761299223,345.26435820974416,-210.17419314722065,-0.28838553620377555,calibrated_simulator + simulator_assisted_hidden_state,Thermal boundary variables use real operating data; pressure/head and flow-based energy indicators are simulator-assisted hidden-state proxies. Pressure/head and flow are simulator-assisted hidden hydraulic states because public district-heating datasets do not provide dense distributed hydraulic measurements.
622,155.5,calibrated_simulator,73394.70606754502,73310.13892491127,423.434655843083,0.43875355664649013,81.72449304915568,801.7172768122172,469.00840883506527,351.7563066262989,-84.56714263375034,-0.1152224011305711,calibrated_simulator + simulator_assisted_hidden_state,Thermal boundary variables use real operating data; pressure/head and flow-based energy indicators are simulator-assisted hidden-state proxies. Pressure/head and flow are simulator-assisted hidden hydraulic states because public district-heating datasets do not provide dense distributed hydraulic measurements.
623,155.75,calibrated_simulator,74139.82980129245,73785.45857235737,423.08952759164595,0.44119810450628166,82.63768131710309,810.6756537207813,476.8914157213326,357.66856179099943,-354.3712289350806,-0.4779768578979163,calibrated_simulator + simulator_assisted_hidden_state,Thermal boundary variables use real operating data; pressure/head and flow-based energy indicators are simulator-assisted hidden-state proxies. Pressure/head and flow are simulator-assisted hidden hydraulic states because public district-heating datasets do not provide dense distributed hydraulic measurements.
624,156.0,calibrated_simulator,75379.55495854202,74611.34267049993,422.833951614646,0.44410152638016276,83.7289223975121,821.3807287195937,486.3685804848292,364.77643536362194,-768.2122880420939,-1.019125528751931,calibrated_simulator + simulator_assisted_hidden_state,Thermal boundary variables use real operating data; pressure/head and flow-based energy indicators are simulator-assisted hidden-state proxies. Pressure/head and flow are simulator-assisted hidden hydraulic states because public district-heating datasets do not provide dense distributed hydraulic measurements.
625,156.25,calibrated_simulator,75955.04091529665,76162.86377734516,422.3797090934807,0.4484710417732782,85.384724028731,837.6241427218512,500.86689586789015,375.6501719009176,207.82286204851698,0.2736129946665112,calibrated_simulator + simulator_assisted_hidden_state,Thermal boundary variables use real operating data; pressure/head and flow-based energy indicators are simulator-assisted hidden-state proxies. Pressure/head and flow are simulator-assisted hidden hydraulic states because public district-heating datasets do not provide dense distributed hydraulic measurements.
626,156.5,calibrated_simulator,77345.7672509211,76967.72218287869,421.98968205079575,0.4541687661939757,87.56816137088926,859.0436630484236,520.201067404608,390.150800553456,-378.045068042411,-0.48877279452924294,calibrated_simulator + simulator_assisted_hidden_state,Thermal boundary variables use real operating data; pressure/head and flow-based energy indicators are simulator-assisted hidden-state proxies. Pressure/head and flow are simulator-assisted hidden hydraulic states because public district-heating datasets do not provide dense distributed hydraulic measurements.
627,156.75,calibrated_simulator,77634.53507674998,78187.71818331353,421.51970774079416,0.4592100379079918,89.52291967047042,878.2198419673147,537.7164892284816,403.2873669213612,553.1831065635488,0.7125477160604731,calibrated_simulator + simulator_assisted_hidden_state,Thermal boundary variables use real operating data; pressure/head and flow-based energy indicators are simulator-assisted hidden-state proxies. Pressure/head and flow are simulator-assisted hidden hydraulic states because public district-heating datasets do not provide dense distributed hydraulic measurements.
628,157.0,calibrated_simulator,79388.03993001577,78706.26079451651,421.18540439634637,0.46578001465480445,92.10295304754216,903.5299693963887,561.1282698486731,420.84620238650484,-681.779135499266,-0.8587932591613118,calibrated_simulator + simulator_assisted_hidden_state,Thermal boundary variables use real operating data; pressure/head and flow-based energy indicators are simulator-assisted hidden-state proxies. Pressure/head and flow are simulator-assisted hidden hydraulic states because public district-heating datasets do not provide dense distributed hydraulic measurements.
629,157.25,calibrated_simulator,81706.04277887024,80970.26687286996,420.7250289154538,0.4752549284419824,95.88833464696371,940.664562886714,596.0739593635119,447.0554695226339,-735.7759060002718,-0.9005158994073186,calibrated_simulator + simulator_assisted_hidden_state,Thermal boundary variables use real operating data; pressure/head and flow-based energy indicators are simulator-assisted hidden-state proxies. Pressure/head and flow are simulator-assisted hidden hydraulic states because public district-heating datasets do not provide dense distributed hydraulic measurements.
630,157.5,calibrated_simulator,81882.32692411444,82839.7409499318,420.1653274338482,0.48177985695145953,98.53919448459182,966.6694978938458,620.9625232195149,465.72189241463616,957.4140258173575,1.1692560064941167,calibrated_simulator + simulator_assisted_hidden_state,Thermal boundary variables use real operating data; pressure/head and flow-based energy indicators are simulator-assisted hidden-state proxies. Pressure/head and flow are simulator-assisted hidden hydraulic states because public district-heating datasets do not provide dense distributed hydraulic measurements.
631,157.75,calibrated_simulator,81400.41509332719,83214.38876471759,419.5193300989008,0.4890158256704257,101.5214194607197,995.9251249096602,649.3641963514924,487.02314726361936,1813.9736713903985,2.228457519916381,calibrated_simulator + simulator_assisted_hidden_state,Thermal boundary variables use real operating data; pressure/head and flow-based energy indicators are simulator-assisted hidden-state proxies. Pressure/head and flow are simulator-assisted hidden hydraulic states because public district-heating datasets do not provide dense distributed hydraulic measurements.
632,158.0,calibrated_simulator,81337.9095777441,81866.50822041104,419.56639276709785,0.4915914384500212,102.59338526027324,1006.4411094032804,659.6771102490585,494.7578326867938,528.5986426669406,0.6498797982528645,calibrated_simulator + simulator_assisted_hidden_state,Thermal boundary variables use real operating data; pressure/head and flow-based energy indicators are simulator-assisted hidden-state proxies. Pressure/head and flow are simulator-assisted hidden hydraulic states because public district-heating datasets do not provide dense distributed hydraulic measurements.
633,158.25,calibrated_simulator,81348.36078182072,81337.58270278324,420.05517515775875,0.4917896505704941,102.67600207561642,1007.2515803617971,660.4745369902749,495.3559027427062,-10.778079037481803,-0.013249288533777595,calibrated_simulator + simulator_assisted_hidden_state,Thermal boundary variables use real operating data; pressure/head and flow-based energy indicators are simulator-assisted hidden-state proxies. Pressure/head and flow are simulator-assisted hidden hydraulic states because public district-heating datasets do not provide dense distributed hydraulic measurements.
634,158.5,calibrated_simulator,80017.67507504605,80872.39430753788,420.6143679429595,0.4891833952223504,101.59046038201544,996.6024163475714,650.0284716209379,487.5213537157034,854.7192324918287,1.068163042340601,calibrated_simulator + simulator_assisted_hidden_state,Thermal boundary variables use real operating data; pressure/head and flow-based energy indicators are simulator-assisted hidden-state proxies. Pressure/head and flow are simulator-assisted hidden hydraulic states because public district-heating datasets do not provide dense distributed hydraulic measurements.
635,158.75,calibrated_simulator,78571.41643849618,79161.83162000279,421.42822624280615,0.48409106168614024,99.48624201418276,975.9600341591329,629.9380387991151,472.4535290993363,590.4151815066143,0.7514376197720416,calibrated_simulator + simulator_assisted_hidden_state,Thermal boundary variables use real operating data; pressure/head and flow-based energy indicators are simulator-assisted hidden-state proxies. Pressure/head and flow are simulator-assisted hidden hydraulic states because public district-heating datasets do not provide dense distributed hydraulic measurements.
636,159.0,calibrated_simulator,78092.616584265,78111.63633263393,422.28717920397656,0.4813412450476602,98.3593415827874,964.9051409271443,619.2648558490129,464.4486418867596,19.019748368940782,0.024355373402577346,calibrated_simulator + simulator_assisted_hidden_state,Thermal boundary variables use real operating data; pressure/head and flow-based energy indicators are simulator-assisted hidden-state proxies. Pressure/head and flow are simulator-assisted hidden hydraulic states because public district-heating datasets do not provide dense distributed hydraulic measurements.
637,159.25,calibrated_simulator,77068.79283412478,77513.40021518256,423.1544259183036,0.47804922512668224,97.01849915129914,951.7514766742445,606.6454079163976,454.98405593729825,444.60738105778,0.5768967758645304,calibrated_simulator + simulator_assisted_hidden_state,Thermal boundary variables use real operating data; pressure/head and flow-based energy indicators are simulator-assisted hidden-state proxies. Pressure/head and flow are simulator-assisted hidden hydraulic states because public district-heating datasets do not provide dense distributed hydraulic measurements.
638,159.5,calibrated_simulator,76464.46058555214,76340.5466739182,424.21312417158845,0.4742024342837963,95.46336072591254,936.495568721202,592.1179711781097,444.08847838358224,-123.91391163393564,-0.1620542545975261,calibrated_simulator + simulator_assisted_hidden_state,Thermal boundary variables use real operating data; pressure/head and flow-based energy indicators are simulator-assisted hidden-state proxies. Pressure/head and flow are simulator-assisted hidden hydraulic states because public district-heating datasets do not provide dense distributed hydraulic measurements.
639,159.75,calibrated_simulator,76599.09124768226,76171.7341737473,425.1323803018415,0.472290980702331,94.69541472060469,928.962018409132,584.987176946221,438.7403827096658,-427.3570739349525,-0.5579140260986889,calibrated_simulator + simulator_assisted_hidden_state,Thermal boundary variables use real operating data; pressure/head and flow-based energy indicators are simulator-assisted hidden-state proxies. Pressure/head and flow are simulator-assisted hidden hydraulic states because public district-heating datasets do not provide dense distributed hydraulic measurements.
640,160.0,calibrated_simulator,76084.62928689511,76308.27805150468,425.7600928322556,0.4695088458115784,93.58300235656718,918.049253117924,574.7096603061041,431.0322452295781,223.64876460956293,0.2939473671695794,calibrated_simulator + simulator_assisted_hidden_state,Thermal boundary variables use real operating data; pressure/head and flow-based energy indicators are simulator-assisted hidden-state proxies. Pressure/head and flow are simulator-assisted hidden hydraulic states because public district-heating datasets do not provide dense distributed hydraulic measurements.
641,160.25,calibrated_simulator,76100.58431001107,76052.82938879382,426.1252031492079,0.4685503823646029,93.20140913087951,914.305823573928,571.1977909783296,428.3983432337472,-47.75492121724528,-0.06275237128627816,calibrated_simulator + simulator_assisted_hidden_state,Thermal boundary variables use real operating data; pressure/head and flow-based energy indicators are simulator-assisted hidden-state proxies. Pressure/head and flow are simulator-assisted hidden hydraulic states because public district-heating datasets do not provide dense distributed hydraulic measurements.
642,160.5,calibrated_simulator,76484.2335198133,76021.18772553098,426.4286005765426,0.46769189566587055,92.86019666961826,910.9585293289551,568.0638952731368,426.04792145485254,-463.0457942823123,-0.6054133943335654,calibrated_simulator + simulator_assisted_hidden_state,Thermal boundary variables use real operating data; pressure/head and flow-based energy indicators are simulator-assisted hidden-state proxies. Pressure/head and flow are simulator-assisted hidden hydraulic states because public district-heating datasets do not provide dense distributed hydraulic measurements.
643,160.75,calibrated_simulator,75736.87397832518,76081.01388720989,426.5976938618282,0.46531999543350017,91.92061919886962,901.741274340911,559.4643275446817,419.5982456585113,344.13990888471017,0.4543888476083633,calibrated_simulator + simulator_assisted_hidden_state,Thermal boundary variables use real operating data; pressure/head and flow-based energy indicators are simulator-assisted hidden-state proxies. Pressure/head and flow are simulator-assisted hidden hydraulic states because public district-heating datasets do not provide dense distributed hydraulic measurements.
644,161.0,calibrated_simulator,73104.59089331776,74524.27612592219,426.80644939497324,0.45831340414504507,89.17299553899524,874.7870862375432,534.5688631942047,400.9266473956536,1419.6852326044318,1.9419918985336946,calibrated_simulator + simulator_assisted_hidden_state,Thermal boundary variables use real operating data; pressure/head and flow-based energy indicators are simulator-assisted hidden-state proxies. Pressure/head and flow are simulator-assisted hidden hydraulic states because public district-heating datasets do not provide dense distributed hydraulic measurements.
645,161.25,calibrated_simulator,73967.80464694482,72767.7284717944,427.1780772916726,0.45644988593151264,88.4495913793933,867.6904914318483,528.0763011172337,396.0572258379253,-1200.0761751504178,-1.6224304356178916,calibrated_simulator + simulator_assisted_hidden_state,Thermal boundary variables use real operating data; pressure/head and flow-based energy indicators are simulator-assisted hidden-state proxies. Pressure/head and flow are simulator-assisted hidden hydraulic states because public district-heating datasets do not provide dense distributed hydraulic measurements.
646,161.5,calibrated_simulator,73854.08137891511,73590.01981810876,427.32105651920637,0.4542424190056,87.59612635270184,859.3179995200051,520.4515823960268,390.3386867970201,-264.06156080635265,-0.35754498042100163,calibrated_simulator + simulator_assisted_hidden_state,Thermal boundary variables use real operating data; pressure/head and flow-based energy indicators are simulator-assisted hidden-state proxies. Pressure/head and flow are simulator-assisted hidden hydraulic states because public district-heating datasets do not provide dense distributed hydraulic measurements.
647,161.75,calibrated_simulator,73477.27644451789,73442.70810868923,427.4665177639629,0.4517547268949342,86.63928341004193,849.9313702525113,511.94735206381387,383.9605140478604,-34.568335828662384,-0.04704629444827703,calibrated_simulator + simulator_assisted_hidden_state,Thermal boundary variables use real operating data; pressure/head and flow-based energy indicators are simulator-assisted hidden-state proxies. Pressure/head and flow are simulator-assisted hidden hydraulic states because public district-heating datasets do not provide dense distributed hydraulic measurements.
648,162.0,calibrated_simulator,72731.4386208043,73018.76369739526,427.60045360740867,0.4489729291967791,85.57554254063007,839.496072323581,502.548014187079,376.91101064030926,287.32507659096154,0.39504935147642506,calibrated_simulator + simulator_assisted_hidden_state,Thermal boundary variables use real operating data; pressure/head and flow-based energy indicators are simulator-assisted hidden-state proxies. Pressure/head and flow are simulator-assisted hidden hydraulic states because public district-heating datasets do not provide dense distributed hydraulic measurements.
649,162.25,calibrated_simulator,72470.65742199177,72499.18502378615,427.73861795356765,0.4475277474706397,85.02559080051573,834.1010457530593,497.71114955836214,373.28336216877165,28.527601794383372,0.03936434801228456,calibrated_simulator + simulator_assisted_hidden_state,Thermal boundary variables use real operating data; pressure/head and flow-based energy indicators are simulator-assisted hidden-state proxies. Pressure/head and flow are simulator-assisted hidden hydraulic states because public district-heating datasets do not provide dense distributed hydraulic measurements.
650,162.5,calibrated_simulator,72810.44688200197,72462.776477726,427.9040789427066,0.4471966404713568,84.89988538409465,832.8678756179685,496.6076212438285,372.4557159328714,-347.6704042759666,-0.4775007147523871,calibrated_simulator + simulator_assisted_hidden_state,Thermal boundary variables use real operating data; pressure/head and flow-based energy indicators are simulator-assisted hidden-state proxies. Pressure/head and flow are simulator-assisted hidden hydraulic states because public district-heating datasets do not provide dense distributed hydraulic measurements.
651,162.75,calibrated_simulator,73105.87657527608,72915.44001420143,428.00091309689924,0.447426096706128,84.98706302217467,833.7230882475334,497.37262281116347,373.0294671083726,-190.4365610746463,-0.26049419006494845,calibrated_simulator + simulator_assisted_hidden_state,Thermal boundary variables use real operating data; pressure/head and flow-based energy indicators are simulator-assisted hidden-state proxies. Pressure/head and flow are simulator-assisted hidden hydraulic states because public district-heating datasets do not provide dense distributed hydraulic measurements.
652,163.0,calibrated_simulator,72624.70867041445,73140.8314211419,427.9334551679722,0.4474333402606834,84.98980247591662,833.749962288742,497.39670742542756,373.04753056907066,516.1227507274598,0.7106710101512816,calibrated_simulator + simulator_assisted_hidden_state,Thermal boundary variables use real operating data; pressure/head and flow-based energy indicators are simulator-assisted hidden-state proxies. Pressure/head and flow are simulator-assisted hidden hydraulic states because public district-heating datasets do not provide dense distributed hydraulic measurements.
653,163.25,calibrated_simulator,72108.44881787829,72517.2439769845,427.8411222759092,0.44685819307204483,84.7714125502527,831.607557117979,495.4808670917299,371.61065031879747,408.795159106201,0.5669171446728527,calibrated_simulator + simulator_assisted_hidden_state,Thermal boundary variables use real operating data; pressure/head and flow-based energy indicators are simulator-assisted hidden-state proxies. Pressure/head and flow are simulator-assisted hidden hydraulic states because public district-heating datasets do not provide dense distributed hydraulic measurements.
654,163.5,calibrated_simulator,72406.56201671255,72182.27937955981,427.806856736538,0.4472308198128541,84.912902814485,832.9955766100978,496.72172617042025,372.5412946278152,-224.2826371527335,-0.3097545732125296,calibrated_simulator + simulator_assisted_hidden_state,Thermal boundary variables use real operating data; pressure/head and flow-based energy indicators are simulator-assisted hidden-state proxies. Pressure/head and flow are simulator-assisted hidden hydraulic states because public district-heating datasets do not provide dense distributed hydraulic measurements.
655,163.75,calibrated_simulator,72764.71362974255,72500.20484889476,427.81323476265385,0.4475609251976545,85.03829674896592,834.2256911073556,497.82242951421443,373.36682213566087,-264.5087808477838,-0.3635124329544065,calibrated_simulator + simulator_assisted_hidden_state,Thermal boundary variables use real operating data; pressure/head and flow-based energy indicators are simulator-assisted hidden-state proxies. Pressure/head and flow are simulator-assisted hidden hydraulic states because public district-heating datasets do not provide dense distributed hydraulic measurements.
656,164.0,calibrated_simulator,74845.36036972448,73341.93823559435,427.8722070722169,0.45111702396963466,86.3951891199826,847.5368052670293,509.7843750623921,382.3382812967941,-1503.4221341301309,-2.008704516490346,calibrated_simulator + simulator_assisted_hidden_state,Thermal boundary variables use real operating data; pressure/head and flow-based energy indicators are simulator-assisted hidden-state proxies. Pressure/head and flow are simulator-assisted hidden hydraulic states because public district-heating datasets do not provide dense distributed hydraulic measurements.
657,164.25,calibrated_simulator,74319.43923340472,75176.52901635067,427.58230715978766,0.45321946534537905,87.20227663422014,855.4543337816996,516.9447410452391,387.7085557839293,857.0897829459573,1.1532511436936637,calibrated_simulator + simulator_assisted_hidden_state,Thermal boundary variables use real operating data; pressure/head and flow-based energy indicators are simulator-assisted hidden-state proxies. Pressure/head and flow are simulator-assisted hidden hydraulic states because public district-heating datasets do not provide dense distributed hydraulic measurements.
658,164.5,calibrated_simulator,76317.7081136886,75359.44509710441,427.36573498970165,0.4594350026547269,89.61071979731389,879.0811612116493,538.5075408466595,403.8806556349946,-958.2630165841838,-1.2556234198708942,calibrated_simulator + simulator_assisted_hidden_state,Thermal boundary variables use real operating data; pressure/head and flow-based energy indicators are simulator-assisted hidden-state proxies. Pressure/head and flow are simulator-assisted hidden hydraulic states because public district-heating datasets do not provide dense distributed hydraulic measurements.
659,164.75,calibrated_simulator,76494.19328596853,77324.63638896005,426.7870497302807,0.4654619251928499,91.97716883912823,902.2960263118479,559.9792606679614,419.9844455009711,830.443102991514,1.0856289442611113,calibrated_simulator + simulator_assisted_hidden_state,Thermal boundary variables use real operating data; pressure/head and flow-based energy indicators are simulator-assisted hidden-state proxies. Pressure/head and flow are simulator-assisted hidden hydraulic states because public district-heating datasets do not provide dense distributed hydraulic measurements.
660,165.0,calibrated_simulator,78334.1782660565,77225.32034761895,426.602607282442,0.4702795584104862,93.89091575365623,921.0698835433676,577.5471174639638,433.16033809797284,-1108.8579184375412,-1.415548031500865,calibrated_simulator + simulator_assisted_hidden_state,Thermal boundary variables use real operating data; pressure/head and flow-based energy indicators are simulator-assisted hidden-state proxies. Pressure/head and flow are simulator-assisted hidden hydraulic states because public district-heating datasets do not provide dense distributed hydraulic measurements.
661,165.25,calibrated_simulator,78306.62369082452,78768.98801653254,426.2537781183667,0.473293605919268,95.09817284214333,932.913075581426,588.722391401557,441.54179355116776,462.3643257080257,0.5904536601316942,calibrated_simulator + simulator_assisted_hidden_state,Thermal boundary variables use real operating data; pressure/head and flow-based energy indicators are simulator-assisted hidden-state proxies. Pressure/head and flow are simulator-assisted hidden hydraulic states because public district-heating datasets do not provide dense distributed hydraulic measurements.
662,165.5,calibrated_simulator,78164.34080732352,78655.09183131087,425.8150662184769,0.47548058791347836,95.97900984495857,941.5540865790435,596.9209208519222,447.6906906389417,490.7510239873518,0.6278451515340758,calibrated_simulator + simulator_assisted_hidden_state,Thermal boundary variables use real operating data; pressure/head and flow-based energy indicators are simulator-assisted hidden-state proxies. Pressure/head and flow are simulator-assisted hidden hydraulic states because public district-heating datasets do not provide dense distributed hydraulic measurements.
663,165.75,calibrated_simulator,77954.42321849448,78391.10289764023,425.4073545031564,0.4766124977689749,96.43646206726633,946.0416928798827,601.1937256494272,450.89529423707035,436.67967914574547,0.5601730615359674,calibrated_simulator + simulator_assisted_hidden_state,Thermal boundary variables use real operating data; pressure/head and flow-based energy indicators are simulator-assisted hidden-state proxies. Pressure/head and flow are simulator-assisted hidden hydraulic states because public district-heating datasets do not provide dense distributed hydraulic measurements.
664,166.0,calibrated_simulator,77189.36248501092,78104.55259837504,424.976039830661,0.4774887168565683,96.79135709041564,949.5232130569775,604.5154941708028,453.38662062810204,915.1901133641222,1.1856427931268887,calibrated_simulator + simulator_assisted_hidden_state,Thermal boundary variables use real operating data; pressure/head and flow-based energy indicators are simulator-assisted hidden-state proxies. Pressure/head and flow are simulator-assisted hidden hydraulic states because public district-heating datasets do not provide dense distributed hydraulic measurements.
665,166.25,calibrated_simulator,77369.65034928554,76980.32718700211,425.04019448558563,0.4766116780096613,96.43601872381652,946.03734368064,601.1899277752434,450.89244583143255,-389.32316228342825,-0.5031988131338678,calibrated_simulator + simulator_assisted_hidden_state,Thermal boundary variables use real operating data; pressure/head and flow-based energy indicators are simulator-assisted hidden-state proxies. Pressure/head and flow are simulator-assisted hidden hydraulic states because public district-heating datasets do not provide dense distributed hydraulic measurements.
666,166.5,calibrated_simulator,76887.03671261227,77294.994948169,424.9668853510575,0.4770685203531517,96.62105343850132,947.8525342316979,602.9208080252017,452.19060601890124,407.9582355567254,0.5305943017177113,calibrated_simulator + simulator_assisted_hidden_state,Thermal boundary variables use real operating data; pressure/head and flow-based energy indicators are simulator-assisted hidden-state proxies. Pressure/head and flow are simulator-assisted hidden hydraulic states because public district-heating datasets do not provide dense distributed hydraulic measurements.
667,166.75,calibrated_simulator,76186.56759246429,76517.68519782388,425.14052273268754,0.4747520383370791,95.68485992641875,938.668475878168,594.1796963278928,445.6347722459196,331.1176053595991,0.43461415289215677,calibrated_simulator + simulator_assisted_hidden_state,Thermal boundary variables use real operating data; pressure/head and flow-based energy indicators are simulator-assisted hidden-state proxies. Pressure/head and flow are simulator-assisted hidden hydraulic states because public district-heating datasets do not provide dense distributed hydraulic measurements.
668,167.0,calibrated_simulator,74111.70856218402,75492.87638856031,425.3179840955349,0.4696395819388851,93.63499716420887,918.559322180889,575.1890880734644,431.3918160550984,1381.1678263762878,1.8636297194759825,calibrated_simulator + simulator_assisted_hidden_state,Thermal boundary variables use real operating data; pressure/head and flow-based energy indicators are simulator-assisted hidden-state proxies. Pressure/head and flow are simulator-assisted hidden hydraulic states because public district-heating datasets do not provide dense distributed hydraulic measurements.
669,167.25,calibrated_simulator,75600.23518428387,74178.80890284499,425.7511967365646,0.46997795905575906,93.77027775396837,919.8864247664297,576.4351259664343,432.3263444748257,-1421.4262814388785,-1.8801876448849608,calibrated_simulator + simulator_assisted_hidden_state,Thermal boundary variables use real operating data; pressure/head and flow-based energy indicators are simulator-assisted hidden-state proxies. Pressure/head and flow are simulator-assisted hidden hydraulic states because public district-heating datasets do not provide dense distributed hydraulic measurements.
670,167.5,calibrated_simulator,75317.79357433213,75084.88788398997,426.2209679508172,0.4671269785311743,92.63589281807367,908.7581085453028,566.0072392806295,424.50542946047216,-232.90569034215878,-0.3092306336779516,calibrated_simulator + simulator_assisted_hidden_state,Thermal boundary variables use real operating data; pressure/head and flow-based energy indicators are simulator-assisted hidden-state proxies. Pressure/head and flow are simulator-assisted hidden hydraulic states because public district-heating datasets do not provide dense distributed hydraulic measurements.
671,167.75,calibrated_simulator,75038.16580782905,75126.71033759178,426.39223913912974,0.4665723212576089,92.41616259097471,906.6025550174619,563.994211403435,422.9956585525763,88.54452976273024,0.11799932582239638,calibrated_simulator + simulator_assisted_hidden_state,Thermal boundary variables use real operating data; pressure/head and flow-based energy indicators are simulator-assisted hidden-state proxies. Pressure/head and flow are simulator-assisted hidden hydraulic states because public district-heating datasets do not provide dense distributed hydraulic measurements.
672,168.0,calibrated_simulator,76964.68903412571,75060.73426667284,426.8529383231329,0.46676457557823575,92.49238122842847,907.3502598508833,564.691945253466,423.51895894009954,-1903.954767452873,-2.473802975555024,calibrated_simulator + simulator_assisted_hidden_state,Thermal boundary variables use real operating data; pressure/head and flow-based energy indicators are simulator-assisted hidden-state proxies. Pressure/head and flow are simulator-assisted hidden hydraulic states because public district-heating datasets do not provide dense distributed hydraulic measurements.
673,168.25,calibrated_simulator,74991.87282847035,76774.80016438712,426.5601496014057,0.46580077125728203,92.11074344117385,903.6063931579155,561.2007397946238,420.90055484596786,1782.927335916771,2.3774940785848595,calibrated_simulator + simulator_assisted_hidden_state,Thermal boundary variables use real operating data; pressure/head and flow-based energy indicators are simulator-assisted hidden-state proxies. Pressure/head and flow are simulator-assisted hidden hydraulic states because public district-heating datasets do not provide dense distributed hydraulic measurements.
674,168.5,calibrated_simulator,74135.68651936116,74521.75500350114,426.5214624720195,0.46317148217230353,91.07371667578386,893.4331605894397,551.7503482827952,413.81276121209646,386.06848413997795,0.5207593026593919,calibrated_simulator + simulator_assisted_hidden_state,Thermal boundary variables use real operating data; pressure/head and flow-based energy indicators are simulator-assisted hidden-state proxies. Pressure/head and flow are simulator-assisted hidden hydraulic states because public district-heating datasets do not provide dense distributed hydraulic measurements.
675,168.75,calibrated_simulator,74065.06230773331,73697.43863215734,426.690597951878,0.4604607027654129,90.01078531931667,883.0058039824964,542.1192973969584,406.58947304771874,-367.62367557597463,-0.4963523476811956,calibrated_simulator + simulator_assisted_hidden_state,Thermal boundary variables use real operating data; pressure/head and flow-based energy indicators are simulator-assisted hidden-state proxies. Pressure/head and flow are simulator-assisted hidden hydraulic states because public district-heating datasets do not provide dense distributed hydraulic measurements.
676,169.0,calibrated_simulator,73976.13640410072,73746.3386474444,426.7583289188567,0.45870381136252314,89.32527384515909,876.2809364210107,535.9378738141845,401.95340536063844,-229.79775665632042,-0.31063768375389506,calibrated_simulator + simulator_assisted_hidden_state,Thermal boundary variables use real operating data; pressure/head and flow-based energy indicators are simulator-assisted hidden-state proxies. Pressure/head and flow are simulator-assisted hidden hydraulic states because public district-heating datasets do not provide dense distributed hydraulic measurements.
677,169.25,calibrated_simulator,73221.10429520506,73595.36445438696,426.6119798064567,0.4560074079822083,88.27814372835601,866.0085899751725,526.5417765398739,394.90633240490547,374.2601591818966,0.5111370045349143,calibrated_simulator + simulator_assisted_hidden_state,Thermal boundary variables use real operating data; pressure/head and flow-based energy indicators are simulator-assisted hidden-state proxies. Pressure/head and flow are simulator-assisted hidden hydraulic states because public district-heating datasets do not provide dense distributed hydraulic measurements.
678,169.5,calibrated_simulator,73055.37270815321,73028.01830062043,426.41785655158026,0.45452731559541354,87.70608031348004,860.3966478752393,521.4317049413663,391.07377870602477,-27.354407532780897,-0.037443389197476584,calibrated_simulator + simulator_assisted_hidden_state,Thermal boundary variables use real operating data; pressure/head and flow-based energy indicators are simulator-assisted hidden-state proxies. Pressure/head and flow are simulator-assisted hidden hydraulic states because public district-heating datasets do not provide dense distributed hydraulic measurements.
679,169.75,calibrated_simulator,76082.35935147549,74351.08547859834,426.0745162140341,0.46207070740767847,90.64190338907137,889.1970722467902,547.8292269305479,410.8719201979109,-1731.273872877151,-2.27552600581067,calibrated_simulator + simulator_assisted_hidden_state,Thermal boundary variables use real operating data; pressure/head and flow-based energy indicators are simulator-assisted hidden-state proxies. Pressure/head and flow are simulator-assisted hidden hydraulic states because public district-heating datasets do not provide dense distributed hydraulic measurements.
680,170.0,calibrated_simulator,83785.04688086112,80813.53188646384,424.78013348316944,0.4902976381491932,102.05549867358958,1001.1644419879138,654.4914150741721,490.86856130562904,-2971.514994397279,-3.5465934615071006,calibrated_simulator + simulator_assisted_hidden_state,Thermal boundary variables use real operating data; pressure/head and flow-based energy indicators are simulator-assisted hidden-state proxies. Pressure/head and flow are simulator-assisted hidden hydraulic states because public district-heating datasets do not provide dense distributed hydraulic measurements.
681,170.25,calibrated_simulator,92437.51960818708,89287.2169535646,423.08825105654995,0.5228666851436252,116.06435080893729,1138.5912814356748,793.7752654102718,595.3314490577038,-3150.3026546224864,-3.408034603238605,calibrated_simulator + simulator_assisted_hidden_state,Thermal boundary variables use real operating data; pressure/head and flow-based energy indicators are simulator-assisted hidden-state proxies. Pressure/head and flow are simulator-assisted hidden hydraulic states because public district-heating datasets do not provide dense distributed hydraulic measurements.
682,170.5,calibrated_simulator,94792.3916271161,95401.66905232963,421.6868801171887,0.5396249110565468,123.62246081234139,1212.736340569069,872.563653219501,654.4227399146258,609.2774252135277,0.6427492911142452,calibrated_simulator + simulator_assisted_hidden_state,Thermal boundary variables use real operating data; pressure/head and flow-based energy indicators are simulator-assisted hidden-state proxies. Pressure/head and flow are simulator-assisted hidden hydraulic states because public district-heating datasets do not provide dense distributed hydraulic measurements.
683,170.75,calibrated_simulator,98025.25621676944,98616.62683527298,420.0096446906064,0.5611760904502867,133.69413048632325,1311.539420070831,981.3394189690472,736.0045642267853,591.3706185035408,0.6032839304146327,calibrated_simulator + simulator_assisted_hidden_state,Thermal boundary variables use real operating data; pressure/head and flow-based energy indicators are simulator-assisted hidden-state proxies. Pressure/head and flow are simulator-assisted hidden hydraulic states because public district-heating datasets do not provide dense distributed hydraulic measurements.
684,171.0,calibrated_simulator,99059.1083113356,100638.39890109711,418.39337552644326,0.5762760630015714,140.9853148723278,1383.0659388975357,1062.7037255192583,797.0277941394438,1579.2905897615128,1.5942911426154949,calibrated_simulator + simulator_assisted_hidden_state,Thermal boundary variables use real operating data; pressure/head and flow-based energy indicators are simulator-assisted hidden-state proxies. Pressure/head and flow are simulator-assisted hidden hydraulic states because public district-heating datasets do not provide dense distributed hydraulic measurements.
685,171.25,calibrated_simulator,75655.72893235128,92517.94696447183,417.1157796183844,0.5391759833202082,123.41386643106475,1210.6900296887452,870.3666496712016,652.7749872534012,16862.218032120552,22.28809142424384,calibrated_simulator + simulator_assisted_hidden_state,Thermal boundary variables use real operating data; pressure/head and flow-based energy indicators are simulator-assisted hidden-state proxies. Pressure/head and flow are simulator-assisted hidden hydraulic states because public district-heating datasets do not provide dense distributed hydraulic measurements.
686,171.5,calibrated_simulator,70143.82405091489,69778.3306356146,419.73461223517114,0.5001096367402283,106.17730614380963,1041.5993732707725,694.5518455937274,520.9138841952956,-365.49341530028323,-0.5210628594115209,calibrated_simulator + simulator_assisted_hidden_state,Thermal boundary variables use real operating data; pressure/head and flow-based energy indicators are simulator-assisted hidden-state proxies. Pressure/head and flow are simulator-assisted hidden hydraulic states because public district-heating datasets do not provide dense distributed hydraulic measurements.
687,171.75,calibrated_simulator,69416.44659698675,66153.18874748665,422.36156710497977,0.4731654257136573,95.0450054481729,932.3915034465762,588.2338968801282,441.17542266009616,-3263.2578495000926,-4.700986595360739,calibrated_simulator + simulator_assisted_hidden_state,Thermal boundary variables use real operating data; pressure/head and flow-based energy indicators are simulator-assisted hidden-state proxies. Pressure/head and flow are simulator-assisted hidden hydraulic states because public district-heating datasets do not provide dense distributed hydraulic measurements.
688,172.0,calibrated_simulator,68405.72661081626,66555.73077122465,424.5948081963996,0.45186538129243053,86.68068700902603,850.3375395585454,512.3174620531857,384.23809653988934,-1849.9958395916037,-2.704445857459957,calibrated_simulator + simulator_assisted_hidden_state,Thermal boundary variables use real operating data; pressure/head and flow-based energy indicators are simulator-assisted hidden-state proxies. Pressure/head and flow are simulator-assisted hidden hydraulic states because public district-heating datasets do not provide dense distributed hydraulic measurements.
689,172.25,calibrated_simulator,67992.29496861727,66523.1629021948,426.6166259035212,0.43681604425665355,81.00331905886453,794.642559967461,462.8168261906226,347.11261964296693,-1469.1320664224622,-2.1607331641041965,calibrated_simulator + simulator_assisted_hidden_state,Thermal boundary variables use real operating data; pressure/head and flow-based energy indicators are simulator-assisted hidden-state proxies. Pressure/head and flow are simulator-assisted hidden hydraulic states because public district-heating datasets do not provide dense distributed hydraulic measurements.
690,172.5,calibrated_simulator,67426.58877850199,66645.82576845118,428.2714615998198,0.42707860482585763,77.43240171606126,759.6118608345611,432.5519649791971,324.41397373439787,-780.7630100508104,-1.1579452916054171,calibrated_simulator + simulator_assisted_hidden_state,Thermal boundary variables use real operating data; pressure/head and flow-based energy indicators are simulator-assisted hidden-state proxies. Pressure/head and flow are simulator-assisted hidden hydraulic states because public district-heating datasets do not provide dense distributed hydraulic measurements.
691,172.75,calibrated_simulator,66658.23254566026,65945.32380699602,429.81754986761695,0.4174559903960981,73.98239564495785,725.7673012770364,403.9678767356114,302.9759075517086,-712.908738664235,-1.06949841218172,calibrated_simulator + simulator_assisted_hidden_state,Thermal boundary variables use real operating data; pressure/head and flow-based energy indicators are simulator-assisted hidden-state proxies. Pressure/head and flow are simulator-assisted hidden hydraulic states because public district-heating datasets do not provide dense distributed hydraulic measurements.
692,173.0,calibrated_simulator,66112.9544543919,65398.99275746179,431.2416249053268,0.40945891413539354,71.1750995584557,698.2277266684504,381.1940890411841,285.8955667808881,-713.9616969301132,-1.0799119519346856,calibrated_simulator + simulator_assisted_hidden_state,Thermal boundary variables use real operating data; pressure/head and flow-based energy indicators are simulator-assisted hidden-state proxies. Pressure/head and flow are simulator-assisted hidden hydraulic states because public district-heating datasets do not provide dense distributed hydraulic measurements.
693,173.25,calibrated_simulator,65425.73820540352,65280.19678825828,432.08533977886486,0.4040064099469093,69.29226318270908,679.7571018223761,366.16830179089845,274.6262263431738,-145.54141714523576,-0.22245284675017313,calibrated_simulator + simulator_assisted_hidden_state,Thermal boundary variables use real operating data; pressure/head and flow-based energy indicators are simulator-assisted hidden-state proxies. Pressure/head and flow are simulator-assisted hidden hydraulic states because public district-heating datasets do not provide dense distributed hydraulic measurements.
694,173.5,calibrated_simulator,66060.14787493141,64813.609990996745,432.21140856220114,0.4000679147049928,67.94792206672304,666.569115474553,355.56388804620804,266.672916034656,-1246.5378839346668,-1.8869741047123885,calibrated_simulator + simulator_assisted_hidden_state,Thermal boundary variables use real operating data; pressure/head and flow-based energy indicators are simulator-assisted hidden-state proxies. Pressure/head and flow are simulator-assisted hidden hydraulic states because public district-heating datasets do not provide dense distributed hydraulic measurements.
695,173.75,calibrated_simulator,65782.89416490801,65697.14409186873,431.2326465557361,0.39804967163662386,67.26419507245693,659.8617536608025,350.2103391603323,262.6577543702492,-85.7500730392785,-0.1303531474676619,calibrated_simulator + simulator_assisted_hidden_state,Thermal boundary variables use real operating data; pressure/head and flow-based energy indicators are simulator-assisted hidden-state proxies. Pressure/head and flow are simulator-assisted hidden hydraulic states because public district-heating datasets do not provide dense distributed hydraulic measurements.
696,174.0,calibrated_simulator,64293.826819187474,65133.93638858453,429.7979331619294,0.39426889551415767,65.99237883221396,647.385236344019,340.3251494740377,255.24386210552828,840.1095693970565,1.3066722124966732,calibrated_simulator + simulator_assisted_hidden_state,Thermal boundary variables use real operating data; pressure/head and flow-based energy indicators are simulator-assisted hidden-state proxies. Pressure/head and flow are simulator-assisted hidden hydraulic states because public district-heating datasets do not provide dense distributed hydraulic measurements.
697,174.25,calibrated_simulator,63422.03851529695,63591.84328238732,428.58260571385944,0.3900046117126777,64.5725630629084,633.4568436471314,329.4014537911172,247.05109034333788,169.80476709037612,0.26773779440946294,calibrated_simulator + simulator_assisted_hidden_state,Thermal boundary variables use real operating data; pressure/head and flow-based energy indicators are simulator-assisted hidden-state proxies. Pressure/head and flow are simulator-assisted hidden hydraulic states because public district-heating datasets do not provide dense distributed hydraulic measurements.
698,174.5,calibrated_simulator,62554.40726784697,62675.86141977927,427.6517271071236,0.38561932147260425,63.12858132988316,619.2913828461539,318.4142971292862,238.8107228469646,121.45415193230292,0.19415762571653442,calibrated_simulator + simulator_assisted_hidden_state,Thermal boundary variables use real operating data; pressure/head and flow-based energy indicators are simulator-assisted hidden-state proxies. Pressure/head and flow are simulator-assisted hidden hydraulic states because public district-heating datasets do not provide dense distributed hydraulic measurements.
699,174.75,calibrated_simulator,62425.1021710742,62243.85760350073,426.865625117326,0.38393728333031774,62.57920766430952,613.9020271868764,314.26650206547225,235.69987654910418,-181.2445675734707,-0.2903392405778931,calibrated_simulator + simulator_assisted_hidden_state,Thermal boundary variables use real operating data; pressure/head and flow-based energy indicators are simulator-assisted hidden-state proxies. Pressure/head and flow are simulator-assisted hidden hydraulic states because public district-heating datasets do not provide dense distributed hydraulic measurements.
700,175.0,calibrated_simulator,62697.7593105493,62094.691342947604,426.3520123607515,0.3818583358680772,61.903310391637675,607.2714749419655,309.18889978865565,231.89167484149172,-603.0679676016953,-0.9618652631821011,calibrated_simulator + simulator_assisted_hidden_state,Thermal boundary variables use real operating data; pressure/head and flow-based energy indicators are simulator-assisted hidden-state proxies. Pressure/head and flow are simulator-assisted hidden hydraulic states because public district-heating datasets do not provide dense distributed hydraulic measurements.
701,175.25,calibrated_simulator,62434.26539425347,62499.29086476496,425.78272794129765,0.3803878363844145,61.42749398796089,602.6037160218964,305.63083164636964,229.22312373477723,65.02547051149304,0.10415029327385675,calibrated_simulator + simulator_assisted_hidden_state,Thermal boundary variables use real operating data; pressure/head and flow-based energy indicators are simulator-assisted hidden-state proxies. Pressure/head and flow are simulator-assisted hidden hydraulic states because public district-heating datasets do not provide dense distributed hydraulic measurements.
702,175.5,calibrated_simulator,62015.91698204769,62179.85474551297,425.2842666617564,0.3785148108611576,60.82402356370085,596.6836711599053,301.138142577377,225.85360693303275,163.93776346527738,0.2643478826778195,calibrated_simulator + simulator_assisted_hidden_state,Thermal boundary variables use real operating data; pressure/head and flow-based energy indicators are simulator-assisted hidden-state proxies. Pressure/head and flow are simulator-assisted hidden hydraulic states because public district-heating datasets do not provide dense distributed hydraulic measurements.
703,175.75,calibrated_simulator,61817.25152640417,61699.505729957054,424.9398778360506,0.37632849333045365,60.123389954515474,589.8104554537967,295.949973401968,221.962480051476,-117.74579644711775,-0.19047400772391937,calibrated_simulator + simulator_assisted_hidden_state,Thermal boundary variables use real operating data; pressure/head and flow-based energy indicators are simulator-assisted hidden-state proxies. Pressure/head and flow are simulator-assisted hidden hydraulic states because public district-heating datasets do not provide dense distributed hydraulic measurements.
704,176.0,calibrated_simulator,61440.02067026596,61610.46610445299,424.5863629848364,0.37502129142175816,59.70647823831,585.720551517821,292.8769035233036,219.6576776424777,170.4454341870296,0.27741760554048295,calibrated_simulator + simulator_assisted_hidden_state,Thermal boundary variables use real operating data; pressure/head and flow-based energy indicators are simulator-assisted hidden-state proxies. Pressure/head and flow are simulator-assisted hidden hydraulic states because public district-heating datasets do not provide dense distributed hydraulic measurements.
705,176.25,calibrated_simulator,61688.64167073628,61354.23174793145,424.3838271796502,0.37464790398908954,59.58769645077912,584.5553021821432,292.0032249709984,219.00241872824878,-334.40992280482897,-0.5420931856300957,calibrated_simulator + simulator_assisted_hidden_state,Thermal boundary variables use real operating data; pressure/head and flow-based energy indicators are simulator-assisted hidden-state proxies. Pressure/head and flow are simulator-assisted hidden hydraulic states because public district-heating datasets do not provide dense distributed hydraulic measurements.
706,176.5,calibrated_simulator,59261.24180808811,61417.12008828354,423.79857029890275,0.37323969329093937,59.140529248321,580.1685919260291,288.72259641000966,216.54194730750726,2155.8782801954294,3.6379228892587774,calibrated_simulator + simulator_assisted_hidden_state,Thermal boundary variables use real operating data; pressure/head and flow-based energy indicators are simulator-assisted hidden-state proxies. Pressure/head and flow are simulator-assisted hidden hydraulic states because public district-heating datasets do not provide dense distributed hydraulic measurements.
707,176.75,calibrated_simulator,59858.01453875506,59041.75686018762,423.7988467731974,0.37215685769318935,58.79788998649498,576.8073007675158,286.2170567308387,214.662792548129,-816.2576785674391,-1.363656454122703,calibrated_simulator + simulator_assisted_hidden_state,Thermal boundary variables use real operating data; pressure/head and flow-based energy indicators are simulator-assisted hidden-state proxies. Pressure/head and flow are simulator-assisted hidden hydraulic states because public district-heating datasets do not provide dense distributed hydraulic measurements.
708,177.0,calibrated_simulator,60311.77476055557,59664.489314983744,423.7693049524673,0.37119667872868867,58.49488626269466,573.8348342370347,284.0074461434865,213.00558460761488,-647.2854455718261,-1.0732322969132,calibrated_simulator + simulator_assisted_hidden_state,Thermal boundary variables use real operating data; pressure/head and flow-based energy indicators are simulator-assisted hidden-state proxies. Pressure/head and flow are simulator-assisted hidden hydraulic states because public district-heating datasets do not provide dense distributed hydraulic measurements.
709,177.25,calibrated_simulator,60491.26885644199,60247.99560486058,423.5811666470007,0.37089282659367356,58.399196988994106,572.8961224620322,283.310749605998,212.48306220449848,-243.27325158140593,-0.4021625867341988,calibrated_simulator + simulator_assisted_hidden_state,Thermal boundary variables use real operating data; pressure/head and flow-based energy indicators are simulator-assisted hidden-state proxies. Pressure/head and flow are simulator-assisted hidden hydraulic states because public district-heating datasets do not provide dense distributed hydraulic measurements.
710,177.5,calibrated_simulator,60594.21758320829,60498.58882650401,423.37307602557723,0.3709556203831959,58.41899352054156,573.0903264365128,283.4547701051531,212.59107757886483,-95.62875670427456,-0.15781828781427315,calibrated_simulator + simulator_assisted_hidden_state,Thermal boundary variables use real operating data; pressure/head and flow-based energy indicators are simulator-assisted hidden-state proxies. Pressure/head and flow are simulator-assisted hidden hydraulic states because public district-heating datasets do not provide dense distributed hydraulic measurements.
711,177.75,calibrated_simulator,60764.09621491962,60592.04388245525,423.197227514373,0.3709853491557984,58.42835557709917,573.1821682113429,283.52291573835015,212.6421868037626,-172.05233246437274,-0.28314801532772266,calibrated_simulator + simulator_assisted_hidden_state,Thermal boundary variables use real operating data; pressure/head and flow-based energy indicators are simulator-assisted hidden-state proxies. Pressure/head and flow are simulator-assisted hidden hydraulic states because public district-heating datasets do not provide dense distributed hydraulic measurements.
712,178.0,calibrated_simulator,60947.7371058826,60545.095983050815,423.0722930218126,0.3697555312985149,58.04154725076785,569.3875785300327,280.71227548552946,210.53420661414708,-402.6411228317884,-0.6606334245556854,calibrated_simulator + simulator_assisted_hidden_state,Thermal boundary variables use real operating data; pressure/head and flow-based energy indicators are simulator-assisted hidden-state proxies. Pressure/head and flow are simulator-assisted hidden hydraulic states because public district-heating datasets do not provide dense distributed hydraulic measurements.
713,178.25,calibrated_simulator,60957.96621072423,60874.84388802048,422.8423375715034,0.3695317894725883,57.9713815683547,568.6992531855597,280.20327026851254,210.15245270138442,-83.12232270375534,-0.1363600655842284,calibrated_simulator + simulator_assisted_hidden_state,Thermal boundary variables use real operating data; pressure/head and flow-based energy indicators are simulator-assisted hidden-state proxies. Pressure/head and flow are simulator-assisted hidden hydraulic states because public district-heating datasets do not provide dense distributed hydraulic measurements.
714,178.5,calibrated_simulator,60921.21594689502,60755.87976472293,422.61527652403163,0.368792027729646,57.73948059538688,566.4243046407453,278.5236904850869,208.89276786381515,-165.33618217209005,-0.27139343757717094,calibrated_simulator + simulator_assisted_hidden_state,Thermal boundary variables use real operating data; pressure/head and flow-based energy indicators are simulator-assisted hidden-state proxies. Pressure/head and flow are simulator-assisted hidden hydraulic states because public district-heating datasets do not provide dense distributed hydraulic measurements.
715,178.75,calibrated_simulator,61023.02239845291,60670.47553656313,422.40983385281135,0.36800744738723584,57.494065501266405,564.0167825674234,276.74983524826547,207.56237643619912,-352.5468618897794,-0.5777276313647771,calibrated_simulator + simulator_assisted_hidden_state,Thermal boundary variables use real operating data; pressure/head and flow-based energy indicators are simulator-assisted hidden-state proxies. Pressure/head and flow are simulator-assisted hidden hydraulic states because public district-heating datasets do not provide dense distributed hydraulic measurements.
716,179.0,calibrated_simulator,61615.00644972896,61009.03322449129,422.1282487982089,0.36849355775736836,57.6461272669934,565.5085084892053,277.8483229803336,208.3862422352502,-605.9732252376634,-0.9834831807281732,calibrated_simulator + simulator_assisted_hidden_state,Thermal boundary variables use real operating data; pressure/head and flow-based energy indicators are simulator-assisted hidden-state proxies. Pressure/head and flow are simulator-assisted hidden hydraulic states because public district-heating datasets do not provide dense distributed hydraulic measurements.
717,179.25,calibrated_simulator,61775.260026988064,61840.32965318992,421.5381428033982,0.3699745493095677,58.110478021072524,570.0637893867214,281.2121247414088,210.90909355605658,65.06962620185368,0.10533282445662939,calibrated_simulator + simulator_assisted_hidden_state,Thermal boundary variables use real operating data; pressure/head and flow-based energy indicators are simulator-assisted hidden-state proxies. Pressure/head and flow are simulator-assisted hidden hydraulic states because public district-heating datasets do not provide dense distributed hydraulic measurements.
718,179.5,calibrated_simulator,63399.243530768,62159.71495934924,421.07226888331957,0.37209484959270545,58.77847595524423,576.6168491209459,286.07487966170413,214.5561597462781,-1239.5285714187557,-1.955115711778494,calibrated_simulator + simulator_assisted_hidden_state,Thermal boundary variables use real operating data; pressure/head and flow-based energy indicators are simulator-assisted hidden-state proxies. Pressure/head and flow are simulator-assisted hidden hydraulic states because public district-heating datasets do not provide dense distributed hydraulic measurements.
719,179.75,calibrated_simulator,65137.202171868965,63810.58368526939,420.63462995993524,0.3742294799681742,59.45480950182464,583.2516812128997,291.02663113448904,218.2699733508668,-1326.6184865995747,-2.0366525462656515,calibrated_simulator + simulator_assisted_hidden_state,Thermal boundary variables use real operating data; pressure/head and flow-based energy indicators are simulator-assisted hidden-state proxies. Pressure/head and flow are simulator-assisted hidden hydraulic states because public district-heating datasets do not provide dense distributed hydraulic measurements.
720,180.0,calibrated_simulator,63020.6554540912,65288.531899078895,419.57277953007275,0.37481086594037255,59.639598936785205,585.0644655698628,292.38469196157547,219.2885189711816,2267.876444987698,3.5986240204051563,calibrated_simulator + simulator_assisted_hidden_state,Thermal boundary variables use real operating data; pressure/head and flow-based energy indicators are simulator-assisted hidden-state proxies. Pressure/head and flow are simulator-assisted hidden hydraulic states because public district-heating datasets do not provide dense distributed hydraulic measurements.
721,180.25,calibrated_simulator,63123.60217263576,63312.16984507471,418.885427936321,0.3762655226607793,60.10347310042809,589.6150711151996,295.8024305357775,221.85182290183312,188.56767243895592,0.2987276802157854,calibrated_simulator + simulator_assisted_hidden_state,Thermal boundary variables use real operating data; pressure/head and flow-based energy indicators are simulator-assisted hidden-state proxies. Pressure/head and flow are simulator-assisted hidden hydraulic states because public district-heating datasets do not provide dense distributed hydraulic measurements.
722,180.5,calibrated_simulator,66008.44037116745,63579.57851189014,418.738106454384,0.37876401465102505,60.904382671484456,597.4719940072625,301.7345214556585,226.30089109174392,-2428.8618592773128,-3.679623159734951,calibrated_simulator + simulator_assisted_hidden_state,Thermal boundary variables use real operating data; pressure/head and flow-based energy indicators are simulator-assisted hidden-state proxies. Pressure/head and flow are simulator-assisted hidden hydraulic states because public district-heating datasets do not provide dense distributed hydraulic measurements.
723,180.75,calibrated_simulator,65722.20835575025,66508.72691651875,418.0384720080049,0.38145656095528363,61.7733797607858,605.9968554533086,308.21530190791367,231.16147643093524,786.518560768498,1.1967317904339454,calibrated_simulator + simulator_assisted_hidden_state,Thermal boundary variables use real operating data; pressure/head and flow-based energy indicators are simulator-assisted hidden-state proxies. Pressure/head and flow are simulator-assisted hidden hydraulic states because public district-heating datasets do not provide dense distributed hydraulic measurements.
724,181.0,calibrated_simulator,65823.25044893923,66354.58326022919,417.3872273434913,0.38494471102866973,62.90833419424847,617.1307584455775,316.74829530231546,237.5612214767366,531.3328112899617,0.8072114452964155,calibrated_simulator + simulator_assisted_hidden_state,Thermal boundary variables use real operating data; pressure/head and flow-based energy indicators are simulator-assisted hidden-state proxies. Pressure/head and flow are simulator-assisted hidden hydraulic states because public district-heating datasets do not provide dense distributed hydraulic measurements.
725,181.25,calibrated_simulator,67192.03438954387,66242.46096830603,417.1246812069332,0.3872904365015371,63.67728939282836,624.6742089436461,322.5737960707162,241.9303470530371,-949.5734212378447,-1.413223204007666,calibrated_simulator + simulator_assisted_hidden_state,Thermal boundary variables use real operating data; pressure/head and flow-based energy indicators are simulator-assisted hidden-state proxies. Pressure/head and flow are simulator-assisted hidden hydraulic states because public district-heating datasets do not provide dense distributed hydraulic measurements.
726,181.5,calibrated_simulator,67825.72397743352,67800.62351577028,416.72901904441574,0.39069048330464956,64.80030715903273,635.6910132301111,331.1445722550593,248.35842919129448,-25.10046166324173,-0.03700728896250776,calibrated_simulator + simulator_assisted_hidden_state,Thermal boundary variables use real operating data; pressure/head and flow-based energy indicators are simulator-assisted hidden-state proxies. Pressure/head and flow are simulator-assisted hidden hydraulic states because public district-heating datasets do not provide dense distributed hydraulic measurements.
727,181.75,calibrated_simulator,68035.55623600572,68450.67318126214,416.3700648918703,0.3938613846846216,65.85641749815358,646.0514556568866,339.2729612033824,254.4547209025368,415.1169452564209,0.6101470587180017,calibrated_simulator + simulator_assisted_hidden_state,Thermal boundary variables use real operating data; pressure/head and flow-based energy indicators are simulator-assisted hidden-state proxies. Pressure/head and flow are simulator-assisted hidden hydraulic states because public district-heating datasets do not provide dense distributed hydraulic measurements.
728,182.0,calibrated_simulator,67857.53385349561,68368.6988637216,416.1927201630523,0.3953453314315199,66.35351015725824,650.9279346427033,343.12176007913905,257.34132005935425,511.1650102259882,0.7532914640393406,calibrated_simulator + simulator_assisted_hidden_state,Thermal boundary variables use real operating data; pressure/head and flow-based energy indicators are simulator-assisted hidden-state proxies. Pressure/head and flow are simulator-assisted hidden hydraulic states because public district-heating datasets do not provide dense distributed hydraulic measurements.
729,182.25,calibrated_simulator,68844.42471187635,68569.92706848524,416.1909243446962,0.39960059390489894,67.78972904275096,665.0172419093869,354.3217130986518,265.74128482398885,-274.497643391107,-0.3987216750520008,calibrated_simulator + simulator_assisted_hidden_state,Thermal boundary variables use real operating data; pressure/head and flow-based energy indicators are simulator-assisted hidden-state proxies. Pressure/head and flow are simulator-assisted hidden hydraulic states because public district-heating datasets do not provide dense distributed hydraulic measurements.
730,182.5,calibrated_simulator,71047.03898357214,70299.14780981312,416.05571733135656,0.40819099858533303,70.73590437665075,693.919221934944,377.66877351890946,283.2515801391821,-747.8911737590242,-1.05267043420621,calibrated_simulator + simulator_assisted_hidden_state,Thermal boundary variables use real operating data; pressure/head and flow-based energy indicators are simulator-assisted hidden-state proxies. Pressure/head and flow are simulator-assisted hidden hydraulic states because public district-heating datasets do not provide dense distributed hydraulic measurements.
731,182.75,calibrated_simulator,71950.11396713713,72295.89249235495,415.80610930170394,0.4150797131706948,73.14344673532665,717.5372124735544,397.1135204570971,297.8351403428228,345.7785252178146,0.4805809277463372,calibrated_simulator + simulator_assisted_hidden_state,Thermal boundary variables use real operating data; pressure/head and flow-based energy indicators are simulator-assisted hidden-state proxies. Pressure/head and flow are simulator-assisted hidden hydraulic states because public district-heating datasets do not provide dense distributed hydraulic measurements.
732,183.0,calibrated_simulator,72787.58335753279,73354.05226422576,415.5880574771652,0.4229177569939598,75.93193449533015,744.8922773991889,420.03756154638324,315.02817115978746,566.4689066929714,0.7782493669428132,calibrated_simulator + simulator_assisted_hidden_state,Thermal boundary variables use real operating data; pressure/head and flow-based energy indicators are simulator-assisted hidden-state proxies. Pressure/head and flow are simulator-assisted hidden hydraulic states because public district-heating datasets do not provide dense distributed hydraulic measurements.
733,183.25,calibrated_simulator,72137.8335458678,74171.0521896632,415.16715005870793,0.43077795527378343,78.78063585502004,772.8380377377466,443.89545287262604,332.9215896544695,2033.2186437953933,2.818519137399102,calibrated_simulator + simulator_assisted_hidden_state,Thermal boundary variables use real operating data; pressure/head and flow-based energy indicators are simulator-assisted hidden-state proxies. Pressure/head and flow are simulator-assisted hidden hydraulic states because public district-heating datasets do not provide dense distributed hydraulic measurements.
734,183.5,calibrated_simulator,72900.73434686058,73059.62113123293,415.29405406111584,0.43604252425382306,80.71781502323682,791.8417653779533,460.36890958000834,345.2766821850063,158.88678437234194,0.21794949776001027,calibrated_simulator + simulator_assisted_hidden_state,Thermal boundary variables use real operating data; pressure/head and flow-based energy indicators are simulator-assisted hidden-state proxies. Pressure/head and flow are simulator-assisted hidden hydraulic states because public district-heating datasets do not provide dense distributed hydraulic measurements.
735,183.75,calibrated_simulator,73137.16500481419,73314.4738595505,415.6941854514205,0.43847168156575145,81.6195040388585,800.6873346212019,468.1049626930105,351.0787220197579,177.30885473631497,0.24243331652880418,calibrated_simulator + simulator_assisted_hidden_state,Thermal boundary variables use real operating data; pressure/head and flow-based energy indicators are simulator-assisted hidden-state proxies. Pressure/head and flow are simulator-assisted hidden hydraulic states because public district-heating datasets do not provide dense distributed hydraulic measurements.
736,184.0,calibrated_simulator,73746.35572011874,73404.4910161992,416.2652711210429,0.4402996211577431,82.3014132661134,807.3768641405725,473.983636550161,355.48772741262076,-341.8647039195348,-0.46356826799276096,calibrated_simulator + simulator_assisted_hidden_state,Thermal boundary variables use real operating data; pressure/head and flow-based energy indicators are simulator-assisted hidden-state proxies. Pressure/head and flow are simulator-assisted hidden hydraulic states because public district-heating datasets do not provide dense distributed hydraulic measurements.
737,184.25,calibrated_simulator,75092.79819393964,74507.46437341144,416.63273430878854,0.445413667147729,84.22454552279086,826.2427915785784,490.69310900185513,368.01983175139134,-585.3338205282053,-0.7794806354352162,calibrated_simulator + simulator_assisted_hidden_state,Thermal boundary variables use real operating data; pressure/head and flow-based energy indicators are simulator-assisted hidden-state proxies. Pressure/head and flow are simulator-assisted hidden hydraulic states because public district-heating datasets do not provide dense distributed hydraulic measurements.
738,184.5,calibrated_simulator,74531.31237292677,75224.46755954073,416.8657660694299,0.44702684144898186,84.83553323826632,832.2365810673926,496.0427868971414,372.03209017285604,693.1551866139635,0.9300187592909603,calibrated_simulator + simulator_assisted_hidden_state,Thermal boundary variables use real operating data; pressure/head and flow-based energy indicators are simulator-assisted hidden-state proxies. Pressure/head and flow are simulator-assisted hidden hydraulic states because public district-heating datasets do not provide dense distributed hydraulic measurements.
739,184.75,calibrated_simulator,74829.10299948064,74616.54413904129,417.3370002270723,0.44806216580790176,85.22891783361428,836.095683947756,499.49712396302726,374.62284297227046,-212.55886043935607,-0.2840590785123154,calibrated_simulator + simulator_assisted_hidden_state,Thermal boundary variables use real operating data; pressure/head and flow-based energy indicators are simulator-assisted hidden-state proxies. Pressure/head and flow are simulator-assisted hidden hydraulic states because public district-heating datasets do not provide dense distributed hydraulic measurements.
740,185.0,calibrated_simulator,74992.82786585268,74912.63396358812,417.81163678637034,0.4492586042410919,85.68469938062782,840.5669009239589,503.509216907144,377.63191268035797,-80.19390226456744,-0.10693542908932366,calibrated_simulator + simulator_assisted_hidden_state,Thermal boundary variables use real operating data; pressure/head and flow-based energy indicators are simulator-assisted hidden-state proxies. Pressure/head and flow are simulator-assisted hidden hydraulic states because public district-heating datasets do not provide dense distributed hydraulic measurements.
741,185.25,calibrated_simulator,74654.33945886401,74737.24126883355,418.3116669728403,0.44889434273569734,85.54572180109027,839.2035308686955,502.2849565477061,376.71371741077957,82.90180996953859,0.11104754334504441,calibrated_simulator + simulator_assisted_hidden_state,Thermal boundary variables use real operating data; pressure/head and flow-based energy indicators are simulator-assisted hidden-state proxies. Pressure/head and flow are simulator-assisted hidden hydraulic states because public district-heating datasets do not provide dense distributed hydraulic measurements.
742,185.5,calibrated_simulator,73667.43011583097,74146.68463717622,418.7616261375502,0.44609363290000487,84.4814545719968,828.7630693512888,492.94123789370013,369.7059284202751,479.25452134525403,0.6505650062608378,calibrated_simulator + simulator_assisted_hidden_state,Thermal boundary variables use real operating data; pressure/head and flow-based energy indicators are simulator-assisted hidden-state proxies. Pressure/head and flow are simulator-assisted hidden hydraulic states because public district-heating datasets do not provide dense distributed hydraulic measurements.
743,185.75,calibrated_simulator,73914.83675968176,73467.71632436337,419.11901393450626,0.4441059106794842,83.73030386476616,821.3942809133559,486.38140686926135,364.786055151946,-447.1204353183857,-0.6049129713593252,calibrated_simulator + simulator_assisted_hidden_state,Thermal boundary variables use real operating data; pressure/head and flow-based energy indicators are simulator-assisted hidden-state proxies. Pressure/head and flow are simulator-assisted hidden hydraulic states because public district-heating datasets do not provide dense distributed hydraulic measurements.
744,186.0,calibrated_simulator,73471.05106673142,73799.50630571647,419.14825060565954,0.44278565288405114,83.23324594288994,816.5181426997502,482.0566918759756,361.54251890698174,328.45523898504325,0.4470539541985289,calibrated_simulator + simulator_assisted_hidden_state,Thermal boundary variables use real operating data; pressure/head and flow-based energy indicators are simulator-assisted hidden-state proxies. Pressure/head and flow are simulator-assisted hidden hydraulic states because public district-heating datasets do not provide dense distributed hydraulic measurements.
745,186.25,calibrated_simulator,72753.71282540982,73083.57463075095,419.1447575288968,0.44045186595225433,82.35810744335227,807.9330340192857,474.47414986434745,355.85561239826063,329.86180534113373,0.45339514992549884,calibrated_simulator + simulator_assisted_hidden_state,Thermal boundary variables use real operating data; pressure/head and flow-based energy indicators are simulator-assisted hidden-state proxies. Pressure/head and flow are simulator-assisted hidden hydraulic states because public district-heating datasets do not provide dense distributed hydraulic measurements.
746,186.5,calibrated_simulator,72275.96871484528,72506.32008196574,419.1993076652275,0.4388957458600678,81.77723398648452,802.2346654074131,469.463175771718,352.0973818287885,230.35136712045642,0.3187108678256192,calibrated_simulator + simulator_assisted_hidden_state,Thermal boundary variables use real operating data; pressure/head and flow-based energy indicators are simulator-assisted hidden-state proxies. Pressure/head and flow are simulator-assisted hidden hydraulic states because public district-heating datasets do not provide dense distributed hydraulic measurements.
747,186.75,calibrated_simulator,72437.72281880477,72315.3942673564,419.3206481019348,0.4388362309049228,81.75514036773926,802.0179270075221,469.2726989415474,351.9545242061605,-122.32855144837231,-0.16887409858860986,calibrated_simulator + simulator_assisted_hidden_state,Thermal boundary variables use real operating data; pressure/head and flow-based energy indicators are simulator-assisted hidden-state proxies. Pressure/head and flow are simulator-assisted hidden hydraulic states because public district-heating datasets do not provide dense distributed hydraulic measurements.
748,187.0,calibrated_simulator,71541.89826798052,72096.35546165543,419.4937103311177,0.436525898984503,80.89645212936897,793.5941953891096,461.89922609481914,346.42441957111436,554.4571936749126,0.7750104583443335,calibrated_simulator + simulator_assisted_hidden_state,Thermal boundary variables use real operating data; pressure/head and flow-based energy indicators are simulator-assisted hidden-state proxies. Pressure/head and flow are simulator-assisted hidden hydraulic states because public district-heating datasets do not provide dense distributed hydraulic measurements.
749,187.25,calibrated_simulator,70537.68659446975,71076.67994805619,419.7944662523909,0.4334013435180135,79.74247200829193,782.2736504013438,452.0512681102443,339.03845108268325,538.9933535864402,0.7641211097341233,calibrated_simulator + simulator_assisted_hidden_state,Thermal boundary variables use real operating data; pressure/head and flow-based energy indicators are simulator-assisted hidden-state proxies. Pressure/head and flow are simulator-assisted hidden hydraulic states because public district-heating datasets do not provide dense distributed hydraulic measurements.
750,187.5,calibrated_simulator,68889.40107607556,69806.23253651055,420.2041920695514,0.4284564049841814,77.93308738013485,764.5235871991229,436.75337026259535,327.5650276969465,916.8314604349871,1.3308744830318917,calibrated_simulator + simulator_assisted_hidden_state,Thermal boundary variables use real operating data; pressure/head and flow-based energy indicators are simulator-assisted hidden-state proxies. Pressure/head and flow are simulator-assisted hidden hydraulic states because public district-heating datasets do not provide dense distributed hydraulic measurements.
751,187.75,calibrated_simulator,69165.22001804503,68657.84349282297,420.7513412067591,0.4266130576436948,77.26411704872866,757.9609882480282,431.1414063615039,323.35605477112796,-507.3765252220619,-0.7335717649559832,calibrated_simulator + simulator_assisted_hidden_state,Thermal boundary variables use real operating data; pressure/head and flow-based energy indicators are simulator-assisted hidden-state proxies. Pressure/head and flow are simulator-assisted hidden hydraulic states because public district-heating datasets do not provide dense distributed hydraulic measurements.
752,188.0,calibrated_simulator,69164.67211037749,68892.92857511729,421.2286723368883,0.42485685858355116,76.62929811701864,751.7334145279527,425.8387959848433,319.37909698863245,-271.7435352602042,-0.39289354950824923,calibrated_simulator + simulator_assisted_hidden_state,Thermal boundary variables use real operating data; pressure/head and flow-based energy indicators are simulator-assisted hidden-state proxies. Pressure/head and flow are simulator-assisted hidden hydraulic states because public district-heating datasets do not provide dense distributed hydraulic measurements.
753,188.25,calibrated_simulator,67509.40432668594,68331.70763183924,421.6634556216392,0.4199410914102454,74.86611455750239,734.4365838090984,411.2268007685398,308.4201005764049,822.3033051532984,1.2180574148959693,calibrated_simulator + simulator_assisted_hidden_state,Thermal boundary variables use real operating data; pressure/head and flow-based energy indicators are simulator-assisted hidden-state proxies. Pressure/head and flow are simulator-assisted hidden hydraulic states because public district-heating datasets do not provide dense distributed hydraulic measurements.
754,188.5,calibrated_simulator,66254.65679003381,66470.41215711586,422.2685734369427,0.4138193463424385,72.69920849066645,713.1792352934378,393.5031532988408,295.12736497413056,215.7553670820489,0.3256455886048803,calibrated_simulator + simulator_assisted_hidden_state,Thermal boundary variables use real operating data; pressure/head and flow-based energy indicators are simulator-assisted hidden-state proxies. Pressure/head and flow are simulator-assisted hidden hydraulic states because public district-heating datasets do not provide dense distributed hydraulic measurements.
755,188.75,calibrated_simulator,63940.617553744734,65460.55020739617,422.48456471767554,0.4091286526994764,71.06051198827964,697.1036226050234,380.27342121108995,285.20506590831747,1519.9326536514345,2.3771003656226317,calibrated_simulator + simulator_assisted_hidden_state,Thermal boundary variables use real operating data; pressure/head and flow-based energy indicators are simulator-assisted hidden-state proxies. Pressure/head and flow are simulator-assisted hidden hydraulic states because public district-heating datasets do not provide dense distributed hydraulic measurements.
756,189.0,calibrated_simulator,66859.85396828564,63814.71352932485,423.3049546983635,0.4083975320710841,70.80698500757848,694.6165229243448,378.23956493080004,283.67967369810003,-3045.140438960785,-4.554512548599373,calibrated_simulator + simulator_assisted_hidden_state,Thermal boundary variables use real operating data; pressure/head and flow-based energy indicators are simulator-assisted hidden-state proxies. Pressure/head and flow are simulator-assisted hidden hydraulic states because public district-heating datasets do not provide dense distributed hydraulic measurements.
757,189.25,calibrated_simulator,68353.41874114519,66840.36442463365,423.66058461305397,0.4083055848452702,70.77514090888775,694.3041323161888,377.98433974113243,283.48825480584935,-1513.0543165115378,-2.213575186694734,calibrated_simulator + simulator_assisted_hidden_state,Thermal boundary variables use real operating data; pressure/head and flow-based energy indicators are simulator-assisted hidden-state proxies. Pressure/head and flow are simulator-assisted hidden hydraulic states because public district-heating datasets do not provide dense distributed hydraulic measurements.
758,189.5,calibrated_simulator,68306.59156336916,68309.25890424348,423.6354323702063,0.4081965308485269,70.73733845840546,693.9332902769576,377.6815489751438,283.26116173135784,2.66734087432269,0.003904953845996185,calibrated_simulator + simulator_assisted_hidden_state,Thermal boundary variables use real operating data; pressure/head and flow-based energy indicators are simulator-assisted hidden-state proxies. Pressure/head and flow are simulator-assisted hidden hydraulic states because public district-heating datasets do not provide dense distributed hydraulic measurements.
759,189.75,calibrated_simulator,66970.16085762063,67688.21111809798,423.55558269081314,0.40476845505577863,69.55402427742551,682.3249781615443,368.24483634188823,276.1836272564162,718.0502604773501,1.0721943195028807,calibrated_simulator + simulator_assisted_hidden_state,Thermal boundary variables use real operating data; pressure/head and flow-based energy indicators are simulator-assisted hidden-state proxies. Pressure/head and flow are simulator-assisted hidden hydraulic states because public district-heating datasets do not provide dense distributed hydraulic measurements.
760,190.0,calibrated_simulator,65541.16037399409,66344.4212500467,423.4515558740146,0.401167527223998,68.32197385503069,670.238563517851,358.5039295688278,268.8779471766208,803.2608760526055,1.2255823233354428,calibrated_simulator + simulator_assisted_hidden_state,Thermal boundary variables use real operating data; pressure/head and flow-based energy indicators are simulator-assisted hidden-state proxies. Pressure/head and flow are simulator-assisted hidden hydraulic states because public district-heating datasets do not provide dense distributed hydraulic measurements.
761,190.25,calibrated_simulator,65455.95616340954,65110.55656984302,423.4233493891741,0.398503226496398,67.41753418195701,661.3660103249983,351.40865201274914,263.5564890095619,-345.39959356651525,-0.5276824506302097,calibrated_simulator + simulator_assisted_hidden_state,Thermal boundary variables use real operating data; pressure/head and flow-based energy indicators are simulator-assisted hidden-state proxies. Pressure/head and flow are simulator-assisted hidden hydraulic states because public district-heating datasets do not provide dense distributed hydraulic measurements.
762,190.5,calibrated_simulator,65460.90378257914,65191.62396121281,423.2787069991995,0.39689473930469615,66.87445230242344,656.0383770867738,347.17090753030806,260.3781806477311,-269.27982136632636,-0.4113597671378145,calibrated_simulator + simulator_assisted_hidden_state,Thermal boundary variables use real operating data; pressure/head and flow-based energy indicators are simulator-assisted hidden-state proxies. Pressure/head and flow are simulator-assisted hidden hydraulic states because public district-heating datasets do not provide dense distributed hydraulic measurements.
763,190.75,calibrated_simulator,66060.62315295824,65406.861583786056,423.0719260989223,0.3969902950433081,66.90675206185661,656.3552377268132,347.422212637851,260.56665947838826,-653.7615691721876,-0.9896388165434853,calibrated_simulator + simulator_assisted_hidden_state,Thermal boundary variables use real operating data; pressure/head and flow-based energy indicators are simulator-assisted hidden-state proxies. Pressure/head and flow are simulator-assisted hidden hydraulic states because public district-heating datasets do not provide dense distributed hydraulic measurements.
764,191.0,calibrated_simulator,66392.43656036121,66156.11422173778,422.63589389453256,0.39777937532868796,67.17303016630551,658.9674259314571,349.4982013986246,262.12365104896844,-236.32233862343128,-0.35594768149317274,calibrated_simulator + simulator_assisted_hidden_state,Thermal boundary variables use real operating data; pressure/head and flow-based energy indicators are simulator-assisted hidden-state proxies. Pressure/head and flow are simulator-assisted hidden hydraulic states because public district-heating datasets do not provide dense distributed hydraulic measurements.
765,191.25,calibrated_simulator,66994.59369151274,66596.64547434676,422.13595156553293,0.39843868704763163,67.39588338177404,661.1536159752034,351.2389049146054,263.42917868595407,-397.94821716597653,-0.5940004935299591,calibrated_simulator + simulator_assisted_hidden_state,Thermal boundary variables use real operating data; pressure/head and flow-based energy indicators are simulator-assisted hidden-state proxies. Pressure/head and flow are simulator-assisted hidden hydraulic states because public district-heating datasets do not provide dense distributed hydraulic measurements.
766,191.5,calibrated_simulator,66440.66687504365,67139.51214145201,421.56440758227427,0.398349206153338,67.3655738204725,660.8562791788353,351.002098923117,263.2515741923377,698.8452664083597,1.0518336122704677,calibrated_simulator + simulator_assisted_hidden_state,Thermal boundary variables use real operating data; pressure/head and flow-based energy indicators are simulator-assisted hidden-state proxies. Pressure/head and flow are simulator-assisted hidden hydraulic states because public district-heating datasets do not provide dense distributed hydraulic measurements.
767,191.75,calibrated_simulator,66808.83976896846,66649.87572167313,421.3014333654719,0.39877745464456543,67.51052424650854,662.2782428582487,352.1355092713171,264.1016319534878,-158.96404729533242,-0.2379386438157671,calibrated_simulator + simulator_assisted_hidden_state,Thermal boundary variables use real operating data; pressure/head and flow-based energy indicators are simulator-assisted hidden-state proxies. Pressure/head and flow are simulator-assisted hidden hydraulic states because public district-heating datasets do not provide dense distributed hydraulic measurements.
0,0.0,pignn_v3_balanced,76887.0390625,77520.79293437886,3193.653189846038,0.4776710569858551,96.48661041259766,946.533648147583,602.8423042444446,452.1317281833334,633.7538718788564,0.8242661957156265,simulator_assisted_hidden_state,"PI-GNN-GRU-v3 operational indicators are derived from reconstructed hidden states; hydraulic quantities are simulator-assisted proxies, not real distributed measurements. Pressure/head and flow are simulator-assisted hidden hydraulic states because public district-heating datasets do not provide dense distributed hydraulic measurements."
1,0.25,pignn_v3_balanced,76186.5703125,77230.54159279277,3194.7186291675566,0.4776340126991272,95.04362106323242,932.3779226303101,593.7805447173217,445.33540853799127,1043.971280292768,1.3702825524375688,simulator_assisted_hidden_state,"PI-GNN-GRU-v3 operational indicators are derived from reconstructed hidden states; hydraulic quantities are simulator-assisted proxies, not real distributed measurements. Pressure/head and flow are simulator-assisted hidden hydraulic states because public district-heating datasets do not provide dense distributed hydraulic measurements."
2,0.5,pignn_v3_balanced,74111.7109375,76296.7751071934,3195.626950504303,0.4721927344799042,92.81371307373047,910.5025252532959,573.2435695336158,429.9326771502118,2185.0641696934035,2.9483385851611428,simulator_assisted_hidden_state,"PI-GNN-GRU-v3 operational indicators are derived from reconstructed hidden states; hydraulic quantities are simulator-assisted proxies, not real distributed measurements. Pressure/head and flow are simulator-assisted hidden hydraulic states because public district-heating datasets do not provide dense distributed hydraulic measurements."
3,0.75,pignn_v3_balanced,75600.234375,76045.58455570889,3196.1944057502747,0.471089243888855,93.07929992675781,913.1079322814942,573.5404338765399,430.1553254074049,445.35018070889055,0.589085714337629,simulator_assisted_hidden_state,"PI-GNN-GRU-v3 operational indicators are derived from reconstructed hidden states; hydraulic quantities are simulator-assisted proxies, not real distributed measurements. Pressure/head and flow are simulator-assisted hidden hydraulic states because public district-heating datasets do not provide dense distributed hydraulic measurements."
4,1.0,pignn_v3_balanced,75317.7890625,76251.18454077488,3197.4726542644494,0.47349298000335693,92.35097122192383,905.9630276870728,571.9561783365544,428.96713375241586,933.395478274877,1.239276258494961,simulator_assisted_hidden_state,"PI-GNN-GRU-v3 operational indicators are derived from reconstructed hidden states; hydraulic quantities are simulator-assisted proxies, not real distributed measurements. Pressure/head and flow are simulator-assisted hidden hydraulic states because public district-heating datasets do not provide dense distributed hydraulic measurements."
5,1.25,pignn_v3_balanced,75038.171875,75959.55695348355,3198.0066230964653,0.46948710083961487,91.41141128540039,896.7459447097779,561.3475383619669,421.0106537714752,921.3850784835522,1.2278884938966967,simulator_assisted_hidden_state,"PI-GNN-GRU-v3 operational indicators are derived from reconstructed hidden states; hydraulic quantities are simulator-assisted proxies, not real distributed measurements. Pressure/head and flow are simulator-assisted hidden hydraulic states because public district-heating datasets do not provide dense distributed hydraulic measurements."
6,1.5,pignn_v3_balanced,76964.6875,76645.99290071115,3198.7895987892143,0.4763409495353699,92.02640151977539,902.7789989089965,573.3741407478694,430.0306055609021,-318.69459928885044,-0.41407898822281375,simulator_assisted_hidden_state,"PI-GNN-GRU-v3 operational indicators are derived from reconstructed hidden states; hydraulic quantities are simulator-assisted proxies, not real distributed measurements. Pressure/head and flow are simulator-assisted hidden hydraulic states because public district-heating datasets do not provide dense distributed hydraulic measurements."
7,1.75,pignn_v3_balanced,74991.875,76469.65140105059,3199.123603197097,0.4714525043964386,91.27644348144531,895.4219105529785,562.8652029621941,422.1489022216456,1477.7764010505925,1.9705820144523558,simulator_assisted_hidden_state,"PI-GNN-GRU-v3 operational indicators are derived from reconstructed hidden states; hydraulic quantities are simulator-assisted proxies, not real distributed measurements. Pressure/head and flow are simulator-assisted hidden hydraulic states because public district-heating datasets do not provide dense distributed hydraulic measurements."
8,2.0,pignn_v3_balanced,74135.6875,75914.99884996786,3200.1859943790423,0.46942129731178284,90.6170425415039,888.9531873321533,556.3914112625383,417.2935584469037,1779.3113499678584,2.4000739859165106,simulator_assisted_hidden_state,"PI-GNN-GRU-v3 operational indicators are derived from reconstructed hidden states; hydraulic quantities are simulator-assisted proxies, not real distributed measurements. Pressure/head and flow are simulator-assisted hidden hydraulic states because public district-heating datasets do not provide dense distributed hydraulic measurements."
9,2.25,pignn_v3_balanced,74065.0625,75810.09060806296,3200.755080150604,0.46982309222221375,89.54449081420898,878.4314548873901,550.2765099206023,412.70738244045174,1745.0281080629647,2.3560745770827705,simulator_assisted_hidden_state,"PI-GNN-GRU-v3 operational indicators are derived from reconstructed hidden states; hydraulic quantities are simulator-assisted proxies, not real distributed measurements. Pressure/head and flow are simulator-assisted hidden hydraulic states because public district-heating datasets do not provide dense distributed hydraulic measurements."
10,2.5,pignn_v3_balanced,73976.1328125,75750.41538587696,3201.487269687652,0.4691081941127777,88.82079315185547,871.3319808197022,544.9986293267199,408.74897199503994,1774.2825733769569,2.398452725116161,simulator_assisted_hidden_state,"PI-GNN-GRU-v3 operational indicators are derived from reconstructed hidden states; hydraulic quantities are simulator-assisted proxies, not real distributed measurements. Pressure/head and flow are simulator-assisted hidden hydraulic states because public district-heating datasets do not provide dense distributed hydraulic measurements."
11,2.75,pignn_v3_balanced,73221.1015625,75503.73369762424,3201.964598642349,0.46715524792671204,88.2345199584961,865.5806407928467,539.1473851335261,404.36053885014456,2282.632135124237,3.117451235250578,simulator_assisted_hidden_state,"PI-GNN-GRU-v3 operational indicators are derived from reconstructed hidden states; hydraulic quantities are simulator-assisted proxies, not real distributed measurements. Pressure/head and flow are simulator-assisted hidden hydraulic states because public district-heating datasets do not provide dense distributed hydraulic measurements."
12,3.0,pignn_v3_balanced,76186.5703125,77873.23124958514,3196.664608903884,0.47868403792381287,94.79339218139648,929.9231772994995,593.5191752915549,445.1393814686662,1686.6609370851365,2.213855972472362,simulator_assisted_hidden_state,"PI-GNN-GRU-v3 operational indicators are derived from reconstructed hidden states; hydraulic quantities are simulator-assisted proxies, not real distributed measurements. Pressure/head and flow are simulator-assisted hidden hydraulic states because public district-heating datasets do not provide dense distributed hydraulic measurements."
13,3.25,pignn_v3_balanced,74111.7109375,76583.65708626463,3196.8634467830652,0.4721633493900299,92.50449752807617,907.4691207504272,571.2982126953963,428.47365952154723,2471.946148764633,3.3354325753581353,simulator_assisted_hidden_state,"PI-GNN-GRU-v3 operational indicators are derived from reconstructed hidden states; hydraulic quantities are simulator-assisted proxies, not real distributed measurements. Pressure/head and flow are simulator-assisted hidden hydraulic states because public district-heating datasets do not provide dense distributed hydraulic measurements."
14,3.5,pignn_v3_balanced,75600.234375,76240.37010865657,3197.1142162284846,0.47111496329307556,92.8353157043457,910.7144470596313,572.0682710626292,429.05120329697183,640.1357336565707,0.8467377633795472,simulator_assisted_hidden_state,"PI-GNN-GRU-v3 operational indicators are derived from reconstructed hidden states; hydraulic quantities are simulator-assisted proxies, not real distributed measurements. Pressure/head and flow are simulator-assisted hidden hydraulic states because public district-heating datasets do not provide dense distributed hydraulic measurements."
15,3.75,pignn_v3_balanced,75317.7890625,76419.95828357799,3198.2818423404688,0.47370797395706177,92.09867477416992,903.487999534607,570.6526263387433,427.9894697540575,1102.1692210779875,1.4633584373585216,simulator_assisted_hidden_state,"PI-GNN-GRU-v3 operational indicators are derived from reconstructed hidden states; hydraulic quantities are simulator-assisted proxies, not real distributed measurements. Pressure/head and flow are simulator-assisted hidden hydraulic states because public district-heating datasets do not provide dense distributed hydraulic measurements."
16,4.0,pignn_v3_balanced,75038.171875,76083.9241160868,3198.7173543777462,0.46965256333351135,91.15907669067383,894.2705423355103,559.9952700286957,419.99645252152175,1045.7522410867969,1.3936270233619639,simulator_assisted_hidden_state,"PI-GNN-GRU-v3 operational indicators are derived from reconstructed hidden states; hydraulic quantities are simulator-assisted proxies, not real distributed measurements. Pressure/head and flow are simulator-assisted hidden hydraulic states because public district-heating datasets do not provide dense distributed hydraulic measurements."
17,4.25,pignn_v3_balanced,76964.6875,76773.3222124771,3199.4544004554746,0.4766191840171814,91.76811981201172,900.245255355835,572.0988786973829,429.07415902303717,-191.36528752290178,-0.24864037487698729,simulator_assisted_hidden_state,"PI-GNN-GRU-v3 operational indicators are derived from reconstructed hidden states; hydraulic quantities are simulator-assisted proxies, not real distributed measurements. Pressure/head and flow are simulator-assisted hidden hydraulic states because public district-heating datasets do not provide dense distributed hydraulic measurements."
18,4.5,pignn_v3_balanced,74991.875,76573.92656888253,3199.7506413516994,0.4717334806919098,91.01523208618164,892.8594267654419,561.5889135421936,421.19168515664524,1582.0515688825253,2.1096306351621763,simulator_assisted_hidden_state,"PI-GNN-GRU-v3 operational indicators are derived from reconstructed hidden states; hydraulic quantities are simulator-assisted proxies, not real distributed measurements. Pressure/head and flow are simulator-assisted hidden hydraulic states because public district-heating datasets do not provide dense distributed hydraulic measurements."
19,4.75,pignn_v3_balanced,74135.6875,76005.07168687177,3200.777543672562,0.46971139311790466,90.35620880126953,886.3944083404541,555.1327365246874,416.3495523935155,1869.3841868717718,2.5215712565851254,simulator_assisted_hidden_state,"PI-GNN-GRU-v3 operational indicators are derived from reconstructed hidden states; hydraulic quantities are simulator-assisted proxies, not real distributed measurements. Pressure/head and flow are simulator-assisted hidden hydraulic states because public district-heating datasets do not provide dense distributed hydraulic measurements."
20,5.0,pignn_v3_balanced,74065.0625,75894.78838705811,3201.310097585678,0.4701302647590637,89.28473663330078,875.8832663726806,549.0389758904292,411.7792319178219,1829.7258870581136,2.4704304908378543,simulator_assisted_hidden_state,"PI-GNN-GRU-v3 operational indicators are derived from reconstructed hidden states; hydraulic quantities are simulator-assisted proxies, not real distributed measurements. Pressure/head and flow are simulator-assisted hidden hydraulic states because public district-heating datasets do not provide dense distributed hydraulic measurements."
21,5.25,pignn_v3_balanced,73976.1328125,75831.29579669528,3202.010679182052,0.46943414211273193,88.56457901000977,868.8185200881958,543.8041021723408,407.8530766292556,1855.1629841952818,2.5077858407351195,simulator_assisted_hidden_state,"PI-GNN-GRU-v3 operational indicators are derived from reconstructed hidden states; hydraulic quantities are simulator-assisted proxies, not real distributed measurements. Pressure/head and flow are simulator-assisted hidden hydraulic states because public district-heating datasets do not provide dense distributed hydraulic measurements."
22,5.5,pignn_v3_balanced,73221.1015625,75579.92525420952,3202.4630489673614,0.46749892830848694,87.98314666748047,863.1146688079834,538.0069102334224,403.50518267506686,2358.82369170952,3.2215080644424305,simulator_assisted_hidden_state,"PI-GNN-GRU-v3 operational indicators are derived from reconstructed hidden states; hydraulic quantities are simulator-assisted proxies, not real distributed measurements. Pressure/head and flow are simulator-assisted hidden hydraulic states because public district-heating datasets do not provide dense distributed hydraulic measurements."
23,5.75,pignn_v3_balanced,73055.375,75260.70324262675,3203.111529207229,0.4654615819454193,86.96783065795898,853.1544187545776,529.4808071963072,397.1106053972304,2205.328242626754,3.018707716751511,simulator_assisted_hidden_state,"PI-GNN-GRU-v3 operational indicators are derived from reconstructed hidden states; hydraulic quantities are simulator-assisted proxies, not real distributed measurements. Pressure/head and flow are simulator-assisted hidden hydraulic states because public district-heating datasets do not provide dense distributed hydraulic measurements."
24,6.0,pignn_v3_balanced,74111.7109375,76220.29489944817,3194.7073259868616,0.4709268808364868,92.42150497436523,906.654963798523,569.290925462075,426.9681940965563,2108.5839619481703,2.845142738273017,simulator_assisted_hidden_state,"PI-GNN-GRU-v3 operational indicators are derived from reconstructed hidden states; hydraulic quantities are simulator-assisted proxies, not real distributed measurements. Pressure/head and flow are simulator-assisted hidden hydraulic states because public district-heating datasets do not provide dense distributed hydraulic measurements."
25,6.25,pignn_v3_balanced,75600.234375,75929.55653056924,3195.0763664817805,0.47039154171943665,92.78886413574219,910.2587571716308,570.904026866109,428.17802014958176,329.3221555692435,0.43560996641320726,simulator_assisted_hidden_state,"PI-GNN-GRU-v3 operational indicators are derived from reconstructed hidden states; hydraulic quantities are simulator-assisted proxies, not real distributed measurements. Pressure/head and flow are simulator-assisted hidden hydraulic states because public district-heating datasets do not provide dense distributed hydraulic measurements."
26,6.5,pignn_v3_balanced,75317.7890625,76189.01492095496,3196.4152031707754,0.4732381999492645,92.04188537597656,902.9308955383301,569.7351889108489,427.30139168313667,871.2258584549563,1.1567331825579719,simulator_assisted_hidden_state,"PI-GNN-GRU-v3 operational indicators are derived from reconstructed hidden states; hydraulic quantities are simulator-assisted proxies, not real distributed measurements. Pressure/head and flow are simulator-assisted hidden hydraulic states because public district-heating datasets do not provide dense distributed hydraulic measurements."
27,6.75,pignn_v3_balanced,75038.171875,75829.6597115621,3196.934882669448,0.46896523237228394,91.08537292480469,893.547508392334,558.723619878515,419.0427149088863,791.4878365620971,1.0547802762047194,simulator_assisted_hidden_state,"PI-GNN-GRU-v3 operational indicators are derived from reconstructed hidden states; hydraulic quantities are simulator-assisted proxies, not real distributed measurements. Pressure/head and flow are simulator-assisted hidden hydraulic states because public district-heating datasets do not provide dense distributed hydraulic measurements."
28,7.0,pignn_v3_balanced,76964.6875,76556.88511982006,3197.840053453445,0.47611257433891296,91.68207550048828,899.4011606597901,570.9549359535185,428.2162019651389,-407.8023801799427,-0.5298564749969819,simulator_assisted_hidden_state,"PI-GNN-GRU-v3 operational indicators are derived from reconstructed hidden states; hydraulic quantities are simulator-assisted proxies, not real distributed measurements. Pressure/head and flow are simulator-assisted hidden hydraulic states because public district-heating datasets do not provide dense distributed hydraulic measurements."
29,7.25,pignn_v3_balanced,74991.875,76345.8248711323,3198.244334861755,0.47111016511917114,90.91106414794922,891.8375392913819,560.2049738600509,420.1537303950382,1353.9498711322958,1.805462086569106,simulator_assisted_hidden_state,"PI-GNN-GRU-v3 operational indicators are derived from reconstructed hidden states; hydraulic quantities are simulator-assisted proxies, not real distributed measurements. Pressure/head and flow are simulator-assisted hidden hydraulic states because public district-heating datasets do not provide dense distributed hydraulic measurements."
30,7.5,pignn_v3_balanced,74135.6875,75772.08050419412,3199.3626894550316,0.4690726697444916,90.24147033691406,885.2688240051269,553.6738809568685,415.2554107176514,1636.3930041941203,2.2072945694259873,simulator_assisted_hidden_state,"PI-GNN-GRU-v3 operational indicators are derived from reconstructed hidden states; hydraulic quantities are simulator-assisted proxies, not real distributed measurements. Pressure/head and flow are simulator-assisted hidden hydraulic states because public district-heating datasets do not provide dense distributed hydraulic measurements."
31,7.75,pignn_v3_balanced,74065.0625,75665.80329713086,3199.979842042923,0.46952319145202637,89.16423416137695,874.7011371231079,547.5899592916775,410.6924694687581,1600.7407971308567,2.161263007279386,simulator_assisted_hidden_state,"PI-GNN-GRU-v3 operational indicators are derived from reconstructed hidden states; hydraulic quantities are simulator-assisted proxies, not real distributed measurements. Pressure/head and flow are simulator-assisted hidden hydraulic states because public district-heating datasets do not provide dense distributed hydraulic measurements."
32,8.0,pignn_v3_balanced,73976.1328125,75607.14375441465,3200.750118501662,0.46885526180267334,88.4427490234375,867.6233679199219,542.3863750829495,406.7897813122121,1631.0109419146465,2.204779947133231,simulator_assisted_hidden_state,"PI-GNN-GRU-v3 operational indicators are derived from reconstructed hidden states; hydraulic quantities are simulator-assisted proxies, not real distributed measurements. Pressure/head and flow are simulator-assisted hidden hydraulic states because public district-heating datasets do not provide dense distributed hydraulic measurements."
33,8.25,pignn_v3_balanced,73221.1015625,75358.26094388668,3201.2580231800075,0.4669402539730072,87.86252975463867,861.9314168930053,536.6272996151118,402.47047471133385,2137.1593813866784,2.9187752379857925,simulator_assisted_hidden_state,"PI-GNN-GRU-v3 operational indicators are derived from reconstructed hidden states; hydraulic quantities are simulator-assisted proxies, not real distributed measurements. Pressure/head and flow are simulator-assisted hidden hydraulic states because public district-heating datasets do not provide dense distributed hydraulic measurements."
34,8.5,pignn_v3_balanced,73055.375,75041.65584162796,3201.9513657817834,0.464921236038208,86.84961318969727,851.9947053909302,528.1472420378135,396.1104315283601,1986.2808416279586,2.7188702290939695,simulator_assisted_hidden_state,"PI-GNN-GRU-v3 operational indicators are derived from reconstructed hidden states; hydraulic quantities are simulator-assisted proxies, not real distributed measurements. Pressure/head and flow are simulator-assisted hidden hydraulic states because public district-heating datasets do not provide dense distributed hydraulic measurements."
35,8.75,pignn_v3_balanced,76082.359375,75494.83439448525,3200.1799169654837,0.46523019671440125,89.8459587097168,881.3888549423218,546.731613822263,410.0487103666972,-587.5249805147469,-0.7722223460748806,simulator_assisted_hidden_state,"PI-GNN-GRU-v3 operational indicators are derived from reconstructed hidden states; hydraulic quantities are simulator-assisted proxies, not real distributed measurements. Pressure/head and flow are simulator-assisted hidden hydraulic states because public district-heating datasets do not provide dense distributed hydraulic measurements."
36,9.0,pignn_v3_balanced,75600.234375,76468.96298047664,3195.5802608757012,0.47257789969444275,93.51145935058594,917.3474162292481,578.024153668989,433.51811525174173,868.7286054766446,1.1491083495422625,simulator_assisted_hidden_state,"PI-GNN-GRU-v3 operational indicators are derived from reconstructed hidden states; hydraulic quantities are simulator-assisted proxies, not real distributed measurements. Pressure/head and flow are simulator-assisted hidden hydraulic states because public district-heating datasets do not provide dense distributed hydraulic measurements."
37,9.25,pignn_v3_balanced,75317.7890625,76619.72214031586,3196.976077022551,0.47511306405067444,92.40446853637695,906.4878363418579,574.2456179320619,430.6842134490464,1301.933077815862,1.7285864256258179,simulator_assisted_hidden_state,"PI-GNN-GRU-v3 operational indicators are derived from reconstructed hidden states; hydraulic quantities are simulator-assisted proxies, not real distributed measurements. Pressure/head and flow are simulator-assisted hidden hydraulic states because public district-heating datasets do not provide dense distributed hydraulic measurements."
38,9.5,pignn_v3_balanced,75038.171875,76101.89132618651,3197.352210977554,0.4700655937194824,91.34410858154297,896.0857051849365,561.625412041731,421.21905903129823,1063.719451186509,1.4175711169489484,simulator_assisted_hidden_state,"PI-GNN-GRU-v3 operational indicators are derived from reconstructed hidden states; hydraulic quantities are simulator-assisted proxies, not real distributed measurements. Pressure/head and flow are simulator-assisted hidden hydraulic states because public district-heating datasets do not provide dense distributed hydraulic measurements."
39,9.75,pignn_v3_balanced,76964.6875,76804.48273449234,3198.309663688659,0.47721683979034424,91.87396240234375,901.2835711669921,573.4769301163572,430.10769758726786,-160.20476550766034,-0.20815359707354147,simulator_assisted_hidden_state,"PI-GNN-GRU-v3 operational indicators are derived from reconstructed hidden states; hydraulic quantities are simulator-assisted proxies, not real distributed measurements. Pressure/head and flow are simulator-assisted hidden hydraulic states because public district-heating datasets do not provide dense distributed hydraulic measurements."
40,10.0,pignn_v3_balanced,74991.875,76527.64831433272,3198.6728612422944,0.4718913733959198,91.03471755981445,893.0505792617798,561.8971524798174,421.422864359863,1535.7733143327205,2.047919610401421,simulator_assisted_hidden_state,"PI-GNN-GRU-v3 operational indicators are derived from reconstructed hidden states; hydraulic quantities are simulator-assisted proxies, not real distributed measurements. Pressure/head and flow are simulator-assisted hidden hydraulic states because public district-heating datasets do not provide dense distributed hydraulic measurements."
41,10.25,pignn_v3_balanced,74135.6875,75911.69583284757,3199.7609743022913,0.4696911573410034,90.31830215454102,886.0225441360474,554.8759389139738,416.15695418548034,1776.008332847574,2.3956186186950434,simulator_assisted_hidden_state,"PI-GNN-GRU-v3 operational indicators are derived from reconstructed hidden states; hydraulic quantities are simulator-assisted proxies, not real distributed measurements. Pressure/head and flow are simulator-assisted hidden hydraulic states because public district-heating datasets do not provide dense distributed hydraulic measurements."
42,10.5,pignn_v3_balanced,74065.0625,75782.68607259539,3200.360616931915,0.4700525403022766,89.2090072631836,875.1403612518311,548.4825999033003,411.3619499274752,1717.6235725953884,2.31907395284435,simulator_assisted_hidden_state,"PI-GNN-GRU-v3 operational indicators are derived from reconstructed hidden states; hydraulic quantities are simulator-assisted proxies, not real distributed measurements. Pressure/head and flow are simulator-assisted hidden hydraulic states because public district-heating datasets do not provide dense distributed hydraulic measurements."
43,10.75,pignn_v3_balanced,73976.1328125,75708.44666193615,3201.112399726868,0.46932482719421387,88.46659851074219,867.8573313903809,543.0759894453628,407.3069920840221,1732.3138494361483,2.3417199353024754,simulator_assisted_hidden_state,"PI-GNN-GRU-v3 operational indicators are derived from reconstructed hidden states; hydraulic quantities are simulator-assisted proxies, not real distributed measurements. Pressure/head and flow are simulator-assisted hidden hydraulic states because public district-heating datasets do not provide dense distributed hydraulic measurements."
44,11.0,pignn_v3_balanced,73221.1015625,75446.72746248744,3201.599449848175,0.46736714243888855,87.87212371826172,862.0255336761475,537.1765471781052,402.88241038357893,2225.625899987441,3.0395963082960353,simulator_assisted_hidden_state,"PI-GNN-GRU-v3 operational indicators are derived from reconstructed hidden states; hydraulic quantities are simulator-assisted proxies, not real distributed measurements. Pressure/head and flow are simulator-assisted hidden hydraulic states because public district-heating datasets do not provide dense distributed hydraulic measurements."
45,11.25,pignn_v3_balanced,73055.375,75120.02429351317,3202.271541715622,0.46531787514686584,86.84967041015625,851.9952667236328,528.5981695293707,396.448627147028,2064.6492935131682,2.8261428998388802,simulator_assisted_hidden_state,"PI-GNN-GRU-v3 operational indicators are derived from reconstructed hidden states; hydraulic quantities are simulator-assisted proxies, not real distributed measurements. Pressure/head and flow are simulator-assisted hidden hydraulic states because public district-heating datasets do not provide dense distributed hydraulic measurements."
46,11.5,pignn_v3_balanced,76082.359375,75565.61066819164,3200.479262598037,0.46562159061431885,89.8490104675293,881.4187926864624,547.2101603306976,410.4076202480232,-516.7487068083574,-0.6791964800425951,simulator_assisted_hidden_state,"PI-GNN-GRU-v3 operational indicators are derived from reconstructed hidden states; hydraulic quantities are simulator-assisted proxies, not real distributed measurements. Pressure/head and flow are simulator-assisted hidden hydraulic states because public district-heating datasets do not provide dense distributed hydraulic measurements."
47,11.75,pignn_v3_balanced,83785.046875,77500.58689992082,3197.0080191535944,0.48269790410995483,99.83025741577148,979.3348252487183,630.2971567592602,472.72286756944516,-6284.459975079182,-7.500693989531388,simulator_assisted_hidden_state,"PI-GNN-GRU-v3 operational indicators are derived from reconstructed hidden states; hydraulic quantities are simulator-assisted proxies, not real distributed measurements. Pressure/head and flow are simulator-assisted hidden hydraulic states because public district-heating datasets do not provide dense distributed hydraulic measurements."
48,12.0,pignn_v3_balanced,75317.7890625,77677.14935752291,3199.6878432083126,0.47855761647224426,92.19491195678711,904.4320862960816,577.0971513051626,432.8228634788719,2359.3602950229106,3.1325405649720715,simulator_assisted_hidden_state,"PI-GNN-GRU-v3 operational indicators are derived from reconstructed hidden states; hydraulic quantities are simulator-assisted proxies, not real distributed measurements. Pressure/head and flow are simulator-assisted hidden hydraulic states because public district-heating datasets do not provide dense distributed hydraulic measurements."
49,12.25,pignn_v3_balanced,75038.171875,76638.54952109481,3199.3847918357847,0.47128331661224365,91.13760757446289,894.059930305481,561.807372272638,421.35552920447844,1600.3776460948138,2.1327513798720377,simulator_assisted_hidden_state,"PI-GNN-GRU-v3 operational indicators are derived from reconstructed hidden states; hydraulic quantities are simulator-assisted proxies, not real distributed measurements. Pressure/head and flow are simulator-assisted hidden hydraulic states because public district-heating datasets do not provide dense distributed hydraulic measurements."
50,12.5,pignn_v3_balanced,76964.6875,77296.59444845543,3200.178216367721,0.4788045883178711,91.6815185546875,899.3956970214844,574.1797152629821,430.6347864472366,331.90694845543476,0.4312457559909338,simulator_assisted_hidden_state,"PI-GNN-GRU-v3 operational indicators are derived from reconstructed hidden states; hydraulic quantities are simulator-assisted proxies, not real distributed measurements. Pressure/head and flow are simulator-assisted hidden hydraulic states because public district-heating datasets do not provide dense distributed hydraulic measurements."
51,12.75,pignn_v3_balanced,74991.875,76899.09789925294,3200.363497976303,0.47305989265441895,90.81383895874023,890.8837601852417,561.921834614394,421.44137596079554,1907.2228992529417,2.5432393832704436,simulator_assisted_hidden_state,"PI-GNN-GRU-v3 operational indicators are derived from reconstructed hidden states; hydraulic quantities are simulator-assisted proxies, not real distributed measurements. Pressure/head and flow are simulator-assisted hidden hydraulic states because public district-heating datasets do not provide dense distributed hydraulic measurements."
52,13.0,pignn_v3_balanced,74135.6875,76212.75271942613,3201.3208347988125,0.4706805944442749,90.07349014282227,883.6209383010864,554.5376380039511,415.9032285029633,2077.0652194261347,2.801707638343726,simulator_assisted_hidden_state,"PI-GNN-GRU-v3 operational indicators are derived from reconstructed hidden states; hydraulic quantities are simulator-assisted proxies, not real distributed measurements. Pressure/head and flow are simulator-assisted hidden hydraulic states because public district-heating datasets do not provide dense distributed hydraulic measurements."
53,13.25,pignn_v3_balanced,74065.0625,76047.120497483,3201.8162127284995,0.47095638513565063,88.94673538208008,872.5674740982056,547.9216311843152,410.9412233882364,1982.0579974830034,2.6761038613624386,simulator_assisted_hidden_state,"PI-GNN-GRU-v3 operational indicators are derived from reconstructed hidden states; hydraulic quantities are simulator-assisted proxies, not real distributed measurements. Pressure/head and flow are simulator-assisted hidden hydraulic states because public district-heating datasets do not provide dense distributed hydraulic measurements."
54,13.5,pignn_v3_balanced,73976.1328125,75948.16534391938,3202.482569458007,0.4701782763004303,88.19576644897461,865.200468864441,542.3979534733426,406.7984651050069,1972.032531419376,2.665768615423156,simulator_assisted_hidden_state,"PI-GNN-GRU-v3 operational indicators are derived from reconstructed hidden states; hydraulic quantities are simulator-assisted proxies, not real distributed measurements. Pressure/head and flow are simulator-assisted hidden hydraulic states because public district-heating datasets do not provide dense distributed hydraulic measurements."
55,13.75,pignn_v3_balanced,73221.1015625,75666.26242575636,3202.899798048019,0.46819156408309937,87.59841918945312,859.3404922485352,536.4479588610429,402.3359691457822,2445.1608632563584,3.339421029017462,simulator_assisted_hidden_state,"PI-GNN-GRU-v3 operational indicators are derived from reconstructed hidden states; hydraulic quantities are simulator-assisted proxies, not real distributed measurements. Pressure/head and flow are simulator-assisted hidden hydraulic states because public district-heating datasets do not provide dense distributed hydraulic measurements."
56,14.0,pignn_v3_balanced,73055.375,75324.41125774458,3203.5121479969025,0.46612513065338135,86.57762145996094,849.3264665222168,527.8565469000574,395.8924101750431,2269.0362577445776,3.105912819891182,simulator_assisted_hidden_state,"PI-GNN-GRU-v3 operational indicators are derived from reconstructed hidden states; hydraulic quantities are simulator-assisted proxies, not real distributed measurements. Pressure/head and flow are simulator-assisted hidden hydraulic states because public district-heating datasets do not provide dense distributed hydraulic measurements."
57,14.25,pignn_v3_balanced,76082.359375,75763.09425318686,3201.681183649063,0.46643462777137756,89.59534454345703,878.9303299713134,546.6180550628582,409.9635412971436,-319.2651218131359,-0.41963094262037787,simulator_assisted_hidden_state,"PI-GNN-GRU-v3 operational indicators are derived from reconstructed hidden states; hydraulic quantities are simulator-assisted proxies, not real distributed measurements. Pressure/head and flow are simulator-assisted hidden hydraulic states because public district-heating datasets do not provide dense distributed hydraulic measurements."
58,14.5,pignn_v3_balanced,83785.046875,77708.25265388755,3198.237837015152,0.48354727029800415,99.62702178955078,977.3410837554932,630.1208176000824,472.59061320006185,-6076.794221112446,-7.25283860039906,simulator_assisted_hidden_state,"PI-GNN-GRU-v3 operational indicators are derived from reconstructed hidden states; hydraulic quantities are simulator-assisted proxies, not real distributed measurements. Pressure/head and flow are simulator-assisted hidden hydraulic states because public district-heating datasets do not provide dense distributed hydraulic measurements."
59,14.75,pignn_v3_balanced,92437.5234375,81283.52035795535,3191.8580485496514,0.5093938112258911,112.98812484741211,1108.4135047531129,752.8253061339141,564.6189796004355,-11154.003079544651,-12.066531712185293,simulator_assisted_hidden_state,"PI-GNN-GRU-v3 operational indicators are derived from reconstructed hidden states; hydraulic quantities are simulator-assisted proxies, not real distributed measurements. Pressure/head and flow are simulator-assisted hidden hydraulic states because public district-heating datasets do not provide dense distributed hydraulic measurements."
60,15.0,pignn_v3_balanced,75038.171875,76114.03096661768,3196.31384377098,0.4703667163848877,91.67568969726562,899.3385159301757,564.025206208713,423.0189046565348,1075.8590916176763,1.4337490702863374,simulator_assisted_hidden_state,"PI-GNN-GRU-v3 operational indicators are derived from reconstructed hidden states; hydraulic quantities are simulator-assisted proxies, not real distributed measurements. Pressure/head and flow are simulator-assisted hidden hydraulic states because public district-heating datasets do not provide dense distributed hydraulic measurements."
61,15.25,pignn_v3_balanced,76964.6875,77172.55469724041,3197.6268480834956,0.4795061945915222,92.1091537475586,903.5907982635498,577.7031801910274,433.2773851432705,207.86719724041177,0.27008125933131577,simulator_assisted_hidden_state,"PI-GNN-GRU-v3 operational indicators are derived from reconstructed hidden states; hydraulic quantities are simulator-assisted proxies, not real distributed measurements. Pressure/head and flow are simulator-assisted hidden hydraulic states because public district-heating datasets do not provide dense distributed hydraulic measurements."
62,15.5,pignn_v3_balanced,74991.875,76679.75620706548,3198.0358997898097,0.4728526175022125,91.0963363647461,893.6550597381591,563.4228455217129,422.56713414128467,1687.8812070654822,2.250752107565629,simulator_assisted_hidden_state,"PI-GNN-GRU-v3 operational indicators are derived from reconstructed hidden states; hydraulic quantities are simulator-assisted proxies, not real distributed measurements. Pressure/head and flow are simulator-assisted hidden hydraulic states because public district-heating datasets do not provide dense distributed hydraulic measurements."
63,15.75,pignn_v3_balanced,74135.6875,75947.21585513353,3199.1449859905233,0.47018563747406006,90.27365493774414,885.58455493927,555.1855180017366,416.38913850130245,1811.5283551335306,2.4435307963300814,simulator_assisted_hidden_state,"PI-GNN-GRU-v3 operational indicators are derived from reconstructed hidden states; hydraulic quantities are simulator-assisted proxies, not real distributed measurements. Pressure/head and flow are simulator-assisted hidden hydraulic states because public district-heating datasets do not provide dense distributed hydraulic measurements."
64,16.0,pignn_v3_balanced,74065.0625,75769.78636779425,3199.7934015483856,0.47034844756126404,89.09146118164062,873.9872341918946,548.1047183873607,411.0785387905205,1704.7238677942514,2.301657232509932,simulator_assisted_hidden_state,"PI-GNN-GRU-v3 operational indicators are derived from reconstructed hidden states; hydraulic quantities are simulator-assisted proxies, not real distributed measurements. Pressure/head and flow are simulator-assisted hidden hydraulic states because public district-heating datasets do not provide dense distributed hydraulic measurements."
65,16.25,pignn_v3_balanced,73976.1328125,75666.75642265502,3200.5916583652497,0.46949344873428345,88.30336380004883,866.255998878479,542.268688533625,406.70151640021874,1690.6236101550166,2.285363597526885,simulator_assisted_hidden_state,"PI-GNN-GRU-v3 operational indicators are derived from reconstructed hidden states; hydraulic quantities are simulator-assisted proxies, not real distributed measurements. Pressure/head and flow are simulator-assisted hidden hydraulic states because public district-heating datasets do not provide dense distributed hydraulic measurements."
66,16.5,pignn_v3_balanced,73221.1015625,75381.0510108471,3201.1122110710144,0.4674520790576935,87.68111801147461,860.151767692566,536.1063094840534,402.0797321130401,2159.949448347106,2.9499002367554095,simulator_assisted_hidden_state,"PI-GNN-GRU-v3 operational indicators are derived from reconstructed hidden states; hydraulic quantities are simulator-assisted proxies, not real distributed measurements. Pressure/head and flow are simulator-assisted hidden hydraulic states because public district-heating datasets do not provide dense distributed hydraulic measurements."
67,16.75,pignn_v3_balanced,73055.375,75037.9424028337,3201.80641070938,0.46535733342170715,86.64336013793945,849.971362953186,527.3872092649449,395.54040694870866,1982.5674028336944,2.713787182440299,simulator_assisted_hidden_state,"PI-GNN-GRU-v3 operational indicators are derived from reconstructed hidden states; hydraulic quantities are simulator-assisted proxies, not real distributed measurements. Pressure/head and flow are simulator-assisted hidden hydraulic states because public district-heating datasets do not provide dense distributed hydraulic measurements."
68,17.0,pignn_v3_balanced,76082.359375,75476.61671766445,3200.006569187164,0.46566954255104065,89.65656661987305,879.5309185409546,546.0943473286172,409.5707604964629,-605.7426573355478,-0.7961670251968943,simulator_assisted_hidden_state,"PI-GNN-GRU-v3 operational indicators are derived from reconstructed hidden states; hydraulic quantities are simulator-assisted proxies, not real distributed measurements. Pressure/head and flow are simulator-assisted hidden hydraulic states because public district-heating datasets do not provide dense distributed hydraulic measurements."
69,17.25,pignn_v3_balanced,83785.046875,77404.74943716564,3196.433707614898,0.4829157590866089,99.73547744750977,978.4050337600708,629.9829460965384,472.4872095724038,-6380.297437834364,-7.61507891420436,simulator_assisted_hidden_state,"PI-GNN-GRU-v3 operational indicators are derived from reconstructed hidden states; hydraulic quantities are simulator-assisted proxies, not real distributed measurements. Pressure/head and flow are simulator-assisted hidden hydraulic states because public district-heating datasets do not provide dense distributed hydraulic measurements."
70,17.5,pignn_v3_balanced,92437.5234375,80998.60139885778,3190.15369653511,0.5089697241783142,113.12826156616211,1109.7882459640502,753.1314899262105,564.8486174446579,-11438.922038642224,-12.374760393030703,simulator_assisted_hidden_state,"PI-GNN-GRU-v3 operational indicators are derived from reconstructed hidden states; hydraulic quantities are simulator-assisted proxies, not real distributed measurements. Pressure/head and flow are simulator-assisted hidden hydraulic states because public district-heating datasets do not provide dense distributed hydraulic measurements."
71,17.75,pignn_v3_balanced,94792.390625,85028.80504563398,3186.2148453025816,0.5233621597290039,121.57274627685547,1192.628640975952,832.2356017277881,624.1767012958411,-9763.585579366016,-10.299967660896849,simulator_assisted_hidden_state,"PI-GNN-GRU-v3 operational indicators are derived from reconstructed hidden states; hydraulic quantities are simulator-assisted proxies, not real distributed measurements. Pressure/head and flow are simulator-assisted hidden hydraulic states because public district-heating datasets do not provide dense distributed hydraulic measurements."
72,18.0,pignn_v3_balanced,76964.6875,79234.28111368722,3202.510239881515,0.48748883605003357,92.29222106933594,905.3866886901856,588.4878707263634,441.3659030447726,2269.5936136872187,2.9488765398900876,simulator_assisted_hidden_state,"PI-GNN-GRU-v3 operational indicators are derived from reconstructed hidden states; hydraulic quantities are simulator-assisted proxies, not real distributed measurements. Pressure/head and flow are simulator-assisted hidden hydraulic states because public district-heating datasets do not provide dense distributed hydraulic measurements."
73,18.25,pignn_v3_balanced,74991.875,77833.86355422236,3201.8913166236866,0.4764666259288788,91.05142211914062,893.2144509887695,567.4491675913799,425.5868756935349,2841.9885542223637,3.7897286262309935,simulator_assisted_hidden_state,"PI-GNN-GRU-v3 operational indicators are derived from reconstructed hidden states; hydraulic quantities are simulator-assisted proxies, not real distributed measurements. Pressure/head and flow are simulator-assisted hidden hydraulic states because public district-heating datasets do not provide dense distributed hydraulic measurements."
74,18.5,pignn_v3_balanced,74135.6875,76804.77837487485,3202.531223802566,0.4728660583496094,90.16331100463867,884.5020809555053,557.6680168312758,418.25101262345686,2669.090874874848,3.60027803731482,simulator_assisted_hidden_state,"PI-GNN-GRU-v3 operational indicators are derived from reconstructed hidden states; hydraulic quantities are simulator-assisted proxies, not real distributed measurements. Pressure/head and flow are simulator-assisted hidden hydraulic states because public district-heating datasets do not provide dense distributed hydraulic measurements."
75,18.75,pignn_v3_balanced,74065.0625,76490.66589480283,3202.88018592453,0.4726146459579468,88.92754364013672,872.3792031097412,549.7322509583814,412.29918821878607,2425.6033948028344,3.274963002701624,simulator_assisted_hidden_state,"PI-GNN-GRU-v3 operational indicators are derived from reconstructed hidden states; hydraulic quantities are simulator-assisted proxies, not real distributed measurements. Pressure/head and flow are simulator-assisted hidden hydraulic states because public district-heating datasets do not provide dense distributed hydraulic measurements."
76,19.0,pignn_v3_balanced,73976.1328125,76302.07604227874,3203.4589524364465,0.47149208188056946,88.0999526977539,864.2605359649658,543.3226658524513,407.4919993893385,2325.9432297787425,3.1441806179218386,simulator_assisted_hidden_state,"PI-GNN-GRU-v3 operational indicators are derived from reconstructed hidden states; hydraulic quantities are simulator-assisted proxies, not real distributed measurements. Pressure/head and flow are simulator-assisted hidden hydraulic states because public district-heating datasets do not provide dense distributed hydraulic measurements."
77,19.25,pignn_v3_balanced,73221.1015625,75955.18328522559,3203.808070873259,0.4692767560482025,87.45113754272461,857.8956592941284,536.7873226951767,402.59049202138254,2734.08172272559,3.734007908078022,simulator_assisted_hidden_state,"PI-GNN-GRU-v3 operational indicators are derived from reconstructed hidden states; hydraulic quantities are simulator-assisted proxies, not real distributed measurements. Pressure/head and flow are simulator-assisted hidden hydraulic states because public district-heating datasets do not provide dense distributed hydraulic measurements."
78,19.5,pignn_v3_balanced,73055.375,75568.22661473442,3204.3606007461544,0.4670688211917877,86.39881134033203,847.5723392486573,527.8328178235151,395.87461336763636,2512.85161473442,3.439653296878457,simulator_assisted_hidden_state,"PI-GNN-GRU-v3 operational indicators are derived from reconstructed hidden states; hydraulic quantities are simulator-assisted proxies, not real distributed measurements. Pressure/head and flow are simulator-assisted hidden hydraulic states because public district-heating datasets do not provide dense distributed hydraulic measurements."
79,19.75,pignn_v3_balanced,76082.359375,75979.77953826843,3202.471705575942,0.4673473834991455,89.4292221069336,877.3006688690185,546.6722295173148,410.0041721379861,-102.57983673157287,-0.13482736021101852,simulator_assisted_hidden_state,"PI-GNN-GRU-v3 operational indicators are derived from reconstructed hidden states; hydraulic quantities are simulator-assisted proxies, not real distributed measurements. Pressure/head and flow are simulator-assisted hidden hydraulic states because public district-heating datasets do not provide dense distributed hydraulic measurements."
80,20.0,pignn_v3_balanced,83785.046875,77919.6364910575,3199.0036234645845,0.4846366047859192,99.57374954223633,976.8184830093384,631.2026574637038,473.4019930977778,-5865.410383942493,-7.000545565956625,simulator_assisted_hidden_state,"PI-GNN-GRU-v3 operational indicators are derived from reconstructed hidden states; hydraulic quantities are simulator-assisted proxies, not real distributed measurements. Pressure/head and flow are simulator-assisted hidden hydraulic states because public district-heating datasets do not provide dense distributed hydraulic measurements."
81,20.25,pignn_v3_balanced,92437.5234375,81520.51011008168,3192.5262379360192,0.5105740427970886,113.04440307617188,1108.9655941772462,754.9453956559361,566.2090467419521,-10917.013327418317,-11.810153411130344,simulator_assisted_hidden_state,"PI-GNN-GRU-v3 operational indicators are derived from reconstructed hidden states; hydraulic quantities are simulator-assisted proxies, not real distributed measurements. Pressure/head and flow are simulator-assisted hidden hydraulic states because public district-heating datasets do not provide dense distributed hydraulic measurements."
82,20.5,pignn_v3_balanced,94792.390625,85528.7495321504,3188.331326808929,0.5246883630752563,121.51821517944336,1192.0936909103393,833.9702497547822,625.4776873160866,-9263.641092849604,-9.772557725120254,simulator_assisted_hidden_state,"PI-GNN-GRU-v3 operational indicators are derived from reconstructed hidden states; hydraulic quantities are simulator-assisted proxies, not real distributed measurements. Pressure/head and flow are simulator-assisted hidden hydraulic states because public district-heating datasets do not provide dense distributed hydraulic measurements."
83,20.75,pignn_v3_balanced,98025.2578125,88002.49510890985,3184.013527954101,0.5358225107192993,131.05319595336914,1285.6318523025514,918.4939826152751,688.8704869614563,-10022.762703590153,-10.224673647644382,simulator_assisted_hidden_state,"PI-GNN-GRU-v3 operational indicators are derived from reconstructed hidden states; hydraulic quantities are simulator-assisted proxies, not real distributed measurements. Pressure/head and flow are simulator-assisted hidden hydraulic states because public district-heating datasets do not provide dense distributed hydraulic measurements."
84,21.0,pignn_v3_balanced,74991.875,76760.54221915783,3197.656246055603,0.47217413783073425,91.2777328491211,895.4345592498779,563.7347213302062,422.80104099765464,1768.6672191578255,2.358478460710344,simulator_assisted_hidden_state,"PI-GNN-GRU-v3 operational indicators are derived from reconstructed hidden states; hydraulic quantities are simulator-assisted proxies, not real distributed measurements. Pressure/head and flow are simulator-assisted hidden hydraulic states because public district-heating datasets do not provide dense distributed hydraulic measurements."
85,21.25,pignn_v3_balanced,74135.6875,75932.85740603955,3198.355353441238,0.4698793292045593,90.30941772460938,885.9353878784179,555.0436343665228,416.2827257748921,1797.1699060395476,2.4241629998231926,simulator_assisted_hidden_state,"PI-GNN-GRU-v3 operational indicators are derived from reconstructed hidden states; hydraulic quantities are simulator-assisted proxies, not real distributed measurements. Pressure/head and flow are simulator-assisted hidden hydraulic states because public district-heating datasets do not provide dense distributed hydraulic measurements."
86,21.5,pignn_v3_balanced,74065.0625,75742.61370251897,3198.881851501464,0.47004273533821106,89.05126953125,873.5929541015626,547.5013622907823,410.6260217180867,1677.5512025189673,2.2649696711171576,simulator_assisted_hidden_state,"PI-GNN-GRU-v3 operational indicators are derived from reconstructed hidden states; hydraulic quantities are simulator-assisted proxies, not real distributed measurements. Pressure/head and flow are simulator-assisted hidden hydraulic states because public district-heating datasets do not provide dense distributed hydraulic measurements."
87,21.75,pignn_v3_balanced,73976.1328125,75610.70609325093,3199.6924464111326,0.4689885973930359,88.1888427734375,865.1325476074219,540.9830667486248,405.73730006146855,1634.573280750934,2.2095954716826376,simulator_assisted_hidden_state,"PI-GNN-GRU-v3 operational indicators are derived from reconstructed hidden states; hydraulic quantities are simulator-assisted proxies, not real distributed measurements. Pressure/head and flow are simulator-assisted hidden hydraulic states because public district-heating datasets do not provide dense distributed hydraulic measurements."
88,22.0,pignn_v3_balanced,73221.1015625,75291.40453916183,3200.261100969314,0.46676886081695557,87.50957489013672,858.4689296722412,534.2754191331509,400.70656434986313,2070.3029766618274,2.8274676732289534,simulator_assisted_hidden_state,"PI-GNN-GRU-v3 operational indicators are derived from reconstructed hidden states; hydraulic quantities are simulator-assisted proxies, not real distributed measurements. Pressure/head and flow are simulator-assisted hidden hydraulic states because public district-heating datasets do not provide dense distributed hydraulic measurements."
89,22.25,pignn_v3_balanced,73055.375,74926.7785284516,3201.007690338135,0.4645777642726898,86.43531036376953,847.9303946685791,525.2394760186506,393.92960701398795,1871.4035284515994,2.5616233281282854,simulator_assisted_hidden_state,"PI-GNN-GRU-v3 operational indicators are derived from reconstructed hidden states; hydraulic quantities are simulator-assisted proxies, not real distributed measurements. Pressure/head and flow are simulator-assisted hidden hydraulic states because public district-heating datasets do not provide dense distributed hydraulic measurements."
90,22.5,pignn_v3_balanced,76082.359375,75358.72136910446,3199.2297652359002,0.46490204334259033,89.4576416015625,877.5794641113281,543.9846480811358,407.98848606085187,-723.6380058955401,-0.9511245600689419,simulator_assisted_hidden_state,"PI-GNN-GRU-v3 operational indicators are derived from reconstructed hidden states; hydraulic quantities are simulator-assisted proxies, not real distributed measurements. Pressure/head and flow are simulator-assisted hidden hydraulic states because public district-heating datasets do not provide dense distributed hydraulic measurements."
91,22.75,pignn_v3_balanced,83785.046875,77278.54196622677,3195.546515733718,0.4824535846710205,99.65980911254883,977.662727394104,628.9025165740429,471.6768874305322,-6506.504908773233,-7.765711366707681,simulator_assisted_hidden_state,"PI-GNN-GRU-v3 operational indicators are derived from reconstructed hidden states; hydraulic quantities are simulator-assisted proxies, not real distributed measurements. Pressure/head and flow are simulator-assisted hidden hydraulic states because public district-heating datasets do not provide dense distributed hydraulic measurements."
92,23.0,pignn_v3_balanced,92437.5234375,80938.58504047472,3189.303386873245,0.5088866353034973,113.17058563232422,1110.2034450531005,753.2902608738981,564.9676956554235,-11498.938397025282,-12.439686795373836,simulator_assisted_hidden_state,"PI-GNN-GRU-v3 operational indicators are derived from reconstructed hidden states; hydraulic quantities are simulator-assisted proxies, not real distributed measurements. Pressure/head and flow are simulator-assisted hidden hydraulic states because public district-heating datasets do not provide dense distributed hydraulic measurements."
93,23.25,pignn_v3_balanced,94792.390625,85060.19710122012,3185.5508171253205,0.5233301520347595,121.61255645751953,1193.0191788482666,832.4572109960632,624.3429082470474,-9732.193523779875,-10.266851020015483,simulator_assisted_hidden_state,"PI-GNN-GRU-v3 operational indicators are derived from reconstructed hidden states; hydraulic quantities are simulator-assisted proxies, not real distributed measurements. Pressure/head and flow are simulator-assisted hidden hydraulic states because public district-heating datasets do not provide dense distributed hydraulic measurements."
94,23.5,pignn_v3_balanced,98025.2578125,87606.84350897338,3181.584780584335,0.5347068905830383,131.16971588134766,1286.7749127960205,917.396550001894,688.0474125014205,-10418.414303526617,-10.628295743383477,simulator_assisted_hidden_state,"PI-GNN-GRU-v3 operational indicators are derived from reconstructed hidden states; hydraulic quantities are simulator-assisted proxies, not real distributed measurements. Pressure/head and flow are simulator-assisted hidden hydraulic states because public district-heating datasets do not provide dense distributed hydraulic measurements."
95,23.75,pignn_v3_balanced,99059.109375,89317.01137444451,3179.7489650859834,0.5446383357048035,137.92824172973633,1353.0760513687135,982.5827849326442,736.9370886994832,-9742.098000555488,-9.834631122793182,simulator_assisted_hidden_state,"PI-GNN-GRU-v3 operational indicators are derived from reconstructed hidden states; hydraulic quantities are simulator-assisted proxies, not real distributed measurements. Pressure/head and flow are simulator-assisted hidden hydraulic states because public district-heating datasets do not provide dense distributed hydraulic measurements."
96,24.0,pignn_v3_balanced,74135.6875,76221.32470584557,3198.006539548873,0.4708091914653778,90.40886688232422,886.9109841156006,556.7544577776379,417.5658433332284,2085.6372058455745,2.813270202485914,simulator_assisted_hidden_state,"PI-GNN-GRU-v3 operational indicators are derived from reconstructed hidden states; hydraulic quantities are simulator-assisted proxies, not real distributed measurements. Pressure/head and flow are simulator-assisted hidden hydraulic states because public district-heating datasets do not provide dense distributed hydraulic measurements."
97,24.25,pignn_v3_balanced,74065.0625,75944.02334292723,3198.5892327976217,0.47081881761550903,89.02142333984375,873.3001629638671,548.221533533439,411.16615015007926,1878.960842927234,2.536905768394152,simulator_assisted_hidden_state,"PI-GNN-GRU-v3 operational indicators are derived from reconstructed hidden states; hydraulic quantities are simulator-assisted proxies, not real distributed measurements. Pressure/head and flow are simulator-assisted hidden hydraulic states because public district-heating datasets do not provide dense distributed hydraulic measurements."
98,24.5,pignn_v3_balanced,73976.1328125,75741.55785799887,3199.4345942859645,0.4694765508174896,88.12098693847656,864.4668818664551,541.129239992818,405.84692999461356,1765.425045498865,2.3864792310426846,simulator_assisted_hidden_state,"PI-GNN-GRU-v3 operational indicators are derived from reconstructed hidden states; hydraulic quantities are simulator-assisted proxies, not real distributed measurements. Pressure/head and flow are simulator-assisted hidden hydraulic states because public district-heating datasets do not provide dense distributed hydraulic measurements."
99,24.75,pignn_v3_balanced,73221.1015625,75361.8966730857,3200.0190824604033,0.4669994115829468,87.40535736083984,857.4465557098389,533.9027159737589,400.42703698031914,2140.7951105857064,2.9237406497611462,simulator_assisted_hidden_state,"PI-GNN-GRU-v3 operational indicators are derived from reconstructed hidden states; hydraulic quantities are simulator-assisted proxies, not real distributed measurements. Pressure/head and flow are simulator-assisted hidden hydraulic states because public district-heating datasets do not provide dense distributed hydraulic measurements."
100,25.0,pignn_v3_balanced,73055.375,74958.45380511438,3200.774705749511,0.46464356780052185,86.30307388305664,846.6331547927856,524.5101995481753,393.38264966113144,1903.0788051143754,2.604981228437162,simulator_assisted_hidden_state,"PI-GNN-GRU-v3 operational indicators are derived from reconstructed hidden states; hydraulic quantities are simulator-assisted proxies, not real distributed measurements. Pressure/head and flow are simulator-assisted hidden hydraulic states because public district-heating datasets do not provide dense distributed hydraulic measurements."
101,25.25,pignn_v3_balanced,76082.359375,75371.19993932474,3198.9779824390407,0.46490928530693054,89.33320999145508,876.3587900161743,543.2364516518213,407.42733873886596,-711.1594356752612,-0.9347231625271364,simulator_assisted_hidden_state,"PI-GNN-GRU-v3 operational indicators are derived from reconstructed hidden states; hydraulic quantities are simulator-assisted proxies, not real distributed measurements. Pressure/head and flow are simulator-assisted hidden hydraulic states because public district-heating datasets do not provide dense distributed hydraulic measurements."
102,25.5,pignn_v3_balanced,83785.046875,77284.05151712344,3195.1981573104854,0.4826357066631317,99.63040542602539,977.3742772293091,628.954299953247,471.71572496493525,-6500.995357876556,-7.759135550255734,simulator_assisted_hidden_state,"PI-GNN-GRU-v3 operational indicators are derived from reconstructed hidden states; hydraulic quantities are simulator-assisted proxies, not real distributed measurements. Pressure/head and flow are simulator-assisted hidden hydraulic states because public district-heating datasets do not provide dense distributed hydraulic measurements."
103,25.75,pignn_v3_balanced,92437.5234375,80980.89776860016,3188.9285465583794,0.5092525482177734,113.22807693481445,1110.7674347305299,754.2148621517889,565.6611466138417,-11456.62566889984,-12.393912388453414,simulator_assisted_hidden_state,"PI-GNN-GRU-v3 operational indicators are derived from reconstructed hidden states; hydraulic quantities are simulator-assisted proxies, not real distributed measurements. Pressure/head and flow are simulator-assisted hidden hydraulic states because public district-heating datasets do not provide dense distributed hydraulic measurements."
104,26.0,pignn_v3_balanced,94792.390625,85146.20811104774,3185.2960508708957,0.5236361622810364,121.6594009399414,1193.4787232208253,833.2648245218987,624.948618391424,-9646.182513952255,-10.176114823512243,simulator_assisted_hidden_state,"PI-GNN-GRU-v3 operational indicators are derived from reconstructed hidden states; hydraulic quantities are simulator-assisted proxies, not real distributed measurements. Pressure/head and flow are simulator-assisted hidden hydraulic states because public district-heating datasets do not provide dense distributed hydraulic measurements."
105,26.25,pignn_v3_balanced,98025.2578125,87698.86971017113,3181.395060173034,0.5350381135940552,131.2411117553711,1287.4753063201904,918.4644789233107,688.848359192483,-10326.38810232887,-10.534415652423888,simulator_assisted_hidden_state,"PI-GNN-GRU-v3 operational indicators are derived from reconstructed hidden states; hydraulic quantities are simulator-assisted proxies, not real distributed measurements. Pressure/head and flow are simulator-assisted hidden hydraulic states because public district-heating datasets do not provide dense distributed hydraulic measurements."
106,26.5,pignn_v3_balanced,99059.109375,89405.04852760395,3179.610850135802,0.5449575185775757,138.00583267211914,1353.8372185134888,983.7116948787707,737.783771159078,-9654.060847396046,-9.745757768575784,simulator_assisted_hidden_state,"PI-GNN-GRU-v3 operational indicators are derived from reconstructed hidden states; hydraulic quantities are simulator-assisted proxies, not real distributed measurements. Pressure/head and flow are simulator-assisted hidden hydraulic states because public district-heating datasets do not provide dense distributed hydraulic measurements."
107,26.75,pignn_v3_balanced,75655.7265625,84541.83182440647,3182.3454167289738,0.5174882411956787,122.13518905639648,1198.1462046432496,826.7020961814839,620.0265721361129,8886.105261906472,11.745449638323896,simulator_assisted_hidden_state,"PI-GNN-GRU-v3 operational indicators are derived from reconstructed hidden states; hydraulic quantities are simulator-assisted proxies, not real distributed measurements. Pressure/head and flow are simulator-assisted hidden hydraulic states because public district-heating datasets do not provide dense distributed hydraulic measurements."
108,27.0,pignn_v3_balanced,74065.0625,76646.14660928228,3199.08963166809,0.47331833839416504,89.20513534545898,875.1023777389527,552.2693378082453,414.2020033561839,2581.084109282281,3.4848875058767166,simulator_assisted_hidden_state,"PI-GNN-GRU-v3 operational indicators are derived from reconstructed hidden states; hydraulic quantities are simulator-assisted proxies, not real distributed measurements. Pressure/head and flow are simulator-assisted hidden hydraulic states because public district-heating datasets do not provide dense distributed hydraulic measurements."
109,27.25,pignn_v3_balanced,73976.1328125,76162.5524059729,3199.934861097335,0.47097665071487427,88.14981460571289,864.7496812820434,543.0358781292958,407.2769085969719,2186.419593472907,2.9555743323520423,simulator_assisted_hidden_state,"PI-GNN-GRU-v3 operational indicators are derived from reconstructed hidden states; hydraulic quantities are simulator-assisted proxies, not real distributed measurements. Pressure/head and flow are simulator-assisted hidden hydraulic states because public district-heating datasets do not provide dense distributed hydraulic measurements."
110,27.5,pignn_v3_balanced,73221.1015625,75636.29422204493,3200.4676710433955,0.46794143319129944,87.37884902954102,857.1865089797974,534.8174446990041,401.11308352425306,2415.192659544933,3.298492658545126,simulator_assisted_hidden_state,"PI-GNN-GRU-v3 operational indicators are derived from reconstructed hidden states; hydraulic quantities are simulator-assisted proxies, not real distributed measurements. Pressure/head and flow are simulator-assisted hidden hydraulic states because public district-heating datasets do not provide dense distributed hydraulic measurements."
111,27.75,pignn_v3_balanced,73055.375,75149.48325332846,3201.1732547149654,0.46523723006248474,86.23065948486328,845.9227695465088,524.7396882008045,393.55476615060337,2094.1082533284643,2.8664670509575294,simulator_assisted_hidden_state,"PI-GNN-GRU-v3 operational indicators are derived from reconstructed hidden states; hydraulic quantities are simulator-assisted proxies, not real distributed measurements. Pressure/head and flow are simulator-assisted hidden hydraulic states because public district-heating datasets do not provide dense distributed hydraulic measurements."
112,28.0,pignn_v3_balanced,76082.359375,75518.76857778848,3199.319357900619,0.4653603136539459,89.2645149230957,875.6848913955688,543.3453276291513,407.50899572186347,-563.5907972115237,-0.7407640901797727,simulator_assisted_hidden_state,"PI-GNN-GRU-v3 operational indicators are derived from reconstructed hidden states; hydraulic quantities are simulator-assisted proxies, not real distributed measurements. Pressure/head and flow are simulator-assisted hidden hydraulic states because public district-heating datasets do not provide dense distributed hydraulic measurements."
113,28.25,pignn_v3_balanced,83785.046875,77419.97084413015,3195.4683367481225,0.4833259880542755,99.6845588684082,977.9055224990844,630.1962038474701,472.64715288560257,-6365.076030869852,-7.596911702354229,simulator_assisted_hidden_state,"PI-GNN-GRU-v3 operational indicators are derived from reconstructed hidden states; hydraulic quantities are simulator-assisted proxies, not real distributed measurements. Pressure/head and flow are simulator-assisted hidden hydraulic states because public district-heating datasets do not provide dense distributed hydraulic measurements."
114,28.5,pignn_v3_balanced,92437.5234375,81150.02536230495,3189.154693719863,0.5101220607757568,113.38407897949219,1112.2978147888184,756.5435379685908,567.4076534764431,-11287.49807519505,-12.21094816849663,simulator_assisted_hidden_state,"PI-GNN-GRU-v3 operational indicators are derived from reconstructed hidden states; hydraulic quantities are simulator-assisted proxies, not real distributed measurements. Pressure/head and flow are simulator-assisted hidden hydraulic states because public district-heating datasets do not provide dense distributed hydraulic measurements."
115,28.75,pignn_v3_balanced,94792.390625,85346.02479561804,3185.5831931648245,0.5243264436721802,121.78759384155273,1194.7362955856324,835.2424439873189,626.4318329904892,-9446.36582938196,-9.965320810139618,simulator_assisted_hidden_state,"PI-GNN-GRU-v3 operational indicators are derived from reconstructed hidden states; hydraulic quantities are simulator-assisted proxies, not real distributed measurements. Pressure/head and flow are simulator-assisted hidden hydraulic states because public district-heating datasets do not provide dense distributed hydraulic measurements."
116,29.0,pignn_v3_balanced,98025.2578125,87888.98782787313,3181.7094551525115,0.5357061624526978,131.38443756103516,1288.8813324737548,920.6155633019131,690.4616724764348,-10136.269984626866,-10.340467559917304,simulator_assisted_hidden_state,"PI-GNN-GRU-v3 operational indicators are derived from reconstructed hidden states; hydraulic quantities are simulator-assisted proxies, not real distributed measurements. Pressure/head and flow are simulator-assisted hidden hydraulic states because public district-heating datasets do not provide dense distributed hydraulic measurements."
117,29.25,pignn_v3_balanced,99059.109375,89577.65367412221,3179.9470133056634,0.5455694198608398,138.1433868408203,1355.1866249084474,985.7978410059615,739.3483807544711,-9481.455700877792,-9.571513170974127,simulator_assisted_hidden_state,"PI-GNN-GRU-v3 operational indicators are derived from reconstructed hidden states; hydraulic quantities are simulator-assisted proxies, not real distributed measurements. Pressure/head and flow are simulator-assisted hidden hydraulic states because public district-heating datasets do not provide dense distributed hydraulic measurements."
118,29.5,pignn_v3_balanced,75655.7265625,84673.32491423104,3182.684913717269,0.5179862976074219,122.20079803466797,1198.7898287200928,827.9422733175415,620.9567049881562,9017.598351731038,11.919254181349384,simulator_assisted_hidden_state,"PI-GNN-GRU-v3 operational indicators are derived from reconstructed hidden states; hydraulic quantities are simulator-assisted proxies, not real distributed measurements. Pressure/head and flow are simulator-assisted hidden hydraulic states because public district-heating datasets do not provide dense distributed hydraulic measurements."
119,29.75,pignn_v3_balanced,70143.8203125,79663.74813334974,3187.2353602752682,0.49549052119255066,107.1758804321289,1051.3953870391845,694.6085977379854,520.9564483034891,9519.927820849742,13.572012157930955,simulator_assisted_hidden_state,"PI-GNN-GRU-v3 operational indicators are derived from reconstructed hidden states; hydraulic quantities are simulator-assisted proxies, not real distributed measurements. Pressure/head and flow are simulator-assisted hidden hydraulic states because public district-heating datasets do not provide dense distributed hydraulic measurements."
120,30.0,pignn_v3_balanced,73976.1328125,76511.1741423625,3199.2168315296167,0.4723588824272156,88.47262954711914,867.9164958572387,546.6240880310271,409.96806602327035,2535.0413298625062,3.426836783003817,simulator_assisted_hidden_state,"PI-GNN-GRU-v3 operational indicators are derived from reconstructed hidden states; hydraulic quantities are simulator-assisted proxies, not real distributed measurements. Pressure/head and flow are simulator-assisted hidden hydraulic states because public district-heating datasets do not provide dense distributed hydraulic measurements."
121,30.25,pignn_v3_balanced,73221.1015625,75743.74773573538,3199.7536490650173,0.468508780002594,87.52163696289062,858.587258605957,536.3408920736648,402.25566905524863,2522.6461732353782,3.44524477152546,simulator_assisted_hidden_state,"PI-GNN-GRU-v3 operational indicators are derived from reconstructed hidden states; hydraulic quantities are simulator-assisted proxies, not real distributed measurements. Pressure/head and flow are simulator-assisted hidden hydraulic states because public district-heating datasets do not provide dense distributed hydraulic measurements."
122,30.5,pignn_v3_balanced,73055.375,75157.6416271828,3200.4529774475086,0.4653697609901428,86.30555725097656,846.65751663208,525.3450748741053,394.008806155579,2102.2666271828057,2.8776344344037734,simulator_assisted_hidden_state,"PI-GNN-GRU-v3 operational indicators are derived from reconstructed hidden states; hydraulic quantities are simulator-assisted proxies, not real distributed measurements. Pressure/head and flow are simulator-assisted hidden hydraulic states because public district-heating datasets do not provide dense distributed hydraulic measurements."
123,30.75,pignn_v3_balanced,76082.359375,75482.30158961607,3198.571340137481,0.4653473198413849,89.34127044677734,876.4378630828858,543.7973474575087,407.84801059313156,-600.057785383935,-0.7886950277479287,simulator_assisted_hidden_state,"PI-GNN-GRU-v3 operational indicators are derived from reconstructed hidden states; hydraulic quantities are simulator-assisted proxies, not real distributed measurements. Pressure/head and flow are simulator-assisted hidden hydraulic states because public district-heating datasets do not provide dense distributed hydraulic measurements."
124,31.0,pignn_v3_balanced,83785.046875,77365.88612888787,3194.6030073852535,0.4838043451309204,99.92638778686523,980.277864189148,632.3502535071574,474.262690130368,-6419.160746112131,-7.661463453841543,simulator_assisted_hidden_state,"PI-GNN-GRU-v3 operational indicators are derived from reconstructed hidden states; hydraulic quantities are simulator-assisted proxies, not real distributed measurements. Pressure/head and flow are simulator-assisted hidden hydraulic states because public district-heating datasets do not provide dense distributed hydraulic measurements."
125,31.25,pignn_v3_balanced,92437.5234375,81158.93621664723,3188.4180519046777,0.5109391212463379,113.73457717895508,1115.7362021255494,760.0976995423395,570.0732746567546,-11278.587220852773,-12.201308301469794,simulator_assisted_hidden_state,"PI-GNN-GRU-v3 operational indicators are derived from reconstructed hidden states; hydraulic quantities are simulator-assisted proxies, not real distributed measurements. Pressure/head and flow are simulator-assisted hidden hydraulic states because public district-heating datasets do not provide dense distributed hydraulic measurements."
126,31.5,pignn_v3_balanced,94792.390625,85421.74750921085,3185.0366248168934,0.5249061584472656,122.06824493408203,1197.4894828033448,838.0928055990754,628.5696041993066,-9370.64311578915,-9.88543811798095,simulator_assisted_hidden_state,"PI-GNN-GRU-v3 operational indicators are derived from reconstructed hidden states; hydraulic quantities are simulator-assisted proxies, not real distributed measurements. Pressure/head and flow are simulator-assisted hidden hydraulic states because public district-heating datasets do not provide dense distributed hydraulic measurements."
127,31.75,pignn_v3_balanced,98025.2578125,87970.46695876983,3181.3285455093383,0.5362775325775146,131.66626358032227,1291.6460457229614,923.5743391517512,692.6807543638134,-10054.79085373017,-10.257347012504365,simulator_assisted_hidden_state,"PI-GNN-GRU-v3 operational indicators are derived from reconstructed hidden states; hydraulic quantities are simulator-assisted proxies, not real distributed measurements. Pressure/head and flow are simulator-assisted hidden hydraulic states because public district-heating datasets do not provide dense distributed hydraulic measurements."
128,32.0,pignn_v3_balanced,99059.109375,89648.422903004,3179.68730965805,0.5461052656173706,138.4049186706543,1357.7522521591186,988.6342057439182,741.4756543079386,-9410.686471996,-9.500071756521383,simulator_assisted_hidden_state,"PI-GNN-GRU-v3 operational indicators are derived from reconstructed hidden states; hydraulic quantities are simulator-assisted proxies, not real distributed measurements. Pressure/head and flow are simulator-assisted hidden hydraulic states because public district-heating datasets do not provide dense distributed hydraulic measurements."
129,32.25,pignn_v3_balanced,75655.7265625,84691.7946132891,3182.4656120681766,0.5182895660400391,122.35262680053711,1200.279268913269,829.4562952158848,622.0922214119136,9036.068050789094,11.943667004934916,simulator_assisted_hidden_state,"PI-GNN-GRU-v3 operational indicators are derived from reconstructed hidden states; hydraulic quantities are simulator-assisted proxies, not real distributed measurements. Pressure/head and flow are simulator-assisted hidden hydraulic states because public district-heating datasets do not provide dense distributed hydraulic measurements."
130,32.5,pignn_v3_balanced,70143.8203125,79659.24514432397,3187.024626296997,0.49564826488494873,107.2726936340332,1052.3451245498657,695.4573800577017,521.5930350432762,9515.42483182397,13.5655925061274,simulator_assisted_hidden_state,"PI-GNN-GRU-v3 operational indicators are derived from reconstructed hidden states; hydraulic quantities are simulator-assisted proxies, not real distributed measurements. Pressure/head and flow are simulator-assisted hidden hydraulic states because public district-heating datasets do not provide dense distributed hydraulic measurements."
131,32.75,pignn_v3_balanced,69416.4453125,77083.0218556813,3190.770094499588,0.47536882758140564,97.0591812133789,952.150567703247,603.4969320667498,452.62269905006235,7666.576543181305,11.044323155223227,simulator_assisted_hidden_state,"PI-GNN-GRU-v3 operational indicators are derived from reconstructed hidden states; hydraulic quantities are simulator-assisted proxies, not real distributed measurements. Pressure/head and flow are simulator-assisted hidden hydraulic states because public district-heating datasets do not provide dense distributed hydraulic measurements."
132,33.0,pignn_v3_balanced,73221.1015625,75773.76967089198,3198.287733793258,0.46899664402008057,87.80812454223633,861.3977017593384,538.6568417223199,403.99263129173994,2552.668108391983,3.4862465244572682,simulator_assisted_hidden_state,"PI-GNN-GRU-v3 operational indicators are derived from reconstructed hidden states; hydraulic quantities are simulator-assisted proxies, not real distributed measurements. Pressure/head and flow are simulator-assisted hidden hydraulic states because public district-heating datasets do not provide dense distributed hydraulic measurements."
133,33.25,pignn_v3_balanced,73055.375,75047.2074941989,3199.053334281921,0.4653443396091461,86.43109130859375,847.8890057373047,526.0804659155754,394.5603494366815,1991.8324941988976,2.7264694681245527,simulator_assisted_hidden_state,"PI-GNN-GRU-v3 operational indicators are derived from reconstructed hidden states; hydraulic quantities are simulator-assisted proxies, not real distributed measurements. Pressure/head and flow are simulator-assisted hidden hydraulic states because public district-heating datasets do not provide dense distributed hydraulic measurements."
134,33.5,pignn_v3_balanced,76082.359375,75330.17214493094,3197.1553405094146,0.46530887484550476,89.50804138183594,878.0738859558105,544.767429207091,408.57557190531827,-752.1872300690593,-0.9886486647471416,simulator_assisted_hidden_state,"PI-GNN-GRU-v3 operational indicators are derived from reconstructed hidden states; hydraulic quantities are simulator-assisted proxies, not real distributed measurements. Pressure/head and flow are simulator-assisted hidden hydraulic states because public district-heating datasets do not provide dense distributed hydraulic measurements."
135,33.75,pignn_v3_balanced,83785.046875,77207.5288474959,3193.0031761035916,0.48471561074256897,100.35802459716797,984.5122212982178,636.2779235067851,477.2084426300888,-6577.518027504106,-7.850467682278904,simulator_assisted_hidden_state,"PI-GNN-GRU-v3 operational indicators are derived from reconstructed hidden states; hydraulic quantities are simulator-assisted proxies, not real distributed measurements. Pressure/head and flow are simulator-assisted hidden hydraulic states because public district-heating datasets do not provide dense distributed hydraulic measurements."
136,34.0,pignn_v3_balanced,92437.5234375,81121.94634148949,3187.0944208774563,0.5123096108436584,114.30159378051758,1121.2986349868775,765.9360897728702,574.4520673296527,-11315.577096010515,-12.241324383448397,simulator_assisted_hidden_state,"PI-GNN-GRU-v3 operational indicators are derived from reconstructed hidden states; hydraulic quantities are simulator-assisted proxies, not real distributed measurements. Pressure/head and flow are simulator-assisted hidden hydraulic states because public district-heating datasets do not provide dense distributed hydraulic measurements."
137,34.25,pignn_v3_balanced,94792.390625,85483.18306116307,3184.0139079608916,0.5257967710494995,122.51117706298828,1201.834646987915,842.5610356288812,631.9207767216609,-9309.207563836928,-9.820627481233469,simulator_assisted_hidden_state,"PI-GNN-GRU-v3 operational indicators are derived from reconstructed hidden states; hydraulic quantities are simulator-assisted proxies, not real distributed measurements. Pressure/head and flow are simulator-assisted hidden hydraulic states because public district-heating datasets do not provide dense distributed hydraulic measurements."
138,34.5,pignn_v3_balanced,98025.2578125,88039.89502015016,3180.5786034564967,0.5370823740959167,132.09224319458008,1295.8249057388305,927.9529557157716,695.9647167868287,-9985.362792349842,-10.186520306276131,simulator_assisted_hidden_state,"PI-GNN-GRU-v3 operational indicators are derived from reconstructed hidden states; hydraulic quantities are simulator-assisted proxies, not real distributed measurements. Pressure/head and flow are simulator-assisted hidden hydraulic states because public district-heating datasets do not provide dense distributed hydraulic measurements."
139,34.75,pignn_v3_balanced,99059.109375,89701.60680805566,3179.125452100753,0.5468268394470215,138.79094314575195,1361.5391522598266,992.7015352181573,744.526151413618,-9357.502566944342,-9.446382696133888,simulator_assisted_hidden_state,"PI-GNN-GRU-v3 operational indicators are derived from reconstructed hidden states; hydraulic quantities are simulator-assisted proxies, not real distributed measurements. Pressure/head and flow are simulator-assisted hidden hydraulic states because public district-heating datasets do not provide dense distributed hydraulic measurements."
140,35.0,pignn_v3_balanced,75655.7265625,84669.07468801037,3181.9608121261595,0.5186469554901123,122.58783721923828,1202.5866831207275,831.6238958846903,623.7179219135178,9013.348125510369,11.913636330046142,simulator_assisted_hidden_state,"PI-GNN-GRU-v3 operational indicators are derived from reconstructed hidden states; hydraulic quantities are simulator-assisted proxies, not real distributed measurements. Pressure/head and flow are simulator-assisted hidden hydraulic states because public district-heating datasets do not provide dense distributed hydraulic measurements."
141,35.25,pignn_v3_balanced,70143.8203125,79605.61237550435,3186.534201930999,0.4957868456840515,107.43745803833008,1053.9614633560182,696.720305853103,522.5402293898272,9461.792063004352,13.489131360183714,simulator_assisted_hidden_state,"PI-GNN-GRU-v3 operational indicators are derived from reconstructed hidden states; hydraulic quantities are simulator-assisted proxies, not real distributed measurements. Pressure/head and flow are simulator-assisted hidden hydraulic states because public district-heating datasets do not provide dense distributed hydraulic measurements."
142,35.5,pignn_v3_balanced,69416.4453125,77016.1035836265,3190.2858769111626,0.47536495327949524,97.18575668334961,953.3922730636597,604.2790311225845,453.20927334193834,7599.658271126493,10.947921975713733,simulator_assisted_hidden_state,"PI-GNN-GRU-v3 operational indicators are derived from reconstructed hidden states; hydraulic quantities are simulator-assisted proxies, not real distributed measurements. Pressure/head and flow are simulator-assisted hidden hydraulic states because public district-heating datasets do not provide dense distributed hydraulic measurements."
143,35.75,pignn_v3_balanced,68405.7265625,75499.62541152681,3195.0548812751767,0.46373501420021057,89.37188339233398,876.7381760787964,542.0989207116899,406.57419053376736,7093.898849026809,10.370328926402607,simulator_assisted_hidden_state,"PI-GNN-GRU-v3 operational indicators are derived from reconstructed hidden states; hydraulic quantities are simulator-assisted proxies, not real distributed measurements. Pressure/head and flow are simulator-assisted hidden hydraulic states because public district-heating datasets do not provide dense distributed hydraulic measurements."
144,36.0,pignn_v3_balanced,73055.375,75158.5434970849,3197.8156791172023,0.466084361076355,86.75920486450195,851.1077997207642,528.9173800532728,396.6880350399546,2103.168497084902,2.878868936180126,simulator_assisted_hidden_state,"PI-GNN-GRU-v3 operational indicators are derived from reconstructed hidden states; hydraulic quantities are simulator-assisted proxies, not real distributed measurements. Pressure/head and flow are simulator-assisted hidden hydraulic states because public district-heating datasets do not provide dense distributed hydraulic measurements."
145,36.25,pignn_v3_balanced,76082.359375,75313.33690521569,3195.927147783279,0.4663289487361908,89.92028427124023,882.1179887008667,548.4762057762109,411.3571543321582,-769.0224697843078,-1.0107763167462993,simulator_assisted_hidden_state,"PI-GNN-GRU-v3 operational indicators are derived from reconstructed hidden states; hydraulic quantities are simulator-assisted proxies, not real distributed measurements. Pressure/head and flow are simulator-assisted hidden hydraulic states because public district-heating datasets do not provide dense distributed hydraulic measurements."
146,36.5,pignn_v3_balanced,83785.046875,77213.06048579222,3191.562155319213,0.48780661821365356,101.25175857543945,993.2797516250611,646.0379154404251,484.52843658031884,-6571.986389207785,-7.84386550384416,simulator_assisted_hidden_state,"PI-GNN-GRU-v3 operational indicators are derived from reconstructed hidden states; hydraulic quantities are simulator-assisted proxies, not real distributed measurements. Pressure/head and flow are simulator-assisted hidden hydraulic states because public district-heating datasets do not provide dense distributed hydraulic measurements."
147,36.75,pignn_v3_balanced,92437.5234375,81320.5028506145,3186.1345776271814,0.5158289074897766,115.34164428710938,1131.501530456543,778.2149310378783,583.6611982784087,-11117.020586885497,-12.026523616680485,simulator_assisted_hidden_state,"PI-GNN-GRU-v3 operational indicators are derived from reconstructed hidden states; hydraulic quantities are simulator-assisted proxies, not real distributed measurements. Pressure/head and flow are simulator-assisted hidden hydraulic states because public district-heating datasets do not provide dense distributed hydraulic measurements."
148,37.0,pignn_v3_balanced,94792.390625,85747.79183449651,3183.38669193077,0.528032660484314,123.29612731933594,1209.5350090026855,851.5653183368089,638.6739887526066,-9044.598790503485,-9.541481896246337,simulator_assisted_hidden_state,"PI-GNN-GRU-v3 operational indicators are derived from reconstructed hidden states; hydraulic quantities are simulator-assisted proxies, not real distributed measurements. Pressure/head and flow are simulator-assisted hidden hydraulic states because public district-heating datasets do not provide dense distributed hydraulic measurements."
149,37.25,pignn_v3_balanced,98025.2578125,88270.01354432364,3180.2756598873143,0.538916826248169,132.80134201049805,1302.7811651229858,936.1209210719617,702.0906908039713,-9755.244268176364,-9.951765989573753,simulator_assisted_hidden_state,"PI-GNN-GRU-v3 operational indicators are derived from reconstructed hidden states; hydraulic quantities are simulator-assisted proxies, not real distributed measurements. Pressure/head and flow are simulator-assisted hidden hydraulic states because public district-heating datasets do not provide dense distributed hydraulic measurements."
150,37.5,pignn_v3_balanced,99059.109375,89875.99408358656,3179.0228906936645,0.5483677983283997,139.40704727172852,1367.5831337356567,999.9180694369006,749.9385520776755,-9183.115291413444,-9.270339042368807,simulator_assisted_hidden_state,"PI-GNN-GRU-v3 operational indicators are derived from reconstructed hidden states; hydraulic quantities are simulator-assisted proxies, not real distributed measurements. Pressure/head and flow are simulator-assisted hidden hydraulic states because public district-heating datasets do not provide dense distributed hydraulic measurements."
151,37.75,pignn_v3_balanced,75655.7265625,84724.20331641969,3181.864115221023,0.519575834274292,122.98369979858398,1206.4700950241088,835.8036081988477,626.8527061491358,9068.476753919691,11.98650408363751,simulator_assisted_hidden_state,"PI-GNN-GRU-v3 operational indicators are derived from reconstructed hidden states; hydraulic quantities are simulator-assisted proxies, not real distributed measurements. Pressure/head and flow are simulator-assisted hidden hydraulic states because public district-heating datasets do not provide dense distributed hydraulic measurements."
152,38.0,pignn_v3_balanced,70143.8203125,79612.17236678858,3186.405490127563,0.4963394105434418,107.72624206542969,1056.7944346618651,699.3716356875466,524.5287267656599,9468.352054288582,13.49848356149668,simulator_assisted_hidden_state,"PI-GNN-GRU-v3 operational indicators are derived from reconstructed hidden states; hydraulic quantities are simulator-assisted proxies, not real distributed measurements. Pressure/head and flow are simulator-assisted hidden hydraulic states because public district-heating datasets do not provide dense distributed hydraulic measurements."
153,38.25,pignn_v3_balanced,69416.4453125,77002.53734314749,3190.1206332492825,0.4756925404071808,97.41605377197266,955.6514875030517,606.1283784456372,454.59628383422785,7586.092030647487,10.928378709823448,simulator_assisted_hidden_state,"PI-GNN-GRU-v3 operational indicators are derived from reconstructed hidden states; hydraulic quantities are simulator-assisted proxies, not real distributed measurements. Pressure/head and flow are simulator-assisted hidden hydraulic states because public district-heating datasets do not provide dense distributed hydraulic measurements."
154,38.5,pignn_v3_balanced,68405.7265625,75475.12497006114,3194.8744184761044,0.46392080187797546,89.56577682495117,878.640270652771,543.4926652313533,407.6194989235149,7069.398407561137,10.334512566140303,simulator_assisted_hidden_state,"PI-GNN-GRU-v3 operational indicators are derived from reconstructed hidden states; hydraulic quantities are simulator-assisted proxies, not real distributed measurements. Pressure/head and flow are simulator-assisted hidden hydraulic states because public district-heating datasets do not provide dense distributed hydraulic measurements."
155,38.75,pignn_v3_balanced,67992.296875,74154.75267138431,3201.0362447490684,0.45626601576805115,84.34407043457031,827.4153309631348,503.3619952586039,377.5214964439529,6162.455796384311,9.063461714955208,simulator_assisted_hidden_state,"PI-GNN-GRU-v3 operational indicators are derived from reconstructed hidden states; hydraulic quantities are simulator-assisted proxies, not real distributed measurements. Pressure/head and flow are simulator-assisted hidden hydraulic states because public district-heating datasets do not provide dense distributed hydraulic measurements."
156,39.0,pignn_v3_balanced,76082.359375,75616.31569160672,3194.5829209270473,0.47075366973876953,91.5292739868164,897.902177810669,563.5876603610741,422.69074527080556,-466.0436833932763,-0.6125515654636944,simulator_assisted_hidden_state,"PI-GNN-GRU-v3 operational indicators are derived from reconstructed hidden states; hydraulic quantities are simulator-assisted proxies, not real distributed measurements. Pressure/head and flow are simulator-assisted hidden hydraulic states because public district-heating datasets do not provide dense distributed hydraulic measurements."
157,39.25,pignn_v3_balanced,83785.046875,77618.94697417595,3190.3555394325253,0.49754512310028076,103.52699661254883,1015.5998367691041,673.7423277412119,505.3067458059089,-6166.099900824047,-7.359427643483128,simulator_assisted_hidden_state,"PI-GNN-GRU-v3 operational indicators are derived from reconstructed hidden states; hydraulic quantities are simulator-assisted proxies, not real distributed measurements. Pressure/head and flow are simulator-assisted hidden hydraulic states because public district-heating datasets do not provide dense distributed hydraulic measurements."
158,39.5,pignn_v3_balanced,92437.5234375,82071.44454306553,3186.0453514938354,0.5248792767524719,117.47249221801758,1152.4051486587525,806.4981079384411,604.8735809538308,-10366.078894434468,-11.214146062062458,simulator_assisted_hidden_state,"PI-GNN-GRU-v3 operational indicators are derived from reconstructed hidden states; hydraulic quantities are simulator-assisted proxies, not real distributed measurements. Pressure/head and flow are simulator-assisted hidden hydraulic states because public district-heating datasets do not provide dense distributed hydraulic measurements."
159,39.75,pignn_v3_balanced,94792.390625,86361.51132288454,3183.4488729000086,0.5333249568939209,124.83647537231445,1224.6458234024049,870.8455746352105,653.1341809764078,-8430.879302115456,-8.894046501546871,simulator_assisted_hidden_state,"PI-GNN-GRU-v3 operational indicators are derived from reconstructed hidden states; hydraulic quantities are simulator-assisted proxies, not real distributed measurements. Pressure/head and flow are simulator-assisted hidden hydraulic states because public district-heating datasets do not provide dense distributed hydraulic measurements."
160,40.0,pignn_v3_balanced,98025.2578125,88749.72950837808,3180.714015237808,0.542966365814209,134.1116180419922,1315.6349729919434,952.4607200313473,714.3455400235105,-9275.528304121923,-9.462386033060884,simulator_assisted_hidden_state,"PI-GNN-GRU-v3 operational indicators are derived from reconstructed hidden states; hydraulic quantities are simulator-assisted proxies, not real distributed measurements. Pressure/head and flow are simulator-assisted hidden hydraulic states because public district-heating datasets do not provide dense distributed hydraulic measurements."
161,40.25,pignn_v3_balanced,99059.109375,90219.58557127128,3179.6593373851774,0.5516189932823181,140.50677108764648,1378.371424369812,1013.781143306654,760.3358574799905,-8839.52380372872,-8.923484028375073,simulator_assisted_hidden_state,"PI-GNN-GRU-v3 operational indicators are derived from reconstructed hidden states; hydraulic quantities are simulator-assisted proxies, not real distributed measurements. Pressure/head and flow are simulator-assisted hidden hydraulic states because public district-heating datasets do not provide dense distributed hydraulic measurements."
162,40.5,pignn_v3_balanced,75655.7265625,84847.77099462226,3182.3750464782706,0.5216331481933594,123.7500114440918,1213.9876122665405,844.3415734057797,633.2561800543348,9192.04443212226,12.149832999790986,simulator_assisted_hidden_state,"PI-GNN-GRU-v3 operational indicators are derived from reconstructed hidden states; hydraulic quantities are simulator-assisted proxies, not real distributed measurements. Pressure/head and flow are simulator-assisted hidden hydraulic states because public district-heating datasets do not provide dense distributed hydraulic measurements."
163,40.75,pignn_v3_balanced,70143.8203125,79648.80543375634,3186.778513956069,0.4976654350757599,108.33344650268555,1062.751110191345,705.1926581741635,528.8944936306226,9504.985121256337,13.550709212743719,simulator_assisted_hidden_state,"PI-GNN-GRU-v3 operational indicators are derived from reconstructed hidden states; hydraulic quantities are simulator-assisted proxies, not real distributed measurements. Pressure/head and flow are simulator-assisted hidden hydraulic states because public district-heating datasets do not provide dense distributed hydraulic measurements."
164,41.0,pignn_v3_balanced,69416.4453125,77006.38243562149,3190.362595161437,0.4766070246696472,97.93220901489258,960.7149704360962,610.5113381535145,457.8835036151359,7589.93712312149,10.9339178763087,simulator_assisted_hidden_state,"PI-GNN-GRU-v3 operational indicators are derived from reconstructed hidden states; hydraulic quantities are simulator-assisted proxies, not real distributed measurements. Pressure/head and flow are simulator-assisted hidden hydraulic states because public district-heating datasets do not provide dense distributed hydraulic measurements."
165,41.25,pignn_v3_balanced,68405.7265625,75461.22518939455,3195.04514124298,0.4645574986934662,90.02344512939453,883.1299967193604,547.0195497294867,410.264662297115,7055.49862689455,10.314192950568517,simulator_assisted_hidden_state,"PI-GNN-GRU-v3 operational indicators are derived from reconstructed hidden states; hydraulic quantities are simulator-assisted proxies, not real distributed measurements. Pressure/head and flow are simulator-assisted hidden hydraulic states because public district-heating datasets do not provide dense distributed hydraulic measurements."
166,41.5,pignn_v3_balanced,67992.296875,74132.26086534974,3201.1693899650563,0.45671510696411133,84.7650032043457,831.5446814346313,506.37202416914073,379.77901812685553,6139.963990349745,9.030381782274134,simulator_assisted_hidden_state,"PI-GNN-GRU-v3 operational indicators are derived from reconstructed hidden states; hydraulic quantities are simulator-assisted proxies, not real distributed measurements. Pressure/head and flow are simulator-assisted hidden hydraulic states because public district-heating datasets do not provide dense distributed hydraulic measurements."
167,41.75,pignn_v3_balanced,67426.59375,73207.74276766962,3205.007585214614,0.44751614332199097,80.94223403930664,794.0433159255981,473.79626983150524,355.34720237362893,5781.149017669624,8.573989424861944,simulator_assisted_hidden_state,"PI-GNN-GRU-v3 operational indicators are derived from reconstructed hidden states; hydraulic quantities are simulator-assisted proxies, not real distributed measurements. Pressure/head and flow are simulator-assisted hidden hydraulic states because public district-heating datasets do not provide dense distributed hydraulic measurements."
168,42.0,pignn_v3_balanced,83785.046875,80369.76167474329,3195.4978074874875,0.5284759402275085,106.58134078979492,1045.5629531478883,736.7398196425075,552.5548647318807,-3415.285200256709,-4.07624669035755,simulator_assisted_hidden_state,"PI-GNN-GRU-v3 operational indicators are derived from reconstructed hidden states; hydraulic quantities are simulator-assisted proxies, not real distributed measurements. Pressure/head and flow are simulator-assisted hidden hydraulic states because public district-heating datasets do not provide dense distributed hydraulic measurements."
169,42.25,pignn_v3_balanced,92437.5234375,84502.29824756927,3190.261146823883,0.5438367128372192,119.65522766113281,1173.817783355713,851.1536063600561,638.365204770042,-7935.22518993073,-8.584419935585998,simulator_assisted_hidden_state,"PI-GNN-GRU-v3 operational indicators are derived from reconstructed hidden states; hydraulic quantities are simulator-assisted proxies, not real distributed measurements. Pressure/head and flow are simulator-assisted hidden hydraulic states because public district-heating datasets do not provide dense distributed hydraulic measurements."
170,42.5,pignn_v3_balanced,94792.390625,87651.83641323919,3186.0482540988914,0.5424197316169739,126.59471130371094,1241.8941178894042,898.1704988296923,673.6278741222692,-7140.554211760813,-7.532834824272914,simulator_assisted_hidden_state,"PI-GNN-GRU-v3 operational indicators are derived from reconstructed hidden states; hydraulic quantities are simulator-assisted proxies, not real distributed measurements. Pressure/head and flow are simulator-assisted hidden hydraulic states because public district-heating datasets do not provide dense distributed hydraulic measurements."
171,42.75,pignn_v3_balanced,98025.2578125,89654.34519507138,3183.1441182346343,0.5496382713317871,135.5697021484375,1329.938778076172,974.6470012785285,730.9852509588964,-8370.912617428621,-8.539546647702036,simulator_assisted_hidden_state,"PI-GNN-GRU-v3 operational indicators are derived from reconstructed hidden states; hydraulic quantities are simulator-assisted proxies, not real distributed measurements. Pressure/head and flow are simulator-assisted hidden hydraulic states because public district-heating datasets do not provide dense distributed hydraulic measurements."
172,43.0,pignn_v3_balanced,99059.109375,90848.16653440209,3181.936049697875,0.5568191409111023,141.71282958984375,1390.2028582763671,1032.122081650141,774.0915612376057,-8210.942840597912,-8.288932630632095,simulator_assisted_hidden_state,"PI-GNN-GRU-v3 operational indicators are derived from reconstructed hidden states; hydraulic quantities are simulator-assisted proxies, not real distributed measurements. Pressure/head and flow are simulator-assisted hidden hydraulic states because public district-heating datasets do not provide dense distributed hydraulic measurements."
173,43.25,pignn_v3_balanced,75655.7265625,85093.67887033528,3184.3235595932,0.5250979065895081,124.68679809570312,1223.1774893188476,856.383918704983,642.2879390287372,9437.95230783528,12.47486837633961,simulator_assisted_hidden_state,"PI-GNN-GRU-v3 operational indicators are derived from reconstructed hidden states; hydraulic quantities are simulator-assisted proxies, not real distributed measurements. Pressure/head and flow are simulator-assisted hidden hydraulic states because public district-heating datasets do not provide dense distributed hydraulic measurements."
174,43.5,pignn_v3_balanced,70143.8203125,79739.47621203083,3188.437100755691,0.500114381313324,109.13435363769531,1070.608009185791,713.9019495240551,535.4264621430414,9595.65589953083,13.679973313088615,simulator_assisted_hidden_state,"PI-GNN-GRU-v3 operational indicators are derived from reconstructed hidden states; hydraulic quantities are simulator-assisted proxies, not real distributed measurements. Pressure/head and flow are simulator-assisted hidden hydraulic states because public district-heating datasets do not provide dense distributed hydraulic measurements."
175,43.75,pignn_v3_balanced,69416.4453125,77037.06993896679,3191.7574087371827,0.47852566838264465,98.64472961425781,967.7047975158691,617.4287800378308,463.07158502837314,7620.624626466786,10.978125705169925,simulator_assisted_hidden_state,"PI-GNN-GRU-v3 operational indicators are derived from reconstructed hidden states; hydraulic quantities are simulator-assisted proxies, not real distributed measurements. Pressure/head and flow are simulator-assisted hidden hydraulic states because public district-heating datasets do not provide dense distributed hydraulic measurements."
176,44.0,pignn_v3_balanced,68405.7265625,75458.83969130264,3196.2723017520902,0.4660744071006775,90.67697525024414,889.541127204895,552.7898046049197,414.5923534536898,7053.113128802637,10.310705672219484,simulator_assisted_hidden_state,"PI-GNN-GRU-v3 operational indicators are derived from reconstructed hidden states; hydraulic quantities are simulator-assisted proxies, not real distributed measurements. Pressure/head and flow are simulator-assisted hidden hydraulic states because public district-heating datasets do not provide dense distributed hydraulic measurements."
177,44.25,pignn_v3_balanced,67992.296875,74113.77758254306,3202.2774816799156,0.457950234413147,85.3814811706543,837.5923302841187,511.43413866168817,383.5756039962661,6121.480707543058,9.003197404548716,simulator_assisted_hidden_state,"PI-GNN-GRU-v3 operational indicators are derived from reconstructed hidden states; hydraulic quantities are simulator-assisted proxies, not real distributed measurements. Pressure/head and flow are simulator-assisted hidden hydraulic states because public district-heating datasets do not provide dense distributed hydraulic measurements."
178,44.5,pignn_v3_balanced,67426.59375,73182.45630063793,3206.001726099014,0.4485558271408081,81.5279769897461,799.7894542694091,478.33362693108046,358.75022019831033,5755.862550637932,8.536487208562175,simulator_assisted_hidden_state,"PI-GNN-GRU-v3 operational indicators are derived from reconstructed hidden states; hydraulic quantities are simulator-assisted proxies, not real distributed measurements. Pressure/head and flow are simulator-assisted hidden hydraulic states because public district-heating datasets do not provide dense distributed hydraulic measurements."
179,44.75,pignn_v3_balanced,66658.234375,72344.22802356243,3208.7992498455046,0.442080557346344,79.17752456665039,776.7315159988403,457.8372020016507,343.37790150123806,5685.993648562435,8.530069393339575,simulator_assisted_hidden_state,"PI-GNN-GRU-v3 operational indicators are derived from reconstructed hidden states; hydraulic quantities are simulator-assisted proxies, not real distributed measurements. Pressure/head and flow are simulator-assisted hidden hydraulic states because public district-heating datasets do not provide dense distributed hydraulic measurements."
180,45.0,pignn_v3_balanced,92437.5234375,86490.88202821033,3192.4239190864555,0.54969722032547,121.94549179077148,1196.2852744674683,876.7929201214123,657.5946900910592,-5946.641409289674,-6.433146614221432,simulator_assisted_hidden_state,"PI-GNN-GRU-v3 operational indicators are derived from reconstructed hidden states; hydraulic quantities are simulator-assisted proxies, not real distributed measurements. Pressure/head and flow are simulator-assisted hidden hydraulic states because public district-heating datasets do not provide dense distributed hydraulic measurements."
181,45.25,pignn_v3_balanced,94792.390625,88758.2338296812,3189.768749656677,0.5441347360610962,127.18597793579102,1247.6944435501098,905.2185156347136,678.9138867260352,-6034.156795318806,-6.3656552551670655,simulator_assisted_hidden_state,"PI-GNN-GRU-v3 operational indicators are derived from reconstructed hidden states; hydraulic quantities are simulator-assisted proxies, not real distributed measurements. Pressure/head and flow are simulator-assisted hidden hydraulic states because public district-heating datasets do not provide dense distributed hydraulic measurements."
182,45.5,pignn_v3_balanced,98025.2578125,90462.9996447741,3186.600339282989,0.5518918633460999,136.0836639404297,1334.9807432556152,982.3533465686704,736.7650099265028,-7562.2581677259,-7.714601661329755,simulator_assisted_hidden_state,"PI-GNN-GRU-v3 operational indicators are derived from reconstructed hidden states; hydraulic quantities are simulator-assisted proxies, not real distributed measurements. Pressure/head and flow are simulator-assisted hidden hydraulic states because public district-heating datasets do not provide dense distributed hydraulic measurements."
183,45.75,pignn_v3_balanced,99059.109375,91499.72531470473,3185.2048330707544,0.5589742660522461,142.11442184448242,1394.1424782943725,1039.0530247691418,779.2897685768563,-7559.38406029527,-7.63118516609949,simulator_assisted_hidden_state,"PI-GNN-GRU-v3 operational indicators are derived from reconstructed hidden states; hydraulic quantities are simulator-assisted proxies, not real distributed measurements. Pressure/head and flow are simulator-assisted hidden hydraulic states because public district-heating datasets do not provide dense distributed hydraulic measurements."
184,46.0,pignn_v3_balanced,75655.7265625,85654.06942452543,3187.332000583649,0.5270667672157288,124.85102844238281,1224.7885890197754,860.727149516489,645.5453621373667,9998.342862025427,13.215579727154811,simulator_assisted_hidden_state,"PI-GNN-GRU-v3 operational indicators are derived from reconstructed hidden states; hydraulic quantities are simulator-assisted proxies, not real distributed measurements. Pressure/head and flow are simulator-assisted hidden hydraulic states because public district-heating datasets do not provide dense distributed hydraulic measurements."
185,46.25,pignn_v3_balanced,70143.8203125,80256.16114252625,3191.2489300060265,0.5019644498825073,109.1384048461914,1070.6477515411377,716.5694794937208,537.4271096202906,10112.340830026253,14.416581225508443,simulator_assisted_hidden_state,"PI-GNN-GRU-v3 operational indicators are derived from reconstructed hidden states; hydraulic quantities are simulator-assisted proxies, not real distributed measurements. Pressure/head and flow are simulator-assisted hidden hydraulic states because public district-heating datasets do not provide dense distributed hydraulic measurements."
186,46.5,pignn_v3_balanced,69416.4453125,77525.79408792735,3194.4435608482354,0.4803266227245331,98.57764434814453,967.0466910552979,619.3310281753683,464.49827113152617,8109.348775427352,11.68217234247672,simulator_assisted_hidden_state,"PI-GNN-GRU-v3 operational indicators are derived from reconstructed hidden states; hydraulic quantities are simulator-assisted proxies, not real distributed measurements. Pressure/head and flow are simulator-assisted hidden hydraulic states because public district-heating datasets do not provide dense distributed hydraulic measurements."
187,46.75,pignn_v3_balanced,68405.7265625,75934.38914423609,3198.815382654189,0.4677445590496063,90.56095123291016,888.4029315948486,554.0608499962801,415.5456374972101,7528.662581736091,11.00589520799462,simulator_assisted_hidden_state,"PI-GNN-GRU-v3 operational indicators are derived from reconstructed hidden states; hydraulic quantities are simulator-assisted proxies, not real distributed measurements. Pressure/head and flow are simulator-assisted hidden hydraulic states because public district-heating datasets do not provide dense distributed hydraulic measurements."
188,47.0,pignn_v3_balanced,67992.296875,74577.1705032495,3204.6665035171504,0.4594898223876953,85.2323226928711,836.1290856170655,512.257073391162,384.19280504337144,6584.873628249494,9.684734787464839,simulator_assisted_hidden_state,"PI-GNN-GRU-v3 operational indicators are derived from reconstructed hidden states; hydraulic quantities are simulator-assisted proxies, not real distributed measurements. Pressure/head and flow are simulator-assisted hidden hydraulic states because public district-heating datasets do not provide dense distributed hydraulic measurements."
189,47.25,pignn_v3_balanced,67426.59375,73629.40002626613,3208.26860405159,0.4500073194503784,81.36708450317383,798.2110989761353,478.9344493410551,359.2008370057913,6202.806276266128,9.19934692128227,simulator_assisted_hidden_state,"PI-GNN-GRU-v3 operational indicators are derived from reconstructed hidden states; hydraulic quantities are simulator-assisted proxies, not real distributed measurements. Pressure/head and flow are simulator-assisted hidden hydraulic states because public district-heating datasets do not provide dense distributed hydraulic measurements."
190,47.5,pignn_v3_balanced,66658.234375,72781.15457926241,3210.935321914672,0.443426251411438,79.01072692871094,775.0952311706543,458.2634304598469,343.6975728448852,6122.920204262409,9.185542133949461,simulator_assisted_hidden_state,"PI-GNN-GRU-v3 operational indicators are derived from reconstructed hidden states; hydraulic quantities are simulator-assisted proxies, not real distributed measurements. Pressure/head and flow are simulator-assisted hidden hydraulic states because public district-heating datasets do not provide dense distributed hydraulic measurements."
191,47.75,pignn_v3_balanced,66112.953125,72354.88969697367,3212.465908412933,0.4392315149307251,76.55367660522461,750.9915674972534,439.81221852269135,329.8591638920185,6241.936571973667,9.441321672883095,simulator_assisted_hidden_state,"PI-GNN-GRU-v3 operational indicators are derived from reconstructed hidden states; hydraulic quantities are simulator-assisted proxies, not real distributed measurements. Pressure/head and flow are simulator-assisted hidden hydraulic states because public district-heating datasets do not provide dense distributed hydraulic measurements."
192,48.0,pignn_v3_balanced,94792.390625,89984.77114492327,3195.5396324901576,0.5419678688049316,124.43274307250977,1220.6852095413208,882.0962153290815,661.5721614968111,-4807.619480076726,-5.071735661880008,simulator_assisted_hidden_state,"PI-GNN-GRU-v3 operational indicators are derived from reconstructed hidden states; hydraulic quantities are simulator-assisted proxies, not real distributed measurements. Pressure/head and flow are simulator-assisted hidden hydraulic states because public district-heating datasets do not provide dense distributed hydraulic measurements."
193,48.25,pignn_v3_balanced,98025.2578125,91351.15779612045,3190.6748017330165,0.5512989163398743,134.71013641357422,1321.5064382171631,971.3934231003853,728.545067325289,-6674.100016379554,-6.808551352290844,simulator_assisted_hidden_state,"PI-GNN-GRU-v3 operational indicators are derived from reconstructed hidden states; hydraulic quantities are simulator-assisted proxies, not real distributed measurements. Pressure/head and flow are simulator-assisted hidden hydraulic states because public district-heating datasets do not provide dense distributed hydraulic measurements."
194,48.5,pignn_v3_balanced,99059.109375,92249.0281590794,3188.6260045566555,0.5589816570281982,141.12254333496094,1384.4121501159668,1031.814663575725,773.8609976817938,-6810.081215920596,-6.874765237531287,simulator_assisted_hidden_state,"PI-GNN-GRU-v3 operational indicators are derived from reconstructed hidden states; hydraulic quantities are simulator-assisted proxies, not real distributed measurements. Pressure/head and flow are simulator-assisted hidden hydraulic states because public district-heating datasets do not provide dense distributed hydraulic measurements."
195,48.75,pignn_v3_balanced,75655.7265625,86353.99074494439,3190.1532464561456,0.5274690985679626,123.94015884399414,1215.8529582595825,855.0998185124971,641.3248638843728,10698.264182444385,14.140719636875652,simulator_assisted_hidden_state,"PI-GNN-GRU-v3 operational indicators are derived from reconstructed hidden states; hydraulic quantities are simulator-assisted proxies, not real distributed measurements. Pressure/head and flow are simulator-assisted hidden hydraulic states because public district-heating datasets do not provide dense distributed hydraulic measurements."
196,49.0,pignn_v3_balanced,70143.8203125,80915.30026904267,3193.722644845962,0.502741813659668,108.22755432128906,1061.7123078918457,711.6895616724511,533.7671712543383,10771.479956542666,15.356277871028833,simulator_assisted_hidden_state,"PI-GNN-GRU-v3 operational indicators are derived from reconstructed hidden states; hydraulic quantities are simulator-assisted proxies, not real distributed measurements. Pressure/head and flow are simulator-assisted hidden hydraulic states because public district-heating datasets do not provide dense distributed hydraulic measurements."
197,49.25,pignn_v3_balanced,69416.4453125,78155.13336003489,3196.7837693309775,0.4813789427280426,97.68982696533203,958.3372025299072,615.0977991077291,461.3233493307968,8738.688047534888,12.588786429778894,simulator_assisted_hidden_state,"PI-GNN-GRU-v3 operational indicators are derived from reconstructed hidden states; hydraulic quantities are simulator-assisted proxies, not real distributed measurements. Pressure/head and flow are simulator-assisted hidden hydraulic states because public district-heating datasets do not provide dense distributed hydraulic measurements."
198,49.5,pignn_v3_balanced,68405.7265625,76550.69159536097,3200.969441711426,0.468890905380249,89.68988037109375,879.8577264404297,550.0763812752807,412.55728595646053,8144.965032860971,11.906846754151777,simulator_assisted_hidden_state,"PI-GNN-GRU-v3 operational indicators are derived from reconstructed hidden states; hydraulic quantities are simulator-assisted proxies, not real distributed measurements. Pressure/head and flow are simulator-assisted hidden hydraulic states because public district-heating datasets do not provide dense distributed hydraulic measurements."
199,49.75,pignn_v3_balanced,67992.296875,75180.67923857005,3206.6162860164636,0.460664302110672,84.37113571166992,827.6808413314819,508.3773561897879,381.28301714234095,7188.382363570054,10.572348183479503,simulator_assisted_hidden_state,"PI-GNN-GRU-v3 operational indicators are derived from reconstructed hidden states; hydraulic quantities are simulator-assisted proxies, not real distributed measurements. Pressure/head and flow are simulator-assisted hidden hydraulic states because public district-heating datasets do not provide dense distributed hydraulic measurements."
200,50.0,pignn_v3_balanced,67426.59375,74214.26005469616,3210.099978052139,0.4512401521205902,80.52899169921875,789.989408569336,475.2999211953097,356.4749408964823,6787.666304696162,10.066749522989454,simulator_assisted_hidden_state,"PI-GNN-GRU-v3 operational indicators are derived from reconstructed hidden states; hydraulic quantities are simulator-assisted proxies, not real distributed measurements. Pressure/head and flow are simulator-assisted hidden hydraulic states because public district-heating datasets do not provide dense distributed hydraulic measurements."
201,50.25,pignn_v3_balanced,66658.234375,73355.25126065675,3212.6273331413267,0.44466352462768555,78.20139694213867,767.1557040023804,454.83487903990925,341.1261592799319,6697.016885656747,10.04679609120947,simulator_assisted_hidden_state,"PI-GNN-GRU-v3 operational indicators are derived from reconstructed hidden states; hydraulic quantities are simulator-assisted proxies, not real distributed measurements. Pressure/head and flow are simulator-assisted hidden hydraulic states because public district-heating datasets do not provide dense distributed hydraulic measurements."
202,50.5,pignn_v3_balanced,66112.953125,72927.47776936048,3213.996707822799,0.4404439926147461,75.76614761352539,743.2659080886841,436.48933884400657,327.3670041330049,6814.524644360485,10.30739714723715,simulator_assisted_hidden_state,"PI-GNN-GRU-v3 operational indicators are derived from reconstructed hidden states; hydraulic quantities are simulator-assisted proxies, not real distributed measurements. Pressure/head and flow are simulator-assisted hidden hydraulic states because public district-heating datasets do not provide dense distributed hydraulic measurements."
203,50.75,pignn_v3_balanced,65425.73828125,72400.87301323052,3215.0825165863034,0.4363305866718292,72.40557098388672,710.2986513519287,413.2333696754615,309.92502725659614,6975.134731980521,10.66114791398462,simulator_assisted_hidden_state,"PI-GNN-GRU-v3 operational indicators are derived from reconstructed hidden states; hydraulic quantities are simulator-assisted proxies, not real distributed measurements. Pressure/head and flow are simulator-assisted hidden hydraulic states because public district-heating datasets do not provide dense distributed hydraulic measurements."
204,51.0,pignn_v3_balanced,98025.2578125,92037.96224354442,3188.830483245849,0.5563642978668213,135.41843795776367,1328.4548763656617,985.4731527159148,739.1048645369361,-5987.295568955582,-6.107911065541817,simulator_assisted_hidden_state,"PI-GNN-GRU-v3 operational indicators are derived from reconstructed hidden states; hydraulic quantities are simulator-assisted proxies, not real distributed measurements. Pressure/head and flow are simulator-assisted hidden hydraulic states because public district-heating datasets do not provide dense distributed hydraulic measurements."
205,51.25,pignn_v3_balanced,99059.109375,92790.02680107806,3186.9255226821897,0.5616111755371094,141.86333847045898,1391.6793503952026,1042.1102345948939,781.5826759461704,-6269.082573921944,-6.328628041858915,simulator_assisted_hidden_state,"PI-GNN-GRU-v3 operational indicators are derived from reconstructed hidden states; hydraulic quantities are simulator-assisted proxies, not real distributed measurements. Pressure/head and flow are simulator-assisted hidden hydraulic states because public district-heating datasets do not provide dense distributed hydraulic measurements."
206,51.5,pignn_v3_balanced,75655.7265625,86368.93136154549,3188.2785624618523,0.5265833735466003,124.20560073852539,1218.456943244934,855.4922235935945,641.6191676951959,10713.204799045488,14.160467800405296,simulator_assisted_hidden_state,"PI-GNN-GRU-v3 operational indicators are derived from reconstructed hidden states; hydraulic quantities are simulator-assisted proxies, not real distributed measurements. Pressure/head and flow are simulator-assisted hidden hydraulic states because public district-heating datasets do not provide dense distributed hydraulic measurements."
207,51.75,pignn_v3_balanced,70143.8203125,80779.83319666905,3191.693780508041,0.5011966228485107,108.34194564819336,1062.8344868087768,710.2520739139854,532.6890554354891,10636.012884169046,15.163150277222142,simulator_assisted_hidden_state,"PI-GNN-GRU-v3 operational indicators are derived from reconstructed hidden states; hydraulic quantities are simulator-assisted proxies, not real distributed measurements. Pressure/head and flow are simulator-assisted hidden hydraulic states because public district-heating datasets do not provide dense distributed hydraulic measurements."
208,52.0,pignn_v3_balanced,69416.4453125,77959.6631516132,3194.8141698818204,0.4794458746910095,97.73373031616211,958.7678944015503,612.9030823426783,459.67731175700874,8543.217839113204,12.307195795827944,simulator_assisted_hidden_state,"PI-GNN-GRU-v3 operational indicators are derived from reconstructed hidden states; hydraulic quantities are simulator-assisted proxies, not real distributed measurements. Pressure/head and flow are simulator-assisted hidden hydraulic states because public district-heating datasets do not provide dense distributed hydraulic measurements."
209,52.25,pignn_v3_balanced,68405.7265625,76333.378642591,3199.115536811829,0.466926634311676,89.70244216918945,879.9809576797485,547.8487291036939,410.8865468277704,7927.652080090993,11.589164355776216,simulator_assisted_hidden_state,"PI-GNN-GRU-v3 operational indicators are derived from reconstructed hidden states; hydraulic quantities are simulator-assisted proxies, not real distributed measurements. Pressure/head and flow are simulator-assisted hidden hydraulic states because public district-heating datasets do not provide dense distributed hydraulic measurements."
210,52.5,pignn_v3_balanced,67992.296875,74956.79464948217,3204.89948541069,0.4587501287460327,84.3730354309082,827.6994775772094,506.27632253542515,379.70724190156886,6964.497774482166,10.243068839527517,simulator_assisted_hidden_state,"PI-GNN-GRU-v3 operational indicators are derived from reconstructed hidden states; hydraulic quantities are simulator-assisted proxies, not real distributed measurements. Pressure/head and flow are simulator-assisted hidden hydraulic states because public district-heating datasets do not provide dense distributed hydraulic measurements."
211,52.75,pignn_v3_balanced,67426.59375,73987.026201708,3208.4825990810386,0.449308842420578,80.52154922485352,789.916397895813,473.2218964634673,354.9164223476005,6560.432451707995,9.729740280270342,simulator_assisted_hidden_state,"PI-GNN-GRU-v3 operational indicators are derived from reconstructed hidden states; hydraulic quantities are simulator-assisted proxies, not real distributed measurements. Pressure/head and flow are simulator-assisted hidden hydraulic states because public district-heating datasets do not provide dense distributed hydraulic measurements."
212,53.0,pignn_v3_balanced,66658.234375,73129.40470637777,3211.102206882476,0.44280046224594116,78.1884536743164,767.0287305450439,452.85423525501716,339.6406764412629,6471.170331377769,9.707983405280181,simulator_assisted_hidden_state,"PI-GNN-GRU-v3 operational indicators are derived from reconstructed hidden states; hydraulic quantities are simulator-assisted proxies, not real distributed measurements. Pressure/head and flow are simulator-assisted hidden hydraulic states because public district-heating datasets do not provide dense distributed hydraulic measurements."
213,53.25,pignn_v3_balanced,66112.953125,72705.57027921033,3212.556258396149,0.43869635462760925,75.75159072875977,743.1231050491333,434.67386296613967,326.00539722460474,6592.617154210326,9.971748110760748,simulator_assisted_hidden_state,"PI-GNN-GRU-v3 operational indicators are derived from reconstructed hidden states; hydraulic quantities are simulator-assisted proxies, not real distributed measurements. Pressure/head and flow are simulator-assisted hidden hydraulic states because public district-heating datasets do not provide dense distributed hydraulic measurements."
214,53.5,pignn_v3_balanced,65425.73828125,72182.49027517723,3213.7192866954806,0.43467625975608826,72.39089965820312,710.1547256469727,411.58319998978277,308.6873999923371,6756.7519939272315,10.327360716789363,simulator_assisted_hidden_state,"PI-GNN-GRU-v3 operational indicators are derived from reconstructed hidden states; hydraulic quantities are simulator-assisted proxies, not real distributed measurements. Pressure/head and flow are simulator-assisted hidden hydraulic states because public district-heating datasets do not provide dense distributed hydraulic measurements."
215,53.75,pignn_v3_balanced,66060.1484375,72050.93437608851,3213.830383432388,0.43396666646003723,71.80350112915039,704.3923460769653,407.57706440931406,305.68279830698555,5990.785938588509,9.068683737906579,simulator_assisted_hidden_state,"PI-GNN-GRU-v3 operational indicators are derived from reconstructed hidden states; hydraulic quantities are simulator-assisted proxies, not real distributed measurements. Pressure/head and flow are simulator-assisted hidden hydraulic states because public district-heating datasets do not provide dense distributed hydraulic measurements."
216,54.0,pignn_v3_balanced,99059.109375,93351.24410274859,3187.3309629764553,0.5643054246902466,141.05440521240234,1383.743715133667,1041.1387797746181,780.8540848309635,-5707.865272251409,-5.762080144132539,simulator_assisted_hidden_state,"PI-GNN-GRU-v3 operational indicators are derived from reconstructed hidden states; hydraulic quantities are simulator-assisted proxies, not real distributed measurements. Pressure/head and flow are simulator-assisted hidden hydraulic states because public district-heating datasets do not provide dense distributed hydraulic measurements."
217,54.25,pignn_v3_balanced,75655.7265625,86136.03940712976,3186.8119949798584,0.5231744647026062,122.9448471069336,1206.0889501190186,841.3265878163278,630.9949408622458,10480.312844629763,13.852636569383634,simulator_assisted_hidden_state,"PI-GNN-GRU-v3 operational indicators are derived from reconstructed hidden states; hydraulic quantities are simulator-assisted proxies, not real distributed measurements. Pressure/head and flow are simulator-assisted hidden hydraulic states because public district-heating datasets do not provide dense distributed hydraulic measurements."
218,54.5,pignn_v3_balanced,70143.8203125,80468.64175534852,3189.5611527557367,0.49843472242355347,107.24666213989258,1052.0897555923461,699.1974203911136,524.3980652933352,10324.821442848523,14.719502583192757,simulator_assisted_hidden_state,"PI-GNN-GRU-v3 operational indicators are derived from reconstructed hidden states; hydraulic quantities are simulator-assisted proxies, not real distributed measurements. Pressure/head and flow are simulator-assisted hidden hydraulic states because public district-heating datasets do not provide dense distributed hydraulic measurements."
219,54.75,pignn_v3_balanced,69416.4453125,77607.73113746452,3192.6418246822354,0.4771059453487396,96.77626419067383,949.3751517105103,603.9367056632615,452.95252924744614,8191.285824964521,11.800209284829938,simulator_assisted_hidden_state,"PI-GNN-GRU-v3 operational indicators are derived from reconstructed hidden states; hydraulic quantities are simulator-assisted proxies, not real distributed measurements. Pressure/head and flow are simulator-assisted hidden hydraulic states because public district-heating datasets do not provide dense distributed hydraulic measurements."
220,55.0,pignn_v3_balanced,68405.7265625,75973.50009278265,3197.0049467582694,0.4650202691555023,88.84073638916016,871.5276239776612,540.3706803713966,405.2780102785474,7567.773530282648,11.063070170548118,simulator_assisted_hidden_state,"PI-GNN-GRU-v3 operational indicators are derived from reconstructed hidden states; hydraulic quantities are simulator-assisted proxies, not real distributed measurements. Pressure/head and flow are simulator-assisted hidden hydraulic states because public district-heating datasets do not provide dense distributed hydraulic measurements."
221,55.25,pignn_v3_balanced,67992.296875,74600.1168852629,3202.8840749301908,0.457166463136673,83.5817642211914,819.9371070098877,499.7969962749682,374.84774720622613,6607.820010262905,9.718483289968876,simulator_assisted_hidden_state,"PI-GNN-GRU-v3 operational indicators are derived from reconstructed hidden states; hydraulic quantities are simulator-assisted proxies, not real distributed measurements. Pressure/head and flow are simulator-assisted hidden hydraulic states because public district-heating datasets do not provide dense distributed hydraulic measurements."
222,55.5,pignn_v3_balanced,67426.59375,73630.59498320978,3206.563044639587,0.4479178190231323,79.77952575683594,782.6371476745605,467.4094990304991,350.5571242728743,6204.001233209783,9.201119155169815,simulator_assisted_hidden_state,"PI-GNN-GRU-v3 operational indicators are derived from reconstructed hidden states; hydraulic quantities are simulator-assisted proxies, not real distributed measurements. Pressure/head and flow are simulator-assisted hidden hydraulic states because public district-heating datasets do not provide dense distributed hydraulic measurements."
223,55.75,pignn_v3_balanced,66658.234375,72779.43272913188,3209.261949886322,0.4416009783744812,77.48695373535156,760.1470161437989,447.5755547167255,335.6816660375441,6121.198354131877,9.182959032031631,simulator_assisted_hidden_state,"PI-GNN-GRU-v3 operational indicators are derived from reconstructed hidden states; hydraulic quantities are simulator-assisted proxies, not real distributed measurements. Pressure/head and flow are simulator-assisted hidden hydraulic states because public district-heating datasets do not provide dense distributed hydraulic measurements."
224,56.0,pignn_v3_balanced,66112.953125,72367.85080762545,3210.767792821884,0.43768712878227234,75.08206176757812,736.5550259399414,429.8408726584068,322.3806544938051,6254.897682625451,9.460926167976936,simulator_assisted_hidden_state,"PI-GNN-GRU-v3 operational indicators are derived from reconstructed hidden states; hydraulic quantities are simulator-assisted proxies, not real distributed measurements. Pressure/head and flow are simulator-assisted hidden hydraulic states because public district-heating datasets do not provide dense distributed hydraulic measurements."
225,56.25,pignn_v3_balanced,65425.73828125,71851.2723936044,3212.000518678665,0.43384382128715515,71.74901962280273,703.8578824996948,407.1525245156707,305.364393386753,6425.534112354406,9.82111059218397,simulator_assisted_hidden_state,"PI-GNN-GRU-v3 operational indicators are derived from reconstructed hidden states; hydraulic quantities are simulator-assisted proxies, not real distributed measurements. Pressure/head and flow are simulator-assisted hidden hydraulic states because public district-heating datasets do not provide dense distributed hydraulic measurements."
226,56.5,pignn_v3_balanced,66060.1484375,71734.4030034404,3212.1558902492516,0.43326812982559204,71.18353271484375,698.3104559326172,403.40755370610873,302.55566527958155,5674.254565940399,8.58952742334337,simulator_assisted_hidden_state,"PI-GNN-GRU-v3 operational indicators are derived from reconstructed hidden states; hydraulic quantities are simulator-assisted proxies, not real distributed measurements. Pressure/head and flow are simulator-assisted hidden hydraulic states because public district-heating datasets do not provide dense distributed hydraulic measurements."
227,56.75,pignn_v3_balanced,65782.8984375,71528.15836522894,3212.0973368625637,0.43168413639068604,69.93270492553711,686.039835319519,394.87001845268674,296.15251383951505,5745.259927728941,8.733667965675734,simulator_assisted_hidden_state,"PI-GNN-GRU-v3 operational indicators are derived from reconstructed hidden states; hydraulic quantities are simulator-assisted proxies, not real distributed measurements. Pressure/head and flow are simulator-assisted hidden hydraulic states because public district-heating datasets do not provide dense distributed hydraulic measurements."
228,57.0,pignn_v3_balanced,75655.7265625,82912.36785331741,3180.5862305431365,0.5093389749526978,117.29034423828125,1150.6182769775392,781.406311676772,586.054733757579,7256.64129081741,9.591661623687694,simulator_assisted_hidden_state,"PI-GNN-GRU-v3 operational indicators are derived from reconstructed hidden states; hydraulic quantities are simulator-assisted proxies, not real distributed measurements. Pressure/head and flow are simulator-assisted hidden hydraulic states because public district-heating datasets do not provide dense distributed hydraulic measurements."
229,57.25,pignn_v3_balanced,70143.8203125,78234.4808558176,3181.7592710781087,0.490214467048645,103.24320602416992,1012.8158510971069,661.9959768853174,496.4969826639881,8090.660543317601,11.53438821448937,simulator_assisted_hidden_state,"PI-GNN-GRU-v3 operational indicators are derived from reconstructed hidden states; hydraulic quantities are simulator-assisted proxies, not real distributed measurements. Pressure/head and flow are simulator-assisted hidden hydraulic states because public district-heating datasets do not provide dense distributed hydraulic measurements."
230,57.5,pignn_v3_balanced,69416.4453125,75663.12458695225,3185.053606538772,0.4710858464241028,93.62397384643555,918.4511834335327,576.8924708626729,432.6693531470047,6246.679274452254,8.998846377585108,simulator_assisted_hidden_state,"PI-GNN-GRU-v3 operational indicators are derived from reconstructed hidden states; hydraulic quantities are simulator-assisted proxies, not real distributed measurements. Pressure/head and flow are simulator-assisted hidden hydraulic states because public district-heating datasets do not provide dense distributed hydraulic measurements."
231,57.75,pignn_v3_balanced,68405.7265625,74192.32810997765,3189.777700029372,0.4605141878128052,86.17505264282227,845.3772664260864,519.0776336581581,389.3082252436186,5786.6015474776505,8.459235561500291,simulator_assisted_hidden_state,"PI-GNN-GRU-v3 operational indicators are derived from reconstructed hidden states; hydraulic quantities are simulator-assisted proxies, not real distributed measurements. Pressure/head and flow are simulator-assisted hidden hydraulic states because public district-heating datasets do not provide dense distributed hydraulic measurements."
232,58.0,pignn_v3_balanced,67992.296875,72934.18007197761,3196.0582662963866,0.4536352753639221,81.2267837524414,796.8347486114502,481.9631341411958,361.47235060589685,4941.883196977607,7.268298651629582,simulator_assisted_hidden_state,"PI-GNN-GRU-v3 operational indicators are derived from reconstructed hidden states; hydraulic quantities are simulator-assisted proxies, not real distributed measurements. Pressure/head and flow are simulator-assisted hidden hydraulic states because public district-heating datasets do not provide dense distributed hydraulic measurements."
233,58.25,pignn_v3_balanced,67426.59375,72033.48790805612,3200.1278021335597,0.4449663460254669,77.63055801391602,761.5557741165161,451.8222534709627,338.866690103222,4606.894158056122,6.832458681121086,simulator_assisted_hidden_state,"PI-GNN-GRU-v3 operational indicators are derived from reconstructed hidden states; hydraulic quantities are simulator-assisted proxies, not real distributed measurements. Pressure/head and flow are simulator-assisted hidden hydraulic states because public district-heating datasets do not provide dense distributed hydraulic measurements."
234,58.5,pignn_v3_balanced,66658.234375,71249.12311393207,3203.1459319496153,0.4391530454158783,75.48631286621094,740.5207292175293,433.60257790595324,325.20193342946493,4590.8887389320735,6.887204232120907,simulator_assisted_hidden_state,"PI-GNN-GRU-v3 operational indicators are derived from reconstructed hidden states; hydraulic quantities are simulator-assisted proxies, not real distributed measurements. Pressure/head and flow are simulator-assisted hidden hydraulic states because public district-heating datasets do not provide dense distributed hydraulic measurements."
235,58.75,pignn_v3_balanced,66112.953125,70907.50201988683,3204.874609788894,0.4356956481933594,73.19010162353516,717.9948969268798,417.10300268810823,312.82725201608116,4794.54889488683,7.252056772931863,simulator_assisted_hidden_state,"PI-GNN-GRU-v3 operational indicators are derived from reconstructed hidden states; hydraulic quantities are simulator-assisted proxies, not real distributed measurements. Pressure/head and flow are simulator-assisted hidden hydraulic states because public district-heating datasets do not provide dense distributed hydraulic measurements."
236,59.0,pignn_v3_balanced,65425.73828125,70436.2673725939,3206.3673276672357,0.43224847316741943,69.95151138305664,686.2243266677856,395.49255660332113,296.61941745249084,5010.529091343895,7.658345511983064,simulator_assisted_hidden_state,"PI-GNN-GRU-v3 operational indicators are derived from reconstructed hidden states; hydraulic quantities are simulator-assisted proxies, not real distributed measurements. Pressure/head and flow are simulator-assisted hidden hydraulic states because public district-heating datasets do not provide dense distributed hydraulic measurements."
237,59.25,pignn_v3_balanced,66060.1484375,70382.22873743236,3206.6915327510833,0.4319641888141632,69.45394897460938,681.343239440918,392.4211729721471,294.3158797291103,4322.080299932364,6.54264394216661,simulator_assisted_hidden_state,"PI-GNN-GRU-v3 operational indicators are derived from reconstructed hidden states; hydraulic quantities are simulator-assisted proxies, not real distributed measurements. Pressure/head and flow are simulator-assisted hidden hydraulic states because public district-heating datasets do not provide dense distributed hydraulic measurements."
238,59.5,pignn_v3_balanced,65782.8984375,70216.6288951851,3206.862705596923,0.43064188957214355,68.26850509643555,669.7140349960328,384.54255667156826,288.4069175036762,4433.730457685102,6.739943910950605,simulator_assisted_hidden_state,"PI-GNN-GRU-v3 operational indicators are derived from reconstructed hidden states; hydraulic quantities are simulator-assisted proxies, not real distributed measurements. Pressure/head and flow are simulator-assisted hidden hydraulic states because public district-heating datasets do not provide dense distributed hydraulic measurements."
239,59.75,pignn_v3_balanced,64293.828125,69775.62433227706,3206.7671190662377,0.42775359749794006,66.99420547485352,657.213155708313,374.83372223627293,281.1252916772047,5481.796207277061,8.526162412695909,simulator_assisted_hidden_state,"PI-GNN-GRU-v3 operational indicators are derived from reconstructed hidden states; hydraulic quantities are simulator-assisted proxies, not real distributed measurements. Pressure/head and flow are simulator-assisted hidden hydraulic states because public district-heating datasets do not provide dense distributed hydraulic measurements."
240,60.0,pignn_v3_balanced,70143.8203125,78379.65990271013,3177.197683044433,0.4883040189743042,102.21331787109375,1002.7126483154296,652.8381547317232,489.6286160487924,8235.839590210133,11.741361610357659,simulator_assisted_hidden_state,"PI-GNN-GRU-v3 operational indicators are derived from reconstructed hidden states; hydraulic quantities are simulator-assisted proxies, not real distributed measurements. Pressure/head and flow are simulator-assisted hidden hydraulic states because public district-heating datasets do not provide dense distributed hydraulic measurements."
241,60.25,pignn_v3_balanced,69416.4453125,75549.55706816341,3181.8111029262536,0.4684583842754364,92.71475601196289,909.531756477356,568.1037027821092,426.0777770865819,6133.111755663413,8.835243187768082,simulator_assisted_hidden_state,"PI-GNN-GRU-v3 operational indicators are derived from reconstructed hidden states; hydraulic quantities are simulator-assisted proxies, not real distributed measurements. Pressure/head and flow are simulator-assisted hidden hydraulic states because public district-heating datasets do not provide dense distributed hydraulic measurements."
242,60.5,pignn_v3_balanced,68405.7265625,74006.43866156708,3187.1652692356106,0.45848172903060913,85.37917709350586,837.5697272872925,512.0138890004981,384.01041675037357,5600.712099067081,8.187490113053473,simulator_assisted_hidden_state,"PI-GNN-GRU-v3 operational indicators are derived from reconstructed hidden states; hydraulic quantities are simulator-assisted proxies, not real distributed measurements. Pressure/head and flow are simulator-assisted hidden hydraulic states because public district-heating datasets do not provide dense distributed hydraulic measurements."
243,60.75,pignn_v3_balanced,67992.296875,72717.07037520985,3193.797163908004,0.45196494460105896,80.4969596862793,789.6751745223999,475.8739953411307,356.905496505848,4724.773500209849,6.948983513376637,simulator_assisted_hidden_state,"PI-GNN-GRU-v3 operational indicators are derived from reconstructed hidden states; hydraulic quantities are simulator-assisted proxies, not real distributed measurements. Pressure/head and flow are simulator-assisted hidden hydraulic states because public district-heating datasets do not provide dense distributed hydraulic measurements."
244,61.0,pignn_v3_balanced,67426.59375,71781.53068500783,3198.0562288055407,0.44341951608657837,76.92498016357422,754.6340554046631,446.1592902266505,334.6194676699879,4354.936935007834,6.458782348037319,simulator_assisted_hidden_state,"PI-GNN-GRU-v3 operational indicators are derived from reconstructed hidden states; hydraulic quantities are simulator-assisted proxies, not real distributed measurements. Pressure/head and flow are simulator-assisted hidden hydraulic states because public district-heating datasets do not provide dense distributed hydraulic measurements."
245,61.25,pignn_v3_balanced,66658.234375,70989.88556689316,3201.1813830871583,0.43780210614204407,74.8043441772461,733.8306163787842,428.36345253619487,321.27258940214614,4331.651191893165,6.498298721092048,simulator_assisted_hidden_state,"PI-GNN-GRU-v3 operational indicators are derived from reconstructed hidden states; hydraulic quantities are simulator-assisted proxies, not real distributed measurements. Pressure/head and flow are simulator-assisted hidden hydraulic states because public district-heating datasets do not provide dense distributed hydraulic measurements."
246,61.5,pignn_v3_balanced,66112.953125,70658.7001217431,3202.9722499809263,0.4345708191394806,72.5313720703125,711.5327600097656,412.2818324826924,309.2113743620193,4545.746996743095,6.87572825275016,simulator_assisted_hidden_state,"PI-GNN-GRU-v3 operational indicators are derived from reconstructed hidden states; hydraulic quantities are simulator-assisted proxies, not real distributed measurements. Pressure/head and flow are simulator-assisted hidden hydraulic states because public district-heating datasets do not provide dense distributed hydraulic measurements."
247,61.75,pignn_v3_balanced,65425.73828125,70189.19068220287,3204.557266387939,0.43132445216178894,69.31289672851562,679.9595169067383,391.04422149599145,293.2831661219936,4763.452400952869,7.280701030037899,simulator_assisted_hidden_state,"PI-GNN-GRU-v3 operational indicators are derived from reconstructed hidden states; hydraulic quantities are simulator-assisted proxies, not real distributed measurements. Pressure/head and flow are simulator-assisted hidden hydraulic states because public district-heating datasets do not provide dense distributed hydraulic measurements."
248,62.0,pignn_v3_balanced,66060.1484375,70151.54672104816,3204.9420003547666,0.43119993805885315,68.83503723144531,675.2717152404786,388.2361623794531,291.1771217845898,4091.3982835481584,6.193443975408352,simulator_assisted_hidden_state,"PI-GNN-GRU-v3 operational indicators are derived from reconstructed hidden states; hydraulic quantities are simulator-assisted proxies, not real distributed measurements. Pressure/head and flow are simulator-assisted hidden hydraulic states because public district-heating datasets do not provide dense distributed hydraulic measurements."
249,62.25,pignn_v3_balanced,65782.8984375,69993.17066375476,3205.204647033691,0.4300185739994049,67.66887664794922,663.8316799163819,380.6132698310292,285.4599523732719,4210.272226254761,6.400253449237904,simulator_assisted_hidden_state,"PI-GNN-GRU-v3 operational indicators are derived from reconstructed hidden states; hydraulic quantities are simulator-assisted proxies, not real distributed measurements. Pressure/head and flow are simulator-assisted hidden hydraulic states because public district-heating datasets do not provide dense distributed hydraulic measurements."
250,62.5,pignn_v3_balanced,64293.828125,69553.01175507648,3205.1942440109246,0.42724719643592834,66.41232299804688,651.5048886108399,371.13818283104416,278.35363712328314,5259.183630076484,8.179919882592127,simulator_assisted_hidden_state,"PI-GNN-GRU-v3 operational indicators are derived from reconstructed hidden states; hydraulic quantities are simulator-assisted proxies, not real distributed measurements. Pressure/head and flow are simulator-assisted hidden hydraulic states because public district-heating datasets do not provide dense distributed hydraulic measurements."
251,62.75,pignn_v3_balanced,63422.0390625,69000.21759471262,3204.5571100730886,0.42348217964172363,65.21048355102539,639.7148436355591,361.2104484426013,270.907836331951,5578.178532212623,8.795331425272437,simulator_assisted_hidden_state,"PI-GNN-GRU-v3 operational indicators are derived from reconstructed hidden states; hydraulic quantities are simulator-assisted proxies, not real distributed measurements. Pressure/head and flow are simulator-assisted hidden hydraulic states because public district-heating datasets do not provide dense distributed hydraulic measurements."
252,63.0,pignn_v3_balanced,69416.4453125,74837.30353816263,3180.6041016426084,0.46508175134658813,92.51237869262695,907.5464349746704,562.7777138751629,422.08328540637217,5420.858225662625,7.809184410493685,simulator_assisted_hidden_state,"PI-GNN-GRU-v3 operational indicators are derived from reconstructed hidden states; hydraulic quantities are simulator-assisted proxies, not real distributed measurements. Pressure/head and flow are simulator-assisted hidden hydraulic states because public district-heating datasets do not provide dense distributed hydraulic measurements."
253,63.25,pignn_v3_balanced,68405.7265625,73336.62905057917,3185.769515075683,0.4561599791049957,85.16064834594727,835.4259602737427,508.1171847763219,381.0878885822414,4930.902488079169,7.208318273725184,simulator_assisted_hidden_state,"PI-GNN-GRU-v3 operational indicators are derived from reconstructed hidden states; hydraulic quantities are simulator-assisted proxies, not real distributed measurements. Pressure/head and flow are simulator-assisted hidden hydraulic states because public district-heating datasets do not provide dense distributed hydraulic measurements."
254,63.5,pignn_v3_balanced,67992.296875,72069.11077811259,3192.442493602752,0.44993165135383606,80.30701446533203,787.8118119049072,472.6152926485768,354.46146948643263,4076.81390311259,5.995993797073193,simulator_assisted_hidden_state,"PI-GNN-GRU-v3 operational indicators are derived from reconstructed hidden states; hydraulic quantities are simulator-assisted proxies, not real distributed measurements. Pressure/head and flow are simulator-assisted hidden hydraulic states because public district-heating datasets do not provide dense distributed hydraulic measurements."
255,63.75,pignn_v3_balanced,67426.59375,71117.64103045147,3196.712945228576,0.441281795501709,76.70619201660156,752.4877436828614,442.7455235005371,332.05914262540284,3691.047280451472,5.474171354609577,simulator_assisted_hidden_state,"PI-GNN-GRU-v3 operational indicators are derived from reconstructed hidden states; hydraulic quantities are simulator-assisted proxies, not real distributed measurements. Pressure/head and flow are simulator-assisted hidden hydraulic states because public district-heating datasets do not provide dense distributed hydraulic measurements."
256,64.0,pignn_v3_balanced,66658.234375,70339.5124228087,3199.79404567337,0.43576234579086304,74.56348419189453,731.4677799224853,424.9948208659426,318.74611564945695,3681.2780478086934,5.522615596295103,simulator_assisted_hidden_state,"PI-GNN-GRU-v3 operational indicators are derived from reconstructed hidden states; hydraulic quantities are simulator-assisted proxies, not real distributed measurements. Pressure/head and flow are simulator-assisted hidden hydraulic states because public district-heating datasets do not provide dense distributed hydraulic measurements."
257,64.25,pignn_v3_balanced,66112.953125,70035.72188976026,3201.5322856693265,0.4327089786529541,72.28089141845703,709.0755448150635,409.09780637961745,306.8233547847131,3922.768764760258,5.933434492547118,simulator_assisted_hidden_state,"PI-GNN-GRU-v3 operational indicators are derived from reconstructed hidden states; hydraulic quantities are simulator-assisted proxies, not real distributed measurements. Pressure/head and flow are simulator-assisted hidden hydraulic states because public district-heating datasets do not provide dense distributed hydraulic measurements."
258,64.5,pignn_v3_balanced,65425.73828125,69582.51778283255,3203.1184070606228,0.4295997619628906,69.05371475219727,677.4169417190552,388.0242092161806,291.01815691213545,4156.779501582554,6.353431555809928,simulator_assisted_hidden_state,"PI-GNN-GRU-v3 operational indicators are derived from reconstructed hidden states; hydraulic quantities are simulator-assisted proxies, not real distributed measurements. Pressure/head and flow are simulator-assisted hidden hydraulic states because public district-heating datasets do not provide dense distributed hydraulic measurements."
259,64.75,pignn_v3_balanced,66060.1484375,69570.4970412088,3203.5017341938014,0.4296349287033081,68.57702255249023,672.7405912399292,385.3771412709178,289.03285595318835,3510.3486037088005,5.313867266026457,simulator_assisted_hidden_state,"PI-GNN-GRU-v3 operational indicators are derived from reconstructed hidden states; hydraulic quantities are simulator-assisted proxies, not real distributed measurements. Pressure/head and flow are simulator-assisted hidden hydraulic states because public district-heating datasets do not provide dense distributed hydraulic measurements."
260,65.0,pignn_v3_balanced,65782.8984375,69429.78596987578,3203.799637956619,0.42857304215431213,67.41301727294922,661.3216994476319,377.899536766575,283.42465257493126,3646.887532375782,5.543823119683107,simulator_assisted_hidden_state,"PI-GNN-GRU-v3 operational indicators are derived from reconstructed hidden states; hydraulic quantities are simulator-assisted proxies, not real distributed measurements. Pressure/head and flow are simulator-assisted hidden hydraulic states because public district-heating datasets do not provide dense distributed hydraulic measurements."
261,65.25,pignn_v3_balanced,64293.828125,69001.57220621122,3203.8257452316284,0.42589908838272095,66.15889739990234,649.018783493042,368.55534431059885,276.4165082329491,4707.744081211218,7.322233281954259,simulator_assisted_hidden_state,"PI-GNN-GRU-v3 operational indicators are derived from reconstructed hidden states; hydraulic quantities are simulator-assisted proxies, not real distributed measurements. Pressure/head and flow are simulator-assisted hidden hydraulic states because public district-heating datasets do not provide dense distributed hydraulic measurements."
262,65.5,pignn_v3_balanced,63422.0390625,68460.89763994855,3203.222957439422,0.4222259819507599,64.96013641357422,637.2589382171631,358.75637459418704,269.0672809456403,5038.858577448555,7.944964639946299,simulator_assisted_hidden_state,"PI-GNN-GRU-v3 operational indicators are derived from reconstructed hidden states; hydraulic quantities are simulator-assisted proxies, not real distributed measurements. Pressure/head and flow are simulator-assisted hidden hydraulic states because public district-heating datasets do not provide dense distributed hydraulic measurements."
263,65.75,pignn_v3_balanced,62554.40625,67943.20265674556,3202.360234222412,0.41858401894569397,63.6805534362793,624.7062292098999,348.656058777453,261.49204408308975,5388.796406745561,8.614575263026433,simulator_assisted_hidden_state,"PI-GNN-GRU-v3 operational indicators are derived from reconstructed hidden states; hydraulic quantities are simulator-assisted proxies, not real distributed measurements. Pressure/head and flow are simulator-assisted hidden hydraulic states because public district-heating datasets do not provide dense distributed hydraulic measurements."
264,66.0,pignn_v3_balanced,68405.7265625,73432.32571408147,3187.8827921276097,0.4569582939147949,85.00555801391602,833.9045241165161,508.0794515041496,381.0595886281122,5026.599151581468,7.348213964204932,simulator_assisted_hidden_state,"PI-GNN-GRU-v3 operational indicators are derived from reconstructed hidden states; hydraulic quantities are simulator-assisted proxies, not real distributed measurements. Pressure/head and flow are simulator-assisted hidden hydraulic states because public district-heating datasets do not provide dense distributed hydraulic measurements."
265,66.25,pignn_v3_balanced,67992.296875,72003.8875469807,3194.5059385585782,0.45010340213775635,80.13566589355469,786.1308824157715,471.786912934527,353.84018470089524,4011.5906719806953,5.900066413928887,simulator_assisted_hidden_state,"PI-GNN-GRU-v3 operational indicators are derived from reconstructed hidden states; hydraulic quantities are simulator-assisted proxies, not real distributed measurements. Pressure/head and flow are simulator-assisted hidden hydraulic states because public district-heating datasets do not provide dense distributed hydraulic measurements."
266,66.5,pignn_v3_balanced,67426.59375,70917.6448592746,3198.387543519973,0.4407292306423187,76.4999008178711,750.4640270233155,441.0019110062961,330.7514332547221,3491.051109274602,5.177558163798838,simulator_assisted_hidden_state,"PI-GNN-GRU-v3 operational indicators are derived from reconstructed hidden states; hydraulic quantities are simulator-assisted proxies, not real distributed measurements. Pressure/head and flow are simulator-assisted hidden hydraulic states because public district-heating datasets do not provide dense distributed hydraulic measurements."
267,66.75,pignn_v3_balanced,66658.234375,70099.17389406296,3201.129184707642,0.4350704550743103,74.32077407836914,729.0867937088012,422.938830836744,317.204123127558,3440.9395190629584,5.162062198805365,simulator_assisted_hidden_state,"PI-GNN-GRU-v3 operational indicators are derived from reconstructed hidden states; hydraulic quantities are simulator-assisted proxies, not real distributed measurements. Pressure/head and flow are simulator-assisted hidden hydraulic states because public district-heating datasets do not provide dense distributed hydraulic measurements."
268,67.0,pignn_v3_balanced,66112.953125,69792.73402650979,3202.6349602661126,0.4320608377456665,72.0113639831543,706.4314806747436,406.9618364669885,305.22137735024137,3679.7809015097882,5.565900065834925,simulator_assisted_hidden_state,"PI-GNN-GRU-v3 operational indicators are derived from reconstructed hidden states; hydraulic quantities are simulator-assisted proxies, not real distributed measurements. Pressure/head and flow are simulator-assisted hidden hydraulic states because public district-heating datasets do not provide dense distributed hydraulic measurements."
269,67.25,pignn_v3_balanced,65425.73828125,69327.95608073492,3204.072558294296,0.42898932099342346,68.75929641723633,674.5286978530884,385.820810776766,289.3656080825745,3902.217799484919,5.964346604252587,simulator_assisted_hidden_state,"PI-GNN-GRU-v3 operational indicators are derived from reconstructed hidden states; hydraulic quantities are simulator-assisted proxies, not real distributed measurements. Pressure/head and flow are simulator-assisted hidden hydraulic states because public district-heating datasets do not provide dense distributed hydraulic measurements."
270,67.5,pignn_v3_balanced,66060.1484375,69324.47102061154,3204.3636920070644,0.4291233718395233,68.27494430541992,669.7772036361695,383.2227360074667,287.41705200560006,3264.3225831115415,4.941439976024185,simulator_assisted_hidden_state,"PI-GNN-GRU-v3 operational indicators are derived from reconstructed hidden states; hydraulic quantities are simulator-assisted proxies, not real distributed measurements. Pressure/head and flow are simulator-assisted hidden hydraulic states because public district-heating datasets do not provide dense distributed hydraulic measurements."
271,67.75,pignn_v3_balanced,65782.8984375,69183.88941330295,3204.5929519901274,0.428134024143219,67.10636138916016,658.3134052276612,375.7951564367256,281.8463673275442,3400.9909758029535,5.170022994706167,simulator_assisted_hidden_state,"PI-GNN-GRU-v3 operational indicators are derived from reconstructed hidden states; hydraulic quantities are simulator-assisted proxies, not real distributed measurements. Pressure/head and flow are simulator-assisted hidden hydraulic states because public district-heating datasets do not provide dense distributed hydraulic measurements."
272,68.0,pignn_v3_balanced,64293.828125,68750.86432426165,3204.5634327392577,0.42551401257514954,65.8514289855957,646.0025183486938,366.5108316216058,274.88312371620435,4457.036199261653,6.9322924598552245,simulator_assisted_hidden_state,"PI-GNN-GRU-v3 operational indicators are derived from reconstructed hidden states; hydraulic quantities are simulator-assisted proxies, not real distributed measurements. Pressure/head and flow are simulator-assisted hidden hydraulic states because public district-heating datasets do not provide dense distributed hydraulic measurements."
273,68.25,pignn_v3_balanced,63422.0390625,68207.37108882557,3203.915744853973,0.4218924045562744,64.65471649169922,634.2627687835693,356.78752619016046,267.59064464262036,4785.332026325574,7.54521944904643,simulator_assisted_hidden_state,"PI-GNN-GRU-v3 operational indicators are derived from reconstructed hidden states; hydraulic quantities are simulator-assisted proxies, not real distributed measurements. Pressure/head and flow are simulator-assisted hidden hydraulic states because public district-heating datasets do not provide dense distributed hydraulic measurements."
274,68.5,pignn_v3_balanced,62554.40625,67687.44588608958,3203.015891469955,0.418302983045578,63.378326416015625,621.7413821411133,346.7683664433445,260.0762748325084,5133.039636089583,8.20572033818894,simulator_assisted_hidden_state,"PI-GNN-GRU-v3 operational indicators are derived from reconstructed hidden states; hydraulic quantities are simulator-assisted proxies, not real distributed measurements. Pressure/head and flow are simulator-assisted hidden hydraulic states because public district-heating datasets do not provide dense distributed hydraulic measurements."
275,68.75,pignn_v3_balanced,62425.10546875,67189.7979840747,3203.126036842346,0.41497310996055603,63.14458465576172,619.4483754730225,342.7392251067392,257.0544188300544,4764.692515324699,7.632654329610871,simulator_assisted_hidden_state,"PI-GNN-GRU-v3 operational indicators are derived from reconstructed hidden states; hydraulic quantities are simulator-assisted proxies, not real distributed measurements. Pressure/head and flow are simulator-assisted hidden hydraulic states because public district-heating datasets do not provide dense distributed hydraulic measurements."
276,69.0,pignn_v3_balanced,67992.296875,72209.6641796963,3196.19755360794,0.4516400992870331,80.4260368347168,788.9794213485718,475.1129922577265,356.33474419329485,4217.367304696294,6.20271339332702,simulator_assisted_hidden_state,"PI-GNN-GRU-v3 operational indicators are derived from reconstructed hidden states; hydraulic quantities are simulator-assisted proxies, not real distributed measurements. Pressure/head and flow are simulator-assisted hidden hydraulic states because public district-heating datasets do not provide dense distributed hydraulic measurements."
277,69.25,pignn_v3_balanced,67426.59375,70766.5161602971,3199.246922138214,0.44041508436203003,76.60368347167969,751.4821348571777,441.28542375957653,330.9640678196824,3339.9224102971057,4.9534200447388095,simulator_assisted_hidden_state,"PI-GNN-GRU-v3 operational indicators are derived from reconstructed hidden states; hydraulic quantities are simulator-assisted proxies, not real distributed measurements. Pressure/head and flow are simulator-assisted hidden hydraulic states because public district-heating datasets do not provide dense distributed hydraulic measurements."
278,69.5,pignn_v3_balanced,66658.234375,69880.25817202557,3201.5680386486047,0.43444082140922546,74.34445190429688,729.3190731811524,422.46130296297974,316.8459772222348,3222.0237970255694,4.833647076367779,simulator_assisted_hidden_state,"PI-GNN-GRU-v3 operational indicators are derived from reconstructed hidden states; hydraulic quantities are simulator-assisted proxies, not real distributed measurements. Pressure/head and flow are simulator-assisted hidden hydraulic states because public district-heating datasets do not provide dense distributed hydraulic measurements."
279,69.75,pignn_v3_balanced,66112.953125,69571.49708882389,3202.8408215332033,0.4313454329967499,71.97369003295898,706.0618992233276,406.0754341906584,304.55657564299383,3458.5439638238895,5.231265282137387,simulator_assisted_hidden_state,"PI-GNN-GRU-v3 operational indicators are derived from reconstructed hidden states; hydraulic quantities are simulator-assisted proxies, not real distributed measurements. Pressure/head and flow are simulator-assisted hidden hydraulic states because public district-heating datasets do not provide dense distributed hydraulic measurements."
280,70.0,pignn_v3_balanced,65425.73828125,69090.17185156925,3204.168743133545,0.42817777395248413,68.66227340698242,673.5769021224976,384.5475447154951,288.4106585366213,3664.4335703192482,5.600905188974258,simulator_assisted_hidden_state,"PI-GNN-GRU-v3 operational indicators are derived from reconstructed hidden states; hydraulic quantities are simulator-assisted proxies, not real distributed measurements. Pressure/head and flow are simulator-assisted hidden hydraulic states because public district-heating datasets do not provide dense distributed hydraulic measurements."
281,70.25,pignn_v3_balanced,66060.1484375,69096.49705050093,3204.41061610794,0.42836663126945496,68.15113830566406,668.5626667785644,381.85324981394234,286.38993736045677,3036.348613000926,4.596339373765771,simulator_assisted_hidden_state,"PI-GNN-GRU-v3 operational indicators are derived from reconstructed hidden states; hydraulic quantities are simulator-assisted proxies, not real distributed measurements. Pressure/head and flow are simulator-assisted hidden hydraulic states because public district-heating datasets do not provide dense distributed hydraulic measurements."
282,70.5,pignn_v3_balanced,65782.8984375,68955.5338270517,3204.6208299350733,0.4274023771286011,66.9619255065918,656.8964892196656,374.3454946932234,280.75912101991753,3172.635389551695,4.822887809612098,simulator_assisted_hidden_state,"PI-GNN-GRU-v3 operational indicators are derived from reconstructed hidden states; hydraulic quantities are simulator-assisted proxies, not real distributed measurements. Pressure/head and flow are simulator-assisted hidden hydraulic states because public district-heating datasets do not provide dense distributed hydraulic measurements."
283,70.75,pignn_v3_balanced,64293.828125,68517.2970586127,3204.5733290863027,0.42480042576789856,65.6945915222168,644.4639428329468,365.02474307665926,273.76855730749446,4223.468933612705,6.569011453792176,simulator_assisted_hidden_state,"PI-GNN-GRU-v3 operational indicators are derived from reconstructed hidden states; hydraulic quantities are simulator-assisted proxies, not real distributed measurements. Pressure/head and flow are simulator-assisted hidden hydraulic states because public district-heating datasets do not provide dense distributed hydraulic measurements."
284,71.0,pignn_v3_balanced,63422.0390625,67971.44304400319,3203.911330307006,0.42120957374572754,64.49140930175781,632.6607252502441,355.31033921109093,266.4827544083182,4549.4039815031865,7.1732225086927945,simulator_assisted_hidden_state,"PI-GNN-GRU-v3 operational indicators are derived from reconstructed hidden states; hydraulic quantities are simulator-assisted proxies, not real distributed measurements. Pressure/head and flow are simulator-assisted hidden hydraulic states because public district-heating datasets do not provide dense distributed hydraulic measurements."
285,71.25,pignn_v3_balanced,62554.40625,67450.44181207653,3202.9997452239986,0.41766107082366943,63.21165084838867,620.1062948226929,345.3256788268586,258.99425912014397,4896.035562076533,7.826843631940848,simulator_assisted_hidden_state,"PI-GNN-GRU-v3 operational indicators are derived from reconstructed hidden states; hydraulic quantities are simulator-assisted proxies, not real distributed measurements. Pressure/head and flow are simulator-assisted hidden hydraulic states because public district-heating datasets do not provide dense distributed hydraulic measurements."
286,71.5,pignn_v3_balanced,62425.10546875,66952.25731408206,3203.109348884582,0.41437870264053345,62.976985931396484,617.8042319869995,341.3398881821386,256.004916136604,4527.1518453320605,7.25213327448578,simulator_assisted_hidden_state,"PI-GNN-GRU-v3 operational indicators are derived from reconstructed hidden states; hydraulic quantities are simulator-assisted proxies, not real distributed measurements. Pressure/head and flow are simulator-assisted hidden hydraulic states because public district-heating datasets do not provide dense distributed hydraulic measurements."
287,71.75,pignn_v3_balanced,62697.76171875,66868.37077556433,3202.3645786972043,0.4127587676048279,62.30681610107422,611.229865951538,336.38731492456134,252.290486193421,4170.609056814326,6.651926548068605,simulator_assisted_hidden_state,"PI-GNN-GRU-v3 operational indicators are derived from reconstructed hidden states; hydraulic quantities are simulator-assisted proxies, not real distributed measurements. Pressure/head and flow are simulator-assisted hidden hydraulic states because public district-heating datasets do not provide dense distributed hydraulic measurements."
288,72.0,pignn_v3_balanced,67426.59375,70043.3471101204,3195.427231332779,0.43957263231277466,76.84785461425781,753.8774537658692,441.8451957241536,331.3838967931152,2616.753360120405,3.880892114797665,simulator_assisted_hidden_state,"PI-GNN-GRU-v3 operational indicators are derived from reconstructed hidden states; hydraulic quantities are simulator-assisted proxies, not real distributed measurements. Pressure/head and flow are simulator-assisted hidden hydraulic states because public district-heating datasets do not provide dense distributed hydraulic measurements."
289,72.25,pignn_v3_balanced,66658.234375,69232.31870160032,3198.1455357913965,0.4337218403816223,74.48212432861328,730.6696396636963,422.5431744345536,316.9073808259152,2574.084326600321,3.8616149238506154,simulator_assisted_hidden_state,"PI-GNN-GRU-v3 operational indicators are derived from reconstructed hidden states; hydraulic quantities are simulator-assisted proxies, not real distributed measurements. Pressure/head and flow are simulator-assisted hidden hydraulic states because public district-heating datasets do not provide dense distributed hydraulic measurements."
290,72.5,pignn_v3_balanced,66112.953125,69017.16225400512,3199.6820784244533,0.43055659532546997,72.05828475952148,706.8917734909057,405.8092203437702,304.35691525782767,2904.2091290051176,4.392798977704292,simulator_assisted_hidden_state,"PI-GNN-GRU-v3 operational indicators are derived from reconstructed hidden states; hydraulic quantities are simulator-assisted proxies, not real distributed measurements. Pressure/head and flow are simulator-assisted hidden hydraulic states because public district-heating datasets do not provide dense distributed hydraulic measurements."
291,72.75,pignn_v3_balanced,65425.73828125,68562.35431456582,3201.2710377388,0.42713549733161926,68.67500686645508,673.7018173599243,383.68261441499595,287.761960811247,3136.6160333158186,4.794162229904441,simulator_assisted_hidden_state,"PI-GNN-GRU-v3 operational indicators are derived from reconstructed hidden states; hydraulic quantities are simulator-assisted proxies, not real distributed measurements. Pressure/head and flow are simulator-assisted hidden hydraulic states because public district-heating datasets do not provide dense distributed hydraulic measurements."
292,73.0,pignn_v3_balanced,66060.1484375,68613.53012266313,3201.698248918533,0.4273073971271515,68.1353874206543,668.4081505966186,380.8209960666856,285.6157470500142,2553.3816851631273,3.8652375835620485,simulator_assisted_hidden_state,"PI-GNN-GRU-v3 operational indicators are derived from reconstructed hidden states; hydraulic quantities are simulator-assisted proxies, not real distributed measurements. Pressure/head and flow are simulator-assisted hidden hydraulic states because public district-heating datasets do not provide dense distributed hydraulic measurements."
293,73.25,pignn_v3_balanced,65782.8984375,68494.60403286213,3202.0989054393763,0.4262794256210327,66.92107391357422,656.495735092163,373.13416650365997,279.85062487774496,2711.705595362131,4.122204493525789,simulator_assisted_hidden_state,"PI-GNN-GRU-v3 operational indicators are derived from reconstructed hidden states; hydraulic quantities are simulator-assisted proxies, not real distributed measurements. Pressure/head and flow are simulator-assisted hidden hydraulic states because public district-heating datasets do not provide dense distributed hydraulic measurements."
294,73.5,pignn_v3_balanced,64293.828125,68067.82875697648,3202.1895464916224,0.42363083362579346,65.63785552978516,643.9073627471923,363.7053504778391,272.7790128583793,3774.00063197648,5.8699267753027105,simulator_assisted_hidden_state,"PI-GNN-GRU-v3 operational indicators are derived from reconstructed hidden states; hydraulic quantities are simulator-assisted proxies, not real distributed measurements. Pressure/head and flow are simulator-assisted hidden hydraulic states because public district-heating datasets do not provide dense distributed hydraulic measurements."
295,73.75,pignn_v3_balanced,63422.0390625,67534.02338248123,3201.6363428478244,0.4200344383716583,64.42623519897461,632.0213673019409,353.96098673807774,265.4707400535583,4111.984319981231,6.4835258858975315,simulator_assisted_hidden_state,"PI-GNN-GRU-v3 operational indicators are derived from reconstructed hidden states; hydraulic quantities are simulator-assisted proxies, not real distributed measurements. Pressure/head and flow are simulator-assisted hidden hydraulic states because public district-heating datasets do not provide dense distributed hydraulic measurements."
296,74.0,pignn_v3_balanced,62554.40625,67024.96545084397,3200.813924606323,0.4165079891681671,63.141841888427734,619.4214689254761,343.9919872929898,257.99399046974236,4470.559200843971,7.146673542032015,simulator_assisted_hidden_state,"PI-GNN-GRU-v3 operational indicators are derived from reconstructed hidden states; hydraulic quantities are simulator-assisted proxies, not real distributed measurements. Pressure/head and flow are simulator-assisted hidden hydraulic states because public district-heating datasets do not provide dense distributed hydraulic measurements."
297,74.25,pignn_v3_balanced,62425.10546875,66538.57413901464,3201.026774225235,0.4132631719112396,62.904109954833984,617.0893186569214,340.02705224094,255.020289180705,4113.468670264643,6.589446088038802,simulator_assisted_hidden_state,"PI-GNN-GRU-v3 operational indicators are derived from reconstructed hidden states; hydraulic quantities are simulator-assisted proxies, not real distributed measurements. Pressure/head and flow are simulator-assisted hidden hydraulic states because public district-heating datasets do not provide dense distributed hydraulic measurements."
298,74.5,pignn_v3_balanced,62697.76171875,66469.20746182103,3200.360045574188,0.41169124841690063,62.232669830322266,610.5024910354614,335.1180435946891,251.3385326960168,3771.4457430710318,6.0152797160271945,simulator_assisted_hidden_state,"PI-GNN-GRU-v3 operational indicators are derived from reconstructed hidden states; hydraulic quantities are simulator-assisted proxies, not real distributed measurements. Pressure/head and flow are simulator-assisted hidden hydraulic states because public district-heating datasets do not provide dense distributed hydraulic measurements."
299,74.75,pignn_v3_balanced,62434.265625,66289.93527464732,3200.423528268814,0.410028338432312,61.8827018737793,607.0693053817749,331.88749146526266,248.915618598947,3855.669649647316,6.175566591598419,simulator_assisted_hidden_state,"PI-GNN-GRU-v3 operational indicators are derived from reconstructed hidden states; hydraulic quantities are simulator-assisted proxies, not real distributed measurements. Pressure/head and flow are simulator-assisted hidden hydraulic states because public district-heating datasets do not provide dense distributed hydraulic measurements."
300,75.0,pignn_v3_balanced,66658.234375,69502.3734976486,3197.01797479248,0.43593132495880127,74.56050109863281,731.4385157775879,425.14261507843065,318.856961308823,2844.139122648601,4.266748360972622,simulator_assisted_hidden_state,"PI-GNN-GRU-v3 operational indicators are derived from reconstructed hidden states; hydraulic quantities are simulator-assisted proxies, not real distributed measurements. Pressure/head and flow are simulator-assisted hidden hydraulic states because public district-heating datasets do not provide dense distributed hydraulic measurements."
301,75.25,pignn_v3_balanced,66112.953125,69205.16015439283,3199.2347565307614,0.43236222863197327,72.02783966064453,706.5931070709229,407.3388940122329,305.5041705091747,3092.2070293928264,4.677157626806323,simulator_assisted_hidden_state,"PI-GNN-GRU-v3 operational indicators are derived from reconstructed hidden states; hydraulic quantities are simulator-assisted proxies, not real distributed measurements. Pressure/head and flow are simulator-assisted hidden hydraulic states because public district-heating datasets do not provide dense distributed hydraulic measurements."
302,75.5,pignn_v3_balanced,65425.73828125,68646.64745396099,3201.1929557762146,0.4282321035861969,68.56100845336914,672.5834929275512,384.029125351623,288.02184401371727,3220.9091727109917,4.923000117881824,simulator_assisted_hidden_state,"PI-GNN-GRU-v3 operational indicators are derived from reconstructed hidden states; hydraulic quantities are simulator-assisted proxies, not real distributed measurements. Pressure/head and flow are simulator-assisted hidden hydraulic states because public district-heating datasets do not provide dense distributed hydraulic measurements."
303,75.75,pignn_v3_balanced,66060.1484375,68680.52519583855,3201.837309843063,0.4282233715057373,67.98673629760742,666.9498830795288,380.8047034102308,285.6035275576731,2620.376758338549,3.9666528464096724,simulator_assisted_hidden_state,"PI-GNN-GRU-v3 operational indicators are derived from reconstructed hidden states; hydraulic quantities are simulator-assisted proxies, not real distributed measurements. Pressure/head and flow are simulator-assisted hidden hydraulic states because public district-heating datasets do not provide dense distributed hydraulic measurements."
304,76.0,pignn_v3_balanced,65782.8984375,68528.86394225483,3202.362374118805,0.4269578754901886,66.73612213134766,654.6813581085205,372.6951490413937,279.52136178104524,2745.9655047548295,4.174284760899913,simulator_assisted_hidden_state,"PI-GNN-GRU-v3 operational indicators are derived from reconstructed hidden states; hydraulic quantities are simulator-assisted proxies, not real distributed measurements. Pressure/head and flow are simulator-assisted hidden hydraulic states because public district-heating datasets do not provide dense distributed hydraulic measurements."
305,76.25,pignn_v3_balanced,64293.828125,68068.39944857608,3202.486552791595,0.42411717772483826,65.42912673950195,641.8597333145142,362.9649847847588,272.2237385885691,3774.5713235760777,5.870814405758449,simulator_assisted_hidden_state,"PI-GNN-GRU-v3 operational indicators are derived from reconstructed hidden states; hydraulic quantities are simulator-assisted proxies, not real distributed measurements. Pressure/head and flow are simulator-assisted hidden hydraulic states because public district-heating datasets do not provide dense distributed hydraulic measurements."
306,76.5,pignn_v3_balanced,63422.0390625,67511.04019590335,3201.9341010761254,0.4204029142856598,64.20527267456055,629.853724937439,353.05645538317026,264.7923415373777,4089.001133403348,6.447287400163519,simulator_assisted_hidden_state,"PI-GNN-GRU-v3 operational indicators are derived from reconstructed hidden states; hydraulic quantities are simulator-assisted proxies, not real distributed measurements. Pressure/head and flow are simulator-assisted hidden hydraulic states because public district-heating datasets do not provide dense distributed hydraulic measurements."
307,76.75,pignn_v3_balanced,62554.40625,66984.29809042533,3201.0984580593104,0.4168103039264679,62.91529083251953,617.1990030670166,343.00653873530155,257.25490405147616,4429.8918404253345,7.081662357598247,simulator_assisted_hidden_state,"PI-GNN-GRU-v3 operational indicators are derived from reconstructed hidden states; hydraulic quantities are simulator-assisted proxies, not real distributed measurements. Pressure/head and flow are simulator-assisted hidden hydraulic states because public district-heating datasets do not provide dense distributed hydraulic measurements."
308,77.0,pignn_v3_balanced,62425.10546875,66482.07107660538,3201.2971126728053,0.4135347604751587,62.67788314819336,614.8700336837769,339.0268428036979,254.2701321027734,4056.9656078553817,6.498932724889504,simulator_assisted_hidden_state,"PI-GNN-GRU-v3 operational indicators are derived from reconstructed hidden states; hydraulic quantities are simulator-assisted proxies, not real distributed measurements. Pressure/head and flow are simulator-assisted hidden hydraulic states because public district-heating datasets do not provide dense distributed hydraulic measurements."
309,77.25,pignn_v3_balanced,62697.76171875,66408.41646446884,3200.6161216392507,0.41194260120391846,62.00870132446289,608.3053599929809,334.1158564290595,250.5868923217946,3710.6547457188426,5.918320916086479,simulator_assisted_hidden_state,"PI-GNN-GRU-v3 operational indicators are derived from reconstructed hidden states; hydraulic quantities are simulator-assisted proxies, not real distributed measurements. Pressure/head and flow are simulator-assisted hidden hydraulic states because public district-heating datasets do not provide dense distributed hydraulic measurements."
310,77.5,pignn_v3_balanced,62434.265625,66223.3848211016,3200.665924089432,0.41027864813804626,61.6627197265625,604.9112805175781,330.90957655227527,248.18218241420647,3789.119196101601,6.068973756911393,simulator_assisted_hidden_state,"PI-GNN-GRU-v3 operational indicators are derived from reconstructed hidden states; hydraulic quantities are simulator-assisted proxies, not real distributed measurements. Pressure/head and flow are simulator-assisted hidden hydraulic states because public district-heating datasets do not provide dense distributed hydraulic measurements."
311,77.75,pignn_v3_balanced,62015.9140625,65917.55368757628,3200.750317937851,0.4083150625228882,61.02653503417969,598.6703086853028,325.9281393619149,244.44610452143615,3901.6396250762773,6.291352282809509,simulator_assisted_hidden_state,"PI-GNN-GRU-v3 operational indicators are derived from reconstructed hidden states; hydraulic quantities are simulator-assisted proxies, not real distributed measurements. Pressure/head and flow are simulator-assisted hidden hydraulic states because public district-heating datasets do not provide dense distributed hydraulic measurements."
312,78.0,pignn_v3_balanced,66112.953125,69994.57480331436,3198.964967880249,0.43663454055786133,72.24533081054688,708.7266952514649,412.60607328295305,309.4545549622148,3881.621678314361,5.871196936212129,simulator_assisted_hidden_state,"PI-GNN-GRU-v3 operational indicators are derived from reconstructed hidden states; hydraulic quantities are simulator-assisted proxies, not real distributed measurements. Pressure/head and flow are simulator-assisted hidden hydraulic states because public district-heating datasets do not provide dense distributed hydraulic measurements."
313,78.25,pignn_v3_balanced,65425.73828125,69040.4135500174,3201.4010162315362,0.4305487871170044,68.56824493408203,672.6544828033448,386.14742895972796,289.610571719796,3614.6752687674016,5.524852089904978,simulator_assisted_hidden_state,"PI-GNN-GRU-v3 operational indicators are derived from reconstructed hidden states; hydraulic quantities are simulator-assisted proxies, not real distributed measurements. Pressure/head and flow are simulator-assisted hidden hydraulic states because public district-heating datasets do not provide dense distributed hydraulic measurements."
314,78.5,pignn_v3_balanced,66060.1484375,68998.27648242429,3202.422719736099,0.43015486001968384,67.95448684692383,666.6335159683227,382.3408623277114,286.75564674578357,2938.1280449242913,4.4476558324783,simulator_assisted_hidden_state,"PI-GNN-GRU-v3 operational indicators are derived from reconstructed hidden states; hydraulic quantities are simulator-assisted proxies, not real distributed measurements. Pressure/head and flow are simulator-assisted hidden hydraulic states because public district-heating datasets do not provide dense distributed hydraulic measurements."
315,78.75,pignn_v3_balanced,65782.8984375,68763.69746794189,3203.1374020099634,0.42837533354759216,66.6406478881836,653.744755783081,373.397503751422,280.0481278135665,2980.7990304418927,4.5312673981276985,simulator_assisted_hidden_state,"PI-GNN-GRU-v3 operational indicators are derived from reconstructed hidden states; hydraulic quantities are simulator-assisted proxies, not real distributed measurements. Pressure/head and flow are simulator-assisted hidden hydraulic states because public district-heating datasets do not provide dense distributed hydraulic measurements."
316,79.0,pignn_v3_balanced,64293.828125,68234.00669256086,3203.295158729553,0.4251360595226288,65.2861213684082,640.4568506240845,363.04173569146155,272.28130176859617,3940.1785675608553,6.128393163804718,simulator_assisted_hidden_state,"PI-GNN-GRU-v3 operational indicators are derived from reconstructed hidden states; hydraulic quantities are simulator-assisted proxies, not real distributed measurements. Pressure/head and flow are simulator-assisted hidden hydraulic states because public district-heating datasets do not provide dense distributed hydraulic measurements."
317,79.25,pignn_v3_balanced,63422.0390625,67630.70181536379,3202.7315547580715,0.4211753010749817,64.03345489501953,628.1681925201416,352.7585701471969,264.5689276103977,4208.662752863791,6.635962537748612,simulator_assisted_hidden_state,"PI-GNN-GRU-v3 operational indicators are derived from reconstructed hidden states; hydraulic quantities are simulator-assisted proxies, not real distributed measurements. Pressure/head and flow are simulator-assisted hidden hydraulic states because public district-heating datasets do not provide dense distributed hydraulic measurements."
318,79.5,pignn_v3_balanced,62554.40625,67071.0586692757,3201.8681739406584,0.4174361824989319,62.72674560546875,615.3493743896485,342.4921249977611,256.86909374832084,4516.652419275706,7.220358548724465,simulator_assisted_hidden_state,"PI-GNN-GRU-v3 operational indicators are derived from reconstructed hidden states; hydraulic quantities are simulator-assisted proxies, not real distributed measurements. Pressure/head and flow are simulator-assisted hidden hydraulic states because public district-heating datasets do not provide dense distributed hydraulic measurements."
319,79.75,pignn_v3_balanced,62425.10546875,66541.06800492783,3202.034797485352,0.4140836298465729,62.482421875,612.95255859375,338.41816051499217,253.8136203862441,4115.962536177831,6.593441060725611,simulator_assisted_hidden_state,"PI-GNN-GRU-v3 operational indicators are derived from reconstructed hidden states; hydraulic quantities are simulator-assisted proxies, not real distributed measurements. Pressure/head and flow are simulator-assisted hidden hydraulic states because public district-heating datasets do not provide dense distributed hydraulic measurements."
320,80.0,pignn_v3_balanced,62697.76171875,66456.21389407576,3201.330779657363,0.4124363660812378,61.811668395996094,606.3724669647216,333.4534090221936,250.0900567666452,3758.4521753257577,5.994555582678446,simulator_assisted_hidden_state,"PI-GNN-GRU-v3 operational indicators are derived from reconstructed hidden states; hydraulic quantities are simulator-assisted proxies, not real distributed measurements. Pressure/head and flow are simulator-assisted hidden hydraulic states because public district-heating datasets do not provide dense distributed hydraulic measurements."
321,80.25,pignn_v3_balanced,62434.265625,66259.07822035768,3201.353863048553,0.41074860095977783,61.466468811035156,602.9860590362549,330.23424019652225,247.6756801473917,3824.812595357682,6.126143323813111,simulator_assisted_hidden_state,"PI-GNN-GRU-v3 operational indicators are derived from reconstructed hidden states; hydraulic quantities are simulator-assisted proxies, not real distributed measurements. Pressure/head and flow are simulator-assisted hidden hydraulic states because public district-heating datasets do not provide dense distributed hydraulic measurements."
322,80.5,pignn_v3_balanced,62015.9140625,65943.00735482233,3201.4094033317565,0.4087669849395752,60.83266830444336,596.7684760665893,325.2523342249663,243.93925066872475,3927.09329232233,6.332396049769713,simulator_assisted_hidden_state,"PI-GNN-GRU-v3 operational indicators are derived from reconstructed hidden states; hydraulic quantities are simulator-assisted proxies, not real distributed measurements. Pressure/head and flow are simulator-assisted hidden hydraulic states because public district-heating datasets do not provide dense distributed hydraulic measurements."
323,80.75,pignn_v3_balanced,61817.25390625,65723.21301830122,3200.979224864959,0.4062100350856781,60.951011657714844,597.9294243621827,323.846576598562,242.88493244892152,3905.9591120512196,6.318558113200673,simulator_assisted_hidden_state,"PI-GNN-GRU-v3 operational indicators are derived from reconstructed hidden states; hydraulic quantities are simulator-assisted proxies, not real distributed measurements. Pressure/head and flow are simulator-assisted hidden hydraulic states because public district-heating datasets do not provide dense distributed hydraulic measurements."
324,81.0,pignn_v3_balanced,65425.73828125,68771.7060001176,3198.1465275821683,0.4321492910385132,68.68281555175781,673.7784205627441,388.230489017652,291.172866763239,3345.9677188675996,5.114145910717987,simulator_assisted_hidden_state,"PI-GNN-GRU-v3 operational indicators are derived from reconstructed hidden states; hydraulic quantities are simulator-assisted proxies, not real distributed measurements. Pressure/head and flow are simulator-assisted hidden hydraulic states because public district-heating datasets do not provide dense distributed hydraulic measurements."
325,81.25,pignn_v3_balanced,66060.1484375,68882.83594221398,3200.07563879013,0.43194276094436646,68.09790420532227,668.0404402542114,384.7403095811922,288.55523218589417,2822.6875047139765,4.272905180321449,simulator_assisted_hidden_state,"PI-GNN-GRU-v3 operational indicators are derived from reconstructed hidden states; hydraulic quantities are simulator-assisted proxies, not real distributed measurements. Pressure/head and flow are simulator-assisted hidden hydraulic states because public district-heating datasets do not provide dense distributed hydraulic measurements."
326,81.5,pignn_v3_balanced,65782.8984375,68607.01078519603,3201.344335927962,0.4294402599334717,66.70752716064453,654.4008414459229,374.70142326829296,281.0260674512197,2824.1123476960347,4.293079834995732,simulator_assisted_hidden_state,"PI-GNN-GRU-v3 operational indicators are derived from reconstructed hidden states; hydraulic quantities are simulator-assisted proxies, not real distributed measurements. Pressure/head and flow are simulator-assisted hidden hydraulic states because public district-heating datasets do not provide dense distributed hydraulic measurements."
327,81.75,pignn_v3_balanced,64293.828125,68025.89230290602,3201.724835918427,0.4256030321121216,65.28531265258789,640.4489171218872,363.43600138666676,272.5770010400001,3732.0641779060243,5.804700523742572,simulator_assisted_hidden_state,"PI-GNN-GRU-v3 operational indicators are derived from reconstructed hidden states; hydraulic quantities are simulator-assisted proxies, not real distributed measurements. Pressure/head and flow are simulator-assisted hidden hydraulic states because public district-heating datasets do not provide dense distributed hydraulic measurements."
328,82.0,pignn_v3_balanced,63422.0390625,67396.54737054672,3201.2886528053277,0.4212821125984192,63.98686981201172,627.711192855835,352.5913299039732,264.4434974279799,3974.5083080467157,6.266762101625256,simulator_assisted_hidden_state,"PI-GNN-GRU-v3 operational indicators are derived from reconstructed hidden states; hydraulic quantities are simulator-assisted proxies, not real distributed measurements. Pressure/head and flow are simulator-assisted hidden hydraulic states because public district-heating datasets do not provide dense distributed hydraulic measurements."
329,82.25,pignn_v3_balanced,62554.40625,66823.98029417622,3200.5088141899105,0.4173392057418823,62.64991760253906,614.5956916809082,341.99317042465736,256.494877818493,4269.574044176217,6.825376980020839,simulator_assisted_hidden_state,"PI-GNN-GRU-v3 operational indicators are derived from reconstructed hidden states; hydraulic quantities are simulator-assisted proxies, not real distributed measurements. Pressure/head and flow are simulator-assisted hidden hydraulic states because public district-heating datasets do not provide dense distributed hydraulic measurements."
330,82.5,pignn_v3_balanced,62425.10546875,66286.0384813812,3200.7709838390347,0.41389474272727966,62.38621139526367,612.0087337875366,337.7429298904542,253.30719741784065,3860.933012631198,6.184904268305931,simulator_assisted_hidden_state,"PI-GNN-GRU-v3 operational indicators are derived from reconstructed hidden states; hydraulic quantities are simulator-assisted proxies, not real distributed measurements. Pressure/head and flow are simulator-assisted hidden hydraulic states because public district-heating datasets do not provide dense distributed hydraulic measurements."
331,82.75,pignn_v3_balanced,62697.76171875,66207.80863388906,3200.1328527202604,0.41219285130500793,61.706233978271484,605.3381553268432,332.68808033051374,249.51606024788532,3510.046915139057,5.598360800955617,simulator_assisted_hidden_state,"PI-GNN-GRU-v3 operational indicators are derived from reconstructed hidden states; hydraulic quantities are simulator-assisted proxies, not real distributed measurements. Pressure/head and flow are simulator-assisted hidden hydraulic states because public district-heating datasets do not provide dense distributed hydraulic measurements."
332,83.0,pignn_v3_balanced,62434.265625,66015.5860017088,3200.2229493656155,0.4104906916618347,61.35523986816406,601.8949031066894,329.4296734453306,247.07225508399796,3581.320376708798,5.736145593862422,simulator_assisted_hidden_state,"PI-GNN-GRU-v3 operational indicators are derived from reconstructed hidden states; hydraulic quantities are simulator-assisted proxies, not real distributed measurements. Pressure/head and flow are simulator-assisted hidden hydraulic states because public district-heating datasets do not provide dense distributed hydraulic measurements."
333,83.25,pignn_v3_balanced,62015.9140625,65705.06441740929,3200.3353235721584,0.4085058867931366,60.71776580810547,595.6412825775146,324.4306271332385,243.32297034992888,3689.1503549092886,5.94871560095259,simulator_assisted_hidden_state,"PI-GNN-GRU-v3 operational indicators are derived from reconstructed hidden states; hydraulic quantities are simulator-assisted proxies, not real distributed measurements. Pressure/head and flow are simulator-assisted hidden hydraulic states because public district-heating datasets do not provide dense distributed hydraulic measurements."
334,83.5,pignn_v3_balanced,61817.25390625,65492.36067230623,3199.949597814559,0.405950129032135,60.8348388671875,596.7897692871094,323.02251179621356,242.26688384716016,3675.106766056233,5.945114889169581,simulator_assisted_hidden_state,"PI-GNN-GRU-v3 operational indicators are derived from reconstructed hidden states; hydraulic quantities are simulator-assisted proxies, not real distributed measurements. Pressure/head and flow are simulator-assisted hidden hydraulic states because public district-heating datasets do not provide dense distributed hydraulic measurements."
335,83.75,pignn_v3_balanced,61440.01953125,65206.04665882053,3200.0220713081358,0.40336015820503235,59.01620101928711,578.9489319992066,311.3665770717793,233.52493280383447,3766.027127570531,6.129599496066291,simulator_assisted_hidden_state,"PI-GNN-GRU-v3 operational indicators are derived from reconstructed hidden states; hydraulic quantities are simulator-assisted proxies, not real distributed measurements. Pressure/head and flow are simulator-assisted hidden hydraulic states because public district-heating datasets do not provide dense distributed hydraulic measurements."
336,84.0,pignn_v3_balanced,66060.1484375,70086.49806252196,3201.114364442825,0.4394131898880005,68.6709976196289,673.6624866485596,394.68824288816813,296.0161821661261,4026.3496250219614,6.094975140468116,simulator_assisted_hidden_state,"PI-GNN-GRU-v3 operational indicators are derived from reconstructed hidden states; hydraulic quantities are simulator-assisted proxies, not real distributed measurements. Pressure/head and flow are simulator-assisted hidden hydraulic states because public district-heating datasets do not provide dense distributed hydraulic measurements."
337,84.25,pignn_v3_balanced,65782.8984375,69326.68349219002,3202.5905911045065,0.4339662194252014,66.99971771240234,657.267230758667,380.30903371254686,285.23177528441016,3543.7850546900154,5.387091689273843,simulator_assisted_hidden_state,"PI-GNN-GRU-v3 operational indicators are derived from reconstructed hidden states; hydraulic quantities are simulator-assisted proxies, not real distributed measurements. Pressure/head and flow are simulator-assisted hidden hydraulic states because public district-heating datasets do not provide dense distributed hydraulic measurements."
338,84.5,pignn_v3_balanced,64293.828125,68495.34505893059,3202.889826238632,0.4285649061203003,65.4471664428711,642.0367028045654,366.8725323509677,275.15439926322574,4201.516933930587,6.534868208130337,simulator_assisted_hidden_state,"PI-GNN-GRU-v3 operational indicators are derived from reconstructed hidden states; hydraulic quantities are simulator-assisted proxies, not real distributed measurements. Pressure/head and flow are simulator-assisted hidden hydraulic states because public district-heating datasets do not provide dense distributed hydraulic measurements."
339,84.75,pignn_v3_balanced,63422.0390625,67734.84464109209,3202.378754837035,0.42337357997894287,64.06123352050781,628.4407008361817,354.75358575665337,266.06518931749,4312.805578592088,6.800168588622611,simulator_assisted_hidden_state,"PI-GNN-GRU-v3 operational indicators are derived from reconstructed hidden states; hydraulic quantities are simulator-assisted proxies, not real distributed measurements. Pressure/head and flow are simulator-assisted hidden hydraulic states because public district-heating datasets do not provide dense distributed hydraulic measurements."
340,85.0,pignn_v3_balanced,62554.40625,67083.03896802323,3201.531792469024,0.4189183712005615,62.663089752197266,614.7249104690552,343.35941097347677,257.5195582301076,4528.632718023233,7.239510355073081,simulator_assisted_hidden_state,"PI-GNN-GRU-v3 operational indicators are derived from reconstructed hidden states; hydraulic quantities are simulator-assisted proxies, not real distributed measurements. Pressure/head and flow are simulator-assisted hidden hydraulic states because public district-heating datasets do not provide dense distributed hydraulic measurements."
341,85.25,pignn_v3_balanced,62425.10546875,66488.00768453855,3201.749975658416,0.4151911735534668,62.360321044921875,611.7547494506836,338.66022980178184,253.99517235133638,4062.9022157885483,6.5084426934968285,simulator_assisted_hidden_state,"PI-GNN-GRU-v3 operational indicators are derived from reconstructed hidden states; hydraulic quantities are simulator-assisted proxies, not real distributed measurements. Pressure/head and flow are simulator-assisted hidden hydraulic states because public district-heating datasets do not provide dense distributed hydraulic measurements."
342,85.5,pignn_v3_balanced,62697.76171875,66384.88996539576,3201.0882113513944,0.41329509019851685,61.658756256103516,604.8723988723755,333.3210568674022,249.99079265055167,3687.1282466457633,5.8807972494863625,simulator_assisted_hidden_state,"PI-GNN-GRU-v3 operational indicators are derived from reconstructed hidden states; hydraulic quantities are simulator-assisted proxies, not real distributed measurements. Pressure/head and flow are simulator-assisted hidden hydraulic states because public district-heating datasets do not provide dense distributed hydraulic measurements."
343,85.75,pignn_v3_balanced,62434.265625,66170.02051036869,3201.148160791397,0.4114748239517212,61.29204559326172,601.2749672698975,329.8793484052773,247.40951130395797,3735.7548853686894,5.983500963728504,simulator_assisted_hidden_state,"PI-GNN-GRU-v3 operational indicators are derived from reconstructed hidden states; hydraulic quantities are simulator-assisted proxies, not real distributed measurements. Pressure/head and flow are simulator-assisted hidden hydraulic states because public district-heating datasets do not provide dense distributed hydraulic measurements."
344,86.0,pignn_v3_balanced,62015.9140625,65841.84245383905,3201.226816806793,0.40940186381340027,60.644798278808594,594.9254711151123,324.75146227278964,243.56359670459221,3825.9283913390536,6.1692687259003565,simulator_assisted_hidden_state,"PI-GNN-GRU-v3 operational indicators are derived from reconstructed hidden states; hydraulic quantities are simulator-assisted proxies, not real distributed measurements. Pressure/head and flow are simulator-assisted hidden hydraulic states because public district-heating datasets do not provide dense distributed hydraulic measurements."
345,86.25,pignn_v3_balanced,61817.25390625,65617.09022670207,3200.811113634109,0.4067731201648712,60.75681686401367,596.0243734359741,323.26225876915146,242.4466940768636,3799.836320452072,6.146886314644092,simulator_assisted_hidden_state,"PI-GNN-GRU-v3 operational indicators are derived from reconstructed hidden states; hydraulic quantities are simulator-assisted proxies, not real distributed measurements. Pressure/head and flow are simulator-assisted hidden hydraulic states because public district-heating datasets do not provide dense distributed hydraulic measurements."
346,86.5,pignn_v3_balanced,61440.01953125,65318.35287724656,3200.850329795837,0.4041356146335602,58.93427276611328,578.1452158355713,311.5320961988812,233.64907214916093,3878.333345996558,6.31238950701169,simulator_assisted_hidden_state,"PI-GNN-GRU-v3 operational indicators are derived from reconstructed hidden states; hydraulic quantities are simulator-assisted proxies, not real distributed measurements. Pressure/head and flow are simulator-assisted hidden hydraulic states because public district-heating datasets do not provide dense distributed hydraulic measurements."
347,86.75,pignn_v3_balanced,61688.640625,65159.63563986944,3200.889421983718,0.4031461477279663,59.261436462402344,581.354691696167,312.49453922785233,234.37090442088925,3470.9950148694406,5.626635600497868,simulator_assisted_hidden_state,"PI-GNN-GRU-v3 operational indicators are derived from reconstructed hidden states; hydraulic quantities are simulator-assisted proxies, not real distributed measurements. Pressure/head and flow are simulator-assisted hidden hydraulic states because public district-heating datasets do not provide dense distributed hydraulic measurements."
348,87.0,pignn_v3_balanced,65782.8984375,69092.18047033566,3199.8292838916773,0.4364508390426636,67.3297233581543,660.5045861434936,384.37037441847343,288.2777808138551,3309.282032835661,5.030611468085118,simulator_assisted_hidden_state,"PI-GNN-GRU-v3 operational indicators are derived from reconstructed hidden states; hydraulic quantities are simulator-assisted proxies, not real distributed measurements. Pressure/head and flow are simulator-assisted hidden hydraulic states because public district-heating datasets do not provide dense distributed hydraulic measurements."
349,87.25,pignn_v3_balanced,64293.828125,68118.13313709832,3200.236799400329,0.42937782406806946,65.63489151000977,643.8782857131959,368.6227430456143,276.46705728421074,3824.3050120983244,5.948168158012172,simulator_assisted_hidden_state,"PI-GNN-GRU-v3 operational indicators are derived from reconstructed hidden states; hydraulic quantities are simulator-assisted proxies, not real distributed measurements. Pressure/head and flow are simulator-assisted hidden hydraulic states because public district-heating datasets do not provide dense distributed hydraulic measurements."
350,87.5,pignn_v3_balanced,63422.0390625,67317.37730329171,3199.9299452648156,0.4233770966529846,64.1744499206543,629.5513537216186,355.3834991101534,266.53762433261505,3895.338240791709,6.141931572009222,simulator_assisted_hidden_state,"PI-GNN-GRU-v3 operational indicators are derived from reconstructed hidden states; hydraulic quantities are simulator-assisted proxies, not real distributed measurements. Pressure/head and flow are simulator-assisted hidden hydraulic states because public district-heating datasets do not provide dense distributed hydraulic measurements."
351,87.75,pignn_v3_balanced,62554.40625,66652.64242476829,3199.24345626068,0.4184589982032776,62.7110481262207,615.1953821182251,343.24539106730003,257.434043300475,4098.236174768288,6.551474820797757,simulator_assisted_hidden_state,"PI-GNN-GRU-v3 operational indicators are derived from reconstructed hidden states; hydraulic quantities are simulator-assisted proxies, not real distributed measurements. Pressure/head and flow are simulator-assisted hidden hydraulic states because public district-heating datasets do not provide dense distributed hydraulic measurements."
352,88.0,pignn_v3_balanced,62425.10546875,66053.38224741648,3199.6802969741816,0.4145195186138153,62.35859298706055,611.737797203064,338.10300961931983,253.57725721448986,3628.276778666477,5.81220768699028,simulator_assisted_hidden_state,"PI-GNN-GRU-v3 operational indicators are derived from reconstructed hidden states; hydraulic quantities are simulator-assisted proxies, not real distributed measurements. Pressure/head and flow are simulator-assisted hidden hydraulic states because public district-heating datasets do not provide dense distributed hydraulic measurements."
353,88.25,pignn_v3_balanced,62697.76171875,65973.23282884716,3199.1545050258633,0.41250985860824585,61.63071823120117,604.5973458480835,332.53648753428484,249.40236565071365,3275.4711100971617,5.224223353921771,simulator_assisted_hidden_state,"PI-GNN-GRU-v3 operational indicators are derived from reconstructed hidden states; hydraulic quantities are simulator-assisted proxies, not real distributed measurements. Pressure/head and flow are simulator-assisted hidden hydraulic states because public district-heating datasets do not provide dense distributed hydraulic measurements."
354,88.5,pignn_v3_balanced,62434.265625,65775.64117179674,3199.350149230957,0.41065138578414917,61.243446350097656,600.798208694458,328.95815596935154,246.71861697701365,3341.375546796742,5.351829661721503,simulator_assisted_hidden_state,"PI-GNN-GRU-v3 operational indicators are derived from reconstructed hidden states; hydraulic quantities are simulator-assisted proxies, not real distributed measurements. Pressure/head and flow are simulator-assisted hidden hydraulic states because public district-heating datasets do not provide dense distributed hydraulic measurements."
355,88.75,pignn_v3_balanced,62015.9140625,65464.319325613396,3199.53961091423,0.40856871008872986,60.58214569091797,594.3108492279052,323.7557560810438,242.81681706078285,3448.4052631133964,5.560516708079274,simulator_assisted_hidden_state,"PI-GNN-GRU-v3 operational indicators are derived from reconstructed hidden states; hydraulic quantities are simulator-assisted proxies, not real distributed measurements. Pressure/head and flow are simulator-assisted hidden hydraulic states because public district-heating datasets do not provide dense distributed hydraulic measurements."
356,89.0,pignn_v3_balanced,61817.25390625,65257.38135534334,3199.207695196152,0.4059458076953888,60.68645095825195,595.3340839004517,322.2311673834176,241.67337553756317,3440.127449093343,5.564995582480138,simulator_assisted_hidden_state,"PI-GNN-GRU-v3 operational indicators are derived from reconstructed hidden states; hydraulic quantities are simulator-assisted proxies, not real distributed measurements. Pressure/head and flow are simulator-assisted hidden hydraulic states because public district-heating datasets do not provide dense distributed hydraulic measurements."
357,89.25,pignn_v3_balanced,61440.01953125,64973.67724460349,3199.33469562149,0.40333330631256104,58.85797119140625,577.3966973876953,310.5110920151099,232.88331901133245,3533.6577133534884,5.75139418950897,simulator_assisted_hidden_state,"PI-GNN-GRU-v3 operational indicators are derived from reconstructed hidden states; hydraulic quantities are simulator-assisted proxies, not real distributed measurements. Pressure/head and flow are simulator-assisted hidden hydraulic states because public district-heating datasets do not provide dense distributed hydraulic measurements."
358,89.5,pignn_v3_balanced,61688.640625,64830.99434675582,3199.450775568008,0.40236881375312805,59.18144607543945,580.569986000061,311.4710087566863,233.6032565675147,3142.3537217558187,5.093893608157002,simulator_assisted_hidden_state,"PI-GNN-GRU-v3 operational indicators are derived from reconstructed hidden states; hydraulic quantities are simulator-assisted proxies, not real distributed measurements. Pressure/head and flow are simulator-assisted hidden hydraulic states because public district-heating datasets do not provide dense distributed hydraulic measurements."
359,89.75,pignn_v3_balanced,59261.23828125,64270.79962997131,3199.3296719856257,0.3974980115890503,58.88840103149414,577.6952141189576,306.1769318890617,229.63269891679624,5009.561348721312,8.453352467841219,simulator_assisted_hidden_state,"PI-GNN-GRU-v3 operational indicators are derived from reconstructed hidden states; hydraulic quantities are simulator-assisted proxies, not real distributed measurements. Pressure/head and flow are simulator-assisted hidden hydraulic states because public district-heating datasets do not provide dense distributed hydraulic measurements."
360,90.0,pignn_v3_balanced,64293.828125,67633.73935815397,3195.1672366161342,0.4307347238063812,65.82954025268555,645.7877898788452,370.88430041466364,278.16322531099775,3339.9112331539654,5.194761815489525,simulator_assisted_hidden_state,"PI-GNN-GRU-v3 operational indicators are derived from reconstructed hidden states; hydraulic quantities are simulator-assisted proxies, not real distributed measurements. Pressure/head and flow are simulator-assisted hidden hydraulic states because public district-heating datasets do not provide dense distributed hydraulic measurements."
361,90.25,pignn_v3_balanced,63422.0390625,66846.97912136126,3195.7125517501827,0.42353901267051697,64.30307388305664,630.8131547927857,356.2319743473472,267.1739807605104,3424.9400588612625,5.4002364311972295,simulator_assisted_hidden_state,"PI-GNN-GRU-v3 operational indicators are derived from reconstructed hidden states; hydraulic quantities are simulator-assisted proxies, not real distributed measurements. Pressure/head and flow are simulator-assisted hidden hydraulic states because public district-heating datasets do not provide dense distributed hydraulic measurements."
362,90.5,pignn_v3_balanced,62554.40625,66182.35981585269,3195.5501783523555,0.41796377301216125,62.77702331542969,615.8425987243652,343.1998615259335,257.3998961444501,3627.9535658526875,5.7996770864605365,simulator_assisted_hidden_state,"PI-GNN-GRU-v3 operational indicators are derived from reconstructed hidden states; hydraulic quantities are simulator-assisted proxies, not real distributed measurements. Pressure/head and flow are simulator-assisted hidden hydraulic states because public district-heating datasets do not provide dense distributed hydraulic measurements."
363,90.75,pignn_v3_balanced,62425.10546875,65577.12137456055,3196.4807044830313,0.41369086503982544,62.36700439453125,611.8203131103515,337.47263277274425,253.1044745795582,3152.015905810549,5.049276059915426,simulator_assisted_hidden_state,"PI-GNN-GRU-v3 operational indicators are derived from reconstructed hidden states; hydraulic quantities are simulator-assisted proxies, not real distributed measurements. Pressure/head and flow are simulator-assisted hidden hydraulic states because public district-heating datasets do not provide dense distributed hydraulic measurements."
364,91.0,pignn_v3_balanced,62697.76171875,65529.6897942364,3196.2403111095423,0.41152921319007874,61.606483459472656,604.3596027374267,331.61550906453573,248.7116317984018,2831.928075486401,4.516792941014196,simulator_assisted_hidden_state,"PI-GNN-GRU-v3 operational indicators are derived from reconstructed hidden states; hydraulic quantities are simulator-assisted proxies, not real distributed measurements. Pressure/head and flow are simulator-assisted hidden hydraulic states because public district-heating datasets do not provide dense distributed hydraulic measurements."
365,91.25,pignn_v3_balanced,62434.265625,65352.72062699678,3196.6902041130065,0.40960660576820374,61.19161605834961,600.2897535324097,327.84353122912256,245.8826484218419,2918.455001996779,4.674444350040001,simulator_assisted_hidden_state,"PI-GNN-GRU-v3 operational indicators are derived from reconstructed hidden states; hydraulic quantities are simulator-assisted proxies, not real distributed measurements. Pressure/head and flow are simulator-assisted hidden hydraulic states because public district-heating datasets do not provide dense distributed hydraulic measurements."
366,91.5,pignn_v3_balanced,62015.9140625,65060.38293182482,3197.0724801635743,0.40750396251678467,60.51250076293945,593.627632484436,322.540816662487,241.90561249686522,3044.468869324817,4.909173581246555,simulator_assisted_hidden_state,"PI-GNN-GRU-v3 operational indicators are derived from reconstructed hidden states; hydraulic quantities are simulator-assisted proxies, not real distributed measurements. Pressure/head and flow are simulator-assisted hidden hydraulic states because public district-heating datasets do not provide dense distributed hydraulic measurements."
367,91.75,pignn_v3_balanced,61817.25390625,64873.741072422614,3196.88134213829,0.40489187836647034,60.6080207824707,594.5646838760376,320.97921555324734,240.73441166493552,3056.487166172614,4.9443916916917425,simulator_assisted_hidden_state,"PI-GNN-GRU-v3 operational indicators are derived from reconstructed hidden states; hydraulic quantities are simulator-assisted proxies, not real distributed measurements. Pressure/head and flow are simulator-assisted hidden hydraulic states because public district-heating datasets do not provide dense distributed hydraulic measurements."
368,92.0,pignn_v3_balanced,61440.01953125,64605.97799332258,3197.146438648223,0.40231138467788696,58.77327346801758,576.5658127212524,309.2786539650911,231.95899047381835,3165.95846207258,5.152925546292007,simulator_assisted_hidden_state,"PI-GNN-GRU-v3 operational indicators are derived from reconstructed hidden states; hydraulic quantities are simulator-assisted proxies, not real distributed measurements. Pressure/head and flow are simulator-assisted hidden hydraulic states because public district-heating datasets do not provide dense distributed hydraulic measurements."
369,92.25,pignn_v3_balanced,61688.640625,64480.792866902346,3197.379021669387,0.4013843834400177,59.09393310546875,579.7114837646484,310.24951531196166,232.68713648397124,2792.152241902346,4.5262016047259035,simulator_assisted_hidden_state,"PI-GNN-GRU-v3 operational indicators are derived from reconstructed hidden states; hydraulic quantities are simulator-assisted proxies, not real distributed measurements. Pressure/head and flow are simulator-assisted hidden hydraulic states because public district-heating datasets do not provide dense distributed hydraulic measurements."
370,92.5,pignn_v3_balanced,59261.23828125,63929.47104402619,3197.3499066810605,0.396567702293396,58.80083465576172,576.8361879730224,305.00613555219064,228.75460166414297,4668.2327627761915,7.877379714242657,simulator_assisted_hidden_state,"PI-GNN-GRU-v3 operational indicators are derived from reconstructed hidden states; hydraulic quantities are simulator-assisted proxies, not real distributed measurements. Pressure/head and flow are simulator-assisted hidden hydraulic states because public district-heating datasets do not provide dense distributed hydraulic measurements."
371,92.75,pignn_v3_balanced,59858.015625,63433.257462866146,3198.130327434539,0.3957931101322174,57.855186462402344,567.559379196167,299.5147891690153,224.63609187676144,3575.241837866146,5.9728706348443135,simulator_assisted_hidden_state,"PI-GNN-GRU-v3 operational indicators are derived from reconstructed hidden states; hydraulic quantities are simulator-assisted proxies, not real distributed measurements. Pressure/head and flow are simulator-assisted hidden hydraulic states because public district-heating datasets do not provide dense distributed hydraulic measurements."
372,93.0,pignn_v3_balanced,63422.0390625,66782.83923175324,3191.8458964176175,0.4258716106414795,64.5908317565918,633.6360595321655,359.79681231131167,269.84760923348375,3360.8001692532416,5.299104568273658,simulator_assisted_hidden_state,"PI-GNN-GRU-v3 operational indicators are derived from reconstructed hidden states; hydraulic quantities are simulator-assisted proxies, not real distributed measurements. Pressure/head and flow are simulator-assisted hidden hydraulic states because public district-heating datasets do not provide dense distributed hydraulic measurements."
373,93.25,pignn_v3_balanced,62554.40625,66030.05122868026,3192.4497945842736,0.41887232661247253,62.94535446166992,617.4939272689819,344.8681573123085,258.65111798423135,3475.644978680255,5.556195297881602,simulator_assisted_hidden_state,"PI-GNN-GRU-v3 operational indicators are derived from reconstructed hidden states; hydraulic quantities are simulator-assisted proxies, not real distributed measurements. Pressure/head and flow are simulator-assisted hidden hydraulic states because public district-heating datasets do not provide dense distributed hydraulic measurements."
374,93.5,pignn_v3_balanced,62425.10546875,65357.71466363734,3194.0678042049403,0.4138902425765991,62.46450424194336,612.7767866134643,338.1631104756742,253.62233285675566,2932.6091948873436,4.697804149254353,simulator_assisted_hidden_state,"PI-GNN-GRU-v3 operational indicators are derived from reconstructed hidden states; hydraulic quantities are simulator-assisted proxies, not real distributed measurements. Pressure/head and flow are simulator-assisted hidden hydraulic states because public district-heating datasets do not provide dense distributed hydraulic measurements."
375,93.75,pignn_v3_balanced,62697.76171875,65321.869469819765,3194.1746265392303,0.4113902151584625,61.6540641784668,604.8263695907593,331.7595337592723,248.81965031945424,2624.107751069765,4.1853292352620235,simulator_assisted_hidden_state,"PI-GNN-GRU-v3 operational indicators are derived from reconstructed hidden states; hydraulic quantities are simulator-assisted proxies, not real distributed measurements. Pressure/head and flow are simulator-assisted hidden hydraulic states because public district-heating datasets do not provide dense distributed hydraulic measurements."
376,94.0,pignn_v3_balanced,62434.265625,65142.5829670882,3194.8944133014675,0.4092579483985901,61.191734313964844,600.2909136199951,327.565103667246,245.6738277504345,2708.3173420882013,4.337870102221133,simulator_assisted_hidden_state,"PI-GNN-GRU-v3 operational indicators are derived from reconstructed hidden states; hydraulic quantities are simulator-assisted proxies, not real distributed measurements. Pressure/head and flow are simulator-assisted hidden hydraulic states because public district-heating datasets do not provide dense distributed hydraulic measurements."
377,94.25,pignn_v3_balanced,62015.9140625,64850.89482273197,3195.455721061706,0.40703272819519043,60.480918884277344,593.3178142547607,321.99969149723,241.4997686229225,2834.9807602319706,4.571376239613046,simulator_assisted_hidden_state,"PI-GNN-GRU-v3 operational indicators are derived from reconstructed hidden states; hydraulic quantities are simulator-assisted proxies, not real distributed measurements. Pressure/head and flow are simulator-assisted hidden hydraulic states because public district-heating datasets do not provide dense distributed hydraulic measurements."
378,94.5,pignn_v3_balanced,61817.25390625,64670.86344757663,3195.3830050106044,0.40436267852783203,60.55931854248047,594.0869149017334,320.3021015840015,240.2265761880011,2853.6095413266303,4.616202372325241,simulator_assisted_hidden_state,"PI-GNN-GRU-v3 operational indicators are derived from reconstructed hidden states; hydraulic quantities are simulator-assisted proxies, not real distributed measurements. Pressure/head and flow are simulator-assisted hidden hydraulic states because public district-heating datasets do not provide dense distributed hydraulic measurements."
379,94.75,pignn_v3_balanced,61440.01953125,64406.91236573429,3195.756915521621,0.40176475048065186,58.711978912353516,575.964513130188,308.5363185379468,231.4022389034601,2966.8928344842934,4.828925604386005,simulator_assisted_hidden_state,"PI-GNN-GRU-v3 operational indicators are derived from reconstructed hidden states; hydraulic quantities are simulator-assisted proxies, not real distributed measurements. Pressure/head and flow are simulator-assisted hidden hydraulic states because public district-heating datasets do not provide dense distributed hydraulic measurements."
380,95.0,pignn_v3_balanced,61688.640625,64289.87462644401,3196.0772962818137,0.40083858370780945,59.02667236328125,579.0516558837891,309.4749941841598,232.10624563811984,2601.2340014440124,4.216714738871769,simulator_assisted_hidden_state,"PI-GNN-GRU-v3 operational indicators are derived from reconstructed hidden states; hydraulic quantities are simulator-assisted proxies, not real distributed measurements. Pressure/head and flow are simulator-assisted hidden hydraulic states because public district-heating datasets do not provide dense distributed hydraulic measurements."
381,95.25,pignn_v3_balanced,59261.23828125,63738.74926368901,3196.124322795868,0.3960515260696411,58.7315559387207,576.1565637588501,304.25024844231075,228.18768633173306,4477.510982439009,7.55554745783244,simulator_assisted_hidden_state,"PI-GNN-GRU-v3 operational indicators are derived from reconstructed hidden states; hydraulic quantities are simulator-assisted proxies, not real distributed measurements. Pressure/head and flow are simulator-assisted hidden hydraulic states because public district-heating datasets do not provide dense distributed hydraulic measurements."
382,95.5,pignn_v3_balanced,59858.015625,63251.518321253694,3196.9953306999205,0.39529868960380554,57.78325653076172,566.8537465667724,298.76872428647044,224.07654321485285,3393.502696253694,5.669253584203985,simulator_assisted_hidden_state,"PI-GNN-GRU-v3 operational indicators are derived from reconstructed hidden states; hydraulic quantities are simulator-assisted proxies, not real distributed measurements. Pressure/head and flow are simulator-assisted hidden hydraulic states because public district-heating datasets do not provide dense distributed hydraulic measurements."
383,95.75,pignn_v3_balanced,60311.77734375,63331.4546388022,3196.8376548328397,0.3950267434120178,57.76658248901367,566.6901742172241,298.47703205949205,223.85777404461902,3019.677295052199,5.006778821723984,simulator_assisted_hidden_state,"PI-GNN-GRU-v3 operational indicators are derived from reconstructed hidden states; hydraulic quantities are simulator-assisted proxies, not real distributed measurements. Pressure/head and flow are simulator-assisted hidden hydraulic states because public district-heating datasets do not provide dense distributed hydraulic measurements."
384,96.0,pignn_v3_balanced,62554.40625,65930.02303672854,3188.5397699661253,0.4214155077934265,63.160797119140625,619.6074197387695,348.1495672290511,261.1121754217883,3375.6167867285403,5.396289388852668,simulator_assisted_hidden_state,"PI-GNN-GRU-v3 operational indicators are derived from reconstructed hidden states; hydraulic quantities are simulator-assisted proxies, not real distributed measurements. Pressure/head and flow are simulator-assisted hidden hydraulic states because public district-heating datasets do not provide dense distributed hydraulic measurements."
385,96.25,pignn_v3_balanced,62425.10546875,65126.84643853203,3191.483227100372,0.4150649309158325,62.60588073730469,614.163690032959,339.8904127660572,254.9178095745429,2701.740969782033,4.327971814376067,simulator_assisted_hidden_state,"PI-GNN-GRU-v3 operational indicators are derived from reconstructed hidden states; hydraulic quantities are simulator-assisted proxies, not real distributed measurements. Pressure/head and flow are simulator-assisted hidden hydraulic states because public district-heating datasets do not provide dense distributed hydraulic measurements."
386,96.5,pignn_v3_balanced,62697.76171875,65125.84328532526,3192.1456301422118,0.41197240352630615,61.75099182128906,605.7772297668457,332.75133513140645,249.56350134855484,2428.08156657526,3.872676631531382,simulator_assisted_hidden_state,"PI-GNN-GRU-v3 operational indicators are derived from reconstructed hidden states; hydraulic quantities are simulator-assisted proxies, not real distributed measurements. Pressure/head and flow are simulator-assisted hidden hydraulic states because public district-heating datasets do not provide dense distributed hydraulic measurements."
387,96.75,pignn_v3_balanced,62434.265625,64940.64778658077,3193.241219364166,0.40941640734672546,61.22459030151367,600.6132308578491,327.8678815769734,245.90091118273006,2506.3821615807683,4.014433639109162,simulator_assisted_hidden_state,"PI-GNN-GRU-v3 operational indicators are derived from reconstructed hidden states; hydraulic quantities are simulator-assisted proxies, not real distributed measurements. Pressure/head and flow are simulator-assisted hidden hydraulic states because public district-heating datasets do not provide dense distributed hydraulic measurements."
388,97.0,pignn_v3_balanced,62015.9140625,64644.385810394604,3194.0206240711204,0.40692463517189026,60.46687316894531,593.1800257873535,321.83942077969505,241.37956558477129,2628.471747894604,4.238382659724429,simulator_assisted_hidden_state,"PI-GNN-GRU-v3 operational indicators are derived from reconstructed hidden states; hydraulic quantities are simulator-assisted proxies, not real distributed measurements. Pressure/head and flow are simulator-assisted hidden hydraulic states because public district-heating datasets do not provide dense distributed hydraulic measurements."
389,97.25,pignn_v3_balanced,61817.25390625,64468.23803573042,3194.078821706772,0.4041071832180023,60.51832580566406,593.6847761535645,319.8830434811029,239.91228261082716,2650.984129480421,4.288421050700207,simulator_assisted_hidden_state,"PI-GNN-GRU-v3 operational indicators are derived from reconstructed hidden states; hydraulic quantities are simulator-assisted proxies, not real distributed measurements. Pressure/head and flow are simulator-assisted hidden hydraulic states because public district-heating datasets do not provide dense distributed hydraulic measurements."
390,97.5,pignn_v3_balanced,61440.01953125,64204.94350248491,3194.566561769485,0.40143367648124695,58.6505126953125,575.3615295410157,307.9593254793646,230.96949410952345,2764.923971234908,4.500200345523321,simulator_assisted_hidden_state,"PI-GNN-GRU-v3 operational indicators are derived from reconstructed hidden states; hydraulic quantities are simulator-assisted proxies, not real distributed measurements. Pressure/head and flow are simulator-assisted hidden hydraulic states because public district-heating datasets do not provide dense distributed hydraulic measurements."
391,97.75,pignn_v3_balanced,61688.640625,64094.82676977439,3194.97442224884,0.40047162771224976,58.955169677734375,578.3502145385742,308.81713573865557,231.61285180399167,2406.186144774387,3.900533583486444,simulator_assisted_hidden_state,"PI-GNN-GRU-v3 operational indicators are derived from reconstructed hidden states; hydraulic quantities are simulator-assisted proxies, not real distributed measurements. Pressure/head and flow are simulator-assisted hidden hydraulic states because public district-heating datasets do not provide dense distributed hydraulic measurements."
392,98.0,pignn_v3_balanced,59261.23828125,63541.42145379783,3195.1030558948514,0.39569610357284546,58.6558723449707,575.4141077041626,303.5854938125104,227.6891203593828,4280.183172547833,7.222567898825133,simulator_assisted_hidden_state,"PI-GNN-GRU-v3 operational indicators are derived from reconstructed hidden states; hydraulic quantities are simulator-assisted proxies, not real distributed measurements. Pressure/head and flow are simulator-assisted hidden hydraulic states because public district-heating datasets do not provide dense distributed hydraulic measurements."
393,98.25,pignn_v3_balanced,59858.015625,63062.549256145256,3196.0579186306,0.3949465751647949,57.70343017578125,566.070650024414,298.09021937126874,223.56766452845156,3204.5336311452556,5.353558078538885,simulator_assisted_hidden_state,"PI-GNN-GRU-v3 operational indicators are derived from reconstructed hidden states; hydraulic quantities are simulator-assisted proxies, not real distributed measurements. Pressure/head and flow are simulator-assisted hidden hydraulic states because public district-heating datasets do not provide dense distributed hydraulic measurements."
394,98.5,pignn_v3_balanced,60311.77734375,63152.08068660481,3195.9610546302792,0.39466607570648193,57.68516540527344,565.8914726257324,297.7842223692798,223.33816677695984,2840.303342854808,4.7093676690480475,simulator_assisted_hidden_state,"PI-GNN-GRU-v3 operational indicators are derived from reconstructed hidden states; hydraulic quantities are simulator-assisted proxies, not real distributed measurements. Pressure/head and flow are simulator-assisted hidden hydraulic states because public district-heating datasets do not provide dense distributed hydraulic measurements."
395,98.75,pignn_v3_balanced,60491.26953125,63173.37952333122,3196.5118380889885,0.39459964632987976,58.42814636230469,573.180115814209,301.5688946448085,226.17667098360636,2682.1099920812194,4.4338794885031,simulator_assisted_hidden_state,"PI-GNN-GRU-v3 operational indicators are derived from reconstructed hidden states; hydraulic quantities are simulator-assisted proxies, not real distributed measurements. Pressure/head and flow are simulator-assisted hidden hydraulic states because public district-heating datasets do not provide dense distributed hydraulic measurements."
396,99.0,pignn_v3_balanced,62425.10546875,64821.93620826052,3188.9222750988,0.418202668428421,62.98795700073242,617.9118581771851,344.5498505910171,258.41238794326284,2396.830739510522,3.839530140177937,simulator_assisted_hidden_state,"PI-GNN-GRU-v3 operational indicators are derived from reconstructed hidden states; hydraulic quantities are simulator-assisted proxies, not real distributed measurements. Pressure/head and flow are simulator-assisted hidden hydraulic states because public district-heating datasets do not provide dense distributed hydraulic measurements."
397,99.25,pignn_v3_balanced,62697.76171875,64965.920074520465,3190.27048528862,0.413900762796402,62.0665397644043,608.8727550888061,336.0171970362716,252.0128977772037,2268.1583557704653,3.617606583700681,simulator_assisted_hidden_state,"PI-GNN-GRU-v3 operational indicators are derived from reconstructed hidden states; hydraulic quantities are simulator-assisted proxies, not real distributed measurements. Pressure/head and flow are simulator-assisted hidden hydraulic states because public district-heating datasets do not provide dense distributed hydraulic measurements."
398,99.5,pignn_v3_balanced,62434.265625,64779.52045890827,3191.8925698757166,0.4104540944099426,61.436458587646484,602.691658744812,329.8363453313707,247.37725899852802,2345.2548339082714,3.756358484289085,simulator_assisted_hidden_state,"PI-GNN-GRU-v3 operational indicators are derived from reconstructed hidden states; hydraulic quantities are simulator-assisted proxies, not real distributed measurements. Pressure/head and flow are simulator-assisted hidden hydraulic states because public district-heating datasets do not provide dense distributed hydraulic measurements."
399,99.75,pignn_v3_balanced,62015.9140625,64474.34813581535,3192.9298024520867,0.40741077065467834,60.60312271118164,594.5166337966918,322.94997325618056,242.21247994213542,2458.4340733153513,3.96419872298863,simulator_assisted_hidden_state,"PI-GNN-GRU-v3 operational indicators are derived from reconstructed hidden states; hydraulic quantities are simulator-assisted proxies, not real distributed measurements. Pressure/head and flow are simulator-assisted hidden hydraulic states because public district-heating datasets do not provide dense distributed hydraulic measurements."
400,100.0,pignn_v3_balanced,61817.25390625,64299.57506602659,3193.124923810958,0.40427353978157043,60.60791015625,594.5635986328125,320.488440859408,240.366330644556,2482.3211597765912,4.015579798386382,simulator_assisted_hidden_state,"PI-GNN-GRU-v3 operational indicators are derived from reconstructed hidden states; hydraulic quantities are simulator-assisted proxies, not real distributed measurements. Pressure/head and flow are simulator-assisted hidden hydraulic states because public district-heating datasets do not provide dense distributed hydraulic measurements."
401,100.25,pignn_v3_balanced,61440.01953125,64034.25533906098,3193.727148330688,0.40141645073890686,58.702518463134766,575.871706123352,308.2191684706597,231.1643763529948,2594.235807810983,4.222387667848131,simulator_assisted_hidden_state,"PI-GNN-GRU-v3 operational indicators are derived from reconstructed hidden states; hydraulic quantities are simulator-assisted proxies, not real distributed measurements. Pressure/head and flow are simulator-assisted hidden hydraulic states because public district-heating datasets do not provide dense distributed hydraulic measurements."
402,100.5,pignn_v3_balanced,61688.640625,63930.21067406165,3194.220461826324,0.40035107731819153,58.98622512817383,578.6548685073852,308.8868000031309,231.66510000234814,2241.570049061651,3.6336836512381017,simulator_assisted_hidden_state,"PI-GNN-GRU-v3 operational indicators are derived from reconstructed hidden states; hydraulic quantities are simulator-assisted proxies, not real distributed measurements. Pressure/head and flow are simulator-assisted hidden hydraulic states because public district-heating datasets do not provide dense distributed hydraulic measurements."
403,100.75,pignn_v3_balanced,59261.23828125,63374.68442218336,3194.454597215652,0.39555904269218445,58.67592239379883,575.6107986831665,303.5840753205294,227.68805649039706,4113.44614093336,6.941208554251281,simulator_assisted_hidden_state,"PI-GNN-GRU-v3 operational indicators are derived from reconstructed hidden states; hydraulic quantities are simulator-assisted proxies, not real distributed measurements. Pressure/head and flow are simulator-assisted hidden hydraulic states because public district-heating datasets do not provide dense distributed hydraulic measurements."
404,101.0,pignn_v3_balanced,59858.015625,62905.06969529817,3195.4914093589778,0.39478495717048645,57.71196746826172,566.1544008636474,298.0123211957833,223.50924089683747,3047.054070298167,5.090469569501649,simulator_assisted_hidden_state,"PI-GNN-GRU-v3 operational indicators are derived from reconstructed hidden states; hydraulic quantities are simulator-assisted proxies, not real distributed measurements. Pressure/head and flow are simulator-assisted hidden hydraulic states because public district-heating datasets do not provide dense distributed hydraulic measurements."
405,101.25,pignn_v3_balanced,60311.77734375,63004.653451006474,3195.4456171932216,0.39446577429771423,57.68577194213867,565.8974227523804,297.63622005213153,223.22716503909865,2692.876107256474,4.464925800326347,simulator_assisted_hidden_state,"PI-GNN-GRU-v3 operational indicators are derived from reconstructed hidden states; hydraulic quantities are simulator-assisted proxies, not real distributed measurements. Pressure/head and flow are simulator-assisted hidden hydraulic states because public district-heating datasets do not provide dense distributed hydraulic measurements."
406,101.5,pignn_v3_balanced,60491.26953125,63035.2682947243,3196.0418262863154,0.3943841755390167,58.42534637451172,573.15264793396,301.3897793512522,226.04233451343913,2543.998763474301,4.205563518814996,simulator_assisted_hidden_state,"PI-GNN-GRU-v3 operational indicators are derived from reconstructed hidden states; hydraulic quantities are simulator-assisted proxies, not real distributed measurements. Pressure/head and flow are simulator-assisted hidden hydraulic states because public district-heating datasets do not provide dense distributed hydraulic measurements."
407,101.75,pignn_v3_balanced,60594.21484375,63040.605418104344,3196.3745316638942,0.39444851875305176,57.90998840332031,568.0969862365723,298.780019638785,224.08501472908875,2446.3905743543437,4.037333565032037,simulator_assisted_hidden_state,"PI-GNN-GRU-v3 operational indicators are derived from reconstructed hidden states; hydraulic quantities are simulator-assisted proxies, not real distributed measurements. Pressure/head and flow are simulator-assisted hidden hydraulic states because public district-heating datasets do not provide dense distributed hydraulic measurements."
408,102.0,pignn_v3_balanced,62697.76171875,65853.32494006357,3191.2089915618885,0.41985154151916504,62.41090774536133,612.2510049819946,342.7393709844646,257.05452823834844,3155.5632213135686,5.0329758747510205,simulator_assisted_hidden_state,"PI-GNN-GRU-v3 operational indicators are derived from reconstructed hidden states; hydraulic quantities are simulator-assisted proxies, not real distributed measurements. Pressure/head and flow are simulator-assisted hidden hydraulic states because public district-heating datasets do not provide dense distributed hydraulic measurements."
409,102.25,pignn_v3_balanced,62434.265625,65294.41325838508,3193.365349525451,0.4138844907283783,61.5856819152832,604.1555395889283,333.4008104313229,250.05060782349216,2860.1476333850806,4.5810543373154005,simulator_assisted_hidden_state,"PI-GNN-GRU-v3 operational indicators are derived from reconstructed hidden states; hydraulic quantities are simulator-assisted proxies, not real distributed measurements. Pressure/head and flow are simulator-assisted hidden hydraulic states because public district-heating datasets do not provide dense distributed hydraulic measurements."
410,102.5,pignn_v3_balanced,62015.9140625,64822.28755682519,3194.55541490364,0.40965160727500916,60.659420013427734,595.0689103317261,325.0279140757065,243.77093555677988,2806.373494325191,4.525247328446875,simulator_assisted_hidden_state,"PI-GNN-GRU-v3 operational indicators are derived from reconstructed hidden states; hydraulic quantities are simulator-assisted proxies, not real distributed measurements. Pressure/head and flow are simulator-assisted hidden hydraulic states because public district-heating datasets do not provide dense distributed hydraulic measurements."
411,102.75,pignn_v3_balanced,61817.25390625,64565.23093566986,3194.782136117935,0.40591666102409363,60.59945297241211,594.4806336593628,321.7461251446613,241.30959385849596,2747.9770294198606,4.445323685175908,simulator_assisted_hidden_state,"PI-GNN-GRU-v3 operational indicators are derived from reconstructed hidden states; hydraulic quantities are simulator-assisted proxies, not real distributed measurements. Pressure/head and flow are simulator-assisted hidden hydraulic states because public district-heating datasets do not provide dense distributed hydraulic measurements."
412,103.0,pignn_v3_balanced,61440.01953125,64233.82362764728,3195.3414845523826,0.4026941657066345,58.6377067565918,575.2359032821655,308.858856208952,231.644142156714,2793.8040963972817,4.547205742628841,simulator_assisted_hidden_state,"PI-GNN-GRU-v3 operational indicators are derived from reconstructed hidden states; hydraulic quantities are simulator-assisted proxies, not real distributed measurements. Pressure/head and flow are simulator-assisted hidden hydraulic states because public district-heating datasets do not provide dense distributed hydraulic measurements."
413,103.25,pignn_v3_balanced,61688.640625,64093.303264083006,3195.78222505188,0.4014241099357605,58.88964080810547,577.7073763275147,309.2075591274613,231.90566934559598,2404.662639083006,3.8980639137450703,simulator_assisted_hidden_state,"PI-GNN-GRU-v3 operational indicators are derived from reconstructed hidden states; hydraulic quantities are simulator-assisted proxies, not real distributed measurements. Pressure/head and flow are simulator-assisted hidden hydraulic states because public district-heating datasets do not provide dense distributed hydraulic measurements."
414,103.5,pignn_v3_balanced,59261.23828125,63492.65459883361,3195.93198276329,0.39649340510368347,58.56155014038086,574.4888068771362,303.7080309768908,227.78102323266813,4231.416317583607,7.140276579273588,simulator_assisted_hidden_state,"PI-GNN-GRU-v3 operational indicators are derived from reconstructed hidden states; hydraulic quantities are simulator-assisted proxies, not real distributed measurements. Pressure/head and flow are simulator-assisted hidden hydraulic states because public district-heating datasets do not provide dense distributed hydraulic measurements."
415,103.75,pignn_v3_balanced,59858.015625,62998.50820419093,3196.8451929817193,0.39560428261756897,57.58749771118164,564.9333525466919,297.9867382146296,223.4900536609722,3140.4925791909336,5.246569814251061,simulator_assisted_hidden_state,"PI-GNN-GRU-v3 operational indicators are derived from reconstructed hidden states; hydraulic quantities are simulator-assisted proxies, not real distributed measurements. Pressure/head and flow are simulator-assisted hidden hydraulic states because public district-heating datasets do not provide dense distributed hydraulic measurements."
416,104.0,pignn_v3_balanced,60311.77734375,63083.5136425586,3196.6945162467955,0.39519229531288147,57.55580139160156,564.6224116516113,297.5125691275932,223.13442684569492,2771.7362988086024,4.5956800162113485,simulator_assisted_hidden_state,"PI-GNN-GRU-v3 operational indicators are derived from reconstructed hidden states; hydraulic quantities are simulator-assisted proxies, not real distributed measurements. Pressure/head and flow are simulator-assisted hidden hydraulic states because public district-heating datasets do not provide dense distributed hydraulic measurements."
417,104.25,pignn_v3_balanced,60491.26953125,63102.79001301839,3197.2029006500243,0.3950481712818146,58.29411697387695,571.8652875137329,301.21911473579905,225.9143360518493,2611.5204817683916,4.317185772434931,simulator_assisted_hidden_state,"PI-GNN-GRU-v3 operational indicators are derived from reconstructed hidden states; hydraulic quantities are simulator-assisted proxies, not real distributed measurements. Pressure/head and flow are simulator-assisted hidden hydraulic states because public district-heating datasets do not provide dense distributed hydraulic measurements."
418,104.5,pignn_v3_balanced,60594.21484375,63099.07342801047,3197.462367130279,0.3950609564781189,57.77846145629883,566.8067068862915,298.5642663476148,223.9231997607111,2504.8585842604734,4.133824641047952,simulator_assisted_hidden_state,"PI-GNN-GRU-v3 operational indicators are derived from reconstructed hidden states; hydraulic quantities are simulator-assisted proxies, not real distributed measurements. Pressure/head and flow are simulator-assisted hidden hydraulic states because public district-heating datasets do not provide dense distributed hydraulic measurements."
419,104.75,pignn_v3_balanced,60764.09765625,63108.73060829056,3197.245822551726,0.3942587375640869,57.74851608276367,566.5129427719116,297.80357017462626,223.3526776309697,2344.6329520405634,3.8585826869419524,simulator_assisted_hidden_state,"PI-GNN-GRU-v3 operational indicators are derived from reconstructed hidden states; hydraulic quantities are simulator-assisted proxies, not real distributed measurements. Pressure/head and flow are simulator-assisted hidden hydraulic states because public district-heating datasets do not provide dense distributed hydraulic measurements."
420,105.0,pignn_v3_balanced,62434.265625,65138.28717421708,3190.3667024688716,0.4172157943248749,61.90559387207031,607.2938758850098,337.8301290879951,253.3725968159963,2704.021549217083,4.330989597056036,simulator_assisted_hidden_state,"PI-GNN-GRU-v3 operational indicators are derived from reconstructed hidden states; hydraulic quantities are simulator-assisted proxies, not real distributed measurements. Pressure/head and flow are simulator-assisted hidden hydraulic states because public district-heating datasets do not provide dense distributed hydraulic measurements."
421,105.25,pignn_v3_balanced,62015.9140625,64608.279133487886,3192.3093780326835,0.41135814785957336,60.86320114135742,597.0680031967163,327.47838392162004,245.60878794121504,2592.3650709878857,4.180161028305227,simulator_assisted_hidden_state,"PI-GNN-GRU-v3 operational indicators are derived from reconstructed hidden states; hydraulic quantities are simulator-assisted proxies, not real distributed measurements. Pressure/head and flow are simulator-assisted hidden hydraulic states because public district-heating datasets do not provide dense distributed hydraulic measurements."
422,105.5,pignn_v3_balanced,61817.25390625,64350.360206440564,3192.9501126022337,0.40680283308029175,60.74360656738281,595.8947804260254,323.2155798600873,242.4116848950655,2533.106300190564,4.097733464563452,simulator_assisted_hidden_state,"PI-GNN-GRU-v3 operational indicators are derived from reconstructed hidden states; hydraulic quantities are simulator-assisted proxies, not real distributed measurements. Pressure/head and flow are simulator-assisted hidden hydraulic states because public district-heating datasets do not provide dense distributed hydraulic measurements."
423,105.75,pignn_v3_balanced,61440.01953125,64003.71568956303,3193.81380065918,0.40310028195381165,58.70982360839844,575.9433695983887,309.55057956605174,232.1629346745388,2563.6961583130324,4.17268122287798,simulator_assisted_hidden_state,"PI-GNN-GRU-v3 operational indicators are derived from reconstructed hidden states; hydraulic quantities are simulator-assisted proxies, not real distributed measurements. Pressure/head and flow are simulator-assisted hidden hydraulic states because public district-heating datasets do not provide dense distributed hydraulic measurements."
424,106.0,pignn_v3_balanced,61688.640625,63868.53198568075,3194.4579256439206,0.40156564116477966,58.91830825805664,577.9886040115357,309.4671524744377,232.10036435582828,2179.8913606807473,3.533699784263559,simulator_assisted_hidden_state,"PI-GNN-GRU-v3 operational indicators are derived from reconstructed hidden states; hydraulic quantities are simulator-assisted proxies, not real distributed measurements. Pressure/head and flow are simulator-assisted hidden hydraulic states because public district-heating datasets do not provide dense distributed hydraulic measurements."
425,106.25,pignn_v3_balanced,59261.23828125,63256.7870372274,3194.806664073944,0.39655739068984985,58.564048767089844,574.5133184051514,303.7700032844183,227.82750246331372,3995.5487559773974,6.742263361110988,simulator_assisted_hidden_state,"PI-GNN-GRU-v3 operational indicators are derived from reconstructed hidden states; hydraulic quantities are simulator-assisted proxies, not real distributed measurements. Pressure/head and flow are simulator-assisted hidden hydraulic states because public district-heating datasets do not provide dense distributed hydraulic measurements."
426,106.5,pignn_v3_balanced,59858.015625,62774.6041758375,3195.8636381378165,0.3955872654914856,57.567378997802734,564.7359879684449,297.8698202734261,223.4023652050696,2916.5885508374995,4.872511259159369,simulator_assisted_hidden_state,"PI-GNN-GRU-v3 operational indicators are derived from reconstructed hidden states; hydraulic quantities are simulator-assisted proxies, not real distributed measurements. Pressure/head and flow are simulator-assisted hidden hydraulic states because public district-heating datasets do not provide dense distributed hydraulic measurements."
427,106.75,pignn_v3_balanced,60311.77734375,62873.58166104068,3195.7997053642266,0.3950790464878082,57.52100372314453,564.2810465240478,297.2474904158178,222.93561781186338,2561.8043172906764,4.247602093849007,simulator_assisted_hidden_state,"PI-GNN-GRU-v3 operational indicators are derived from reconstructed hidden states; hydraulic quantities are simulator-assisted proxies, not real distributed measurements. Pressure/head and flow are simulator-assisted hidden hydraulic states because public district-heating datasets do not provide dense distributed hydraulic measurements."
428,107.0,pignn_v3_balanced,60491.26953125,62905.61682448361,3196.382627695083,0.39488768577575684,58.25300598144531,571.4619886779785,300.8844029571449,225.6633022178587,2414.347293233608,3.9912326389287434,simulator_assisted_hidden_state,"PI-GNN-GRU-v3 operational indicators are derived from reconstructed hidden states; hydraulic quantities are simulator-assisted proxies, not real distributed measurements. Pressure/head and flow are simulator-assisted hidden hydraulic states because public district-heating datasets do not provide dense distributed hydraulic measurements."
429,107.25,pignn_v3_balanced,60594.21484375,62913.57823171984,3196.69970428276,0.39486563205718994,57.73434829711914,566.3739567947388,298.1888139073148,223.64161043048608,2319.363387969839,3.827697733109699,simulator_assisted_hidden_state,"PI-GNN-GRU-v3 operational indicators are derived from reconstructed hidden states; hydraulic quantities are simulator-assisted proxies, not real distributed measurements. Pressure/head and flow are simulator-assisted hidden hydraulic states because public district-heating datasets do not provide dense distributed hydraulic measurements."
430,107.5,pignn_v3_balanced,60764.09765625,62934.050850895,3196.526078910827,0.3940390944480896,57.70317459106445,566.0681427383423,297.4039711473711,223.05297836052836,2169.9531946450006,3.571110702442573,simulator_assisted_hidden_state,"PI-GNN-GRU-v3 operational indicators are derived from reconstructed hidden states; hydraulic quantities are simulator-assisted proxies, not real distributed measurements. Pressure/head and flow are simulator-assisted hidden hydraulic states because public district-heating datasets do not provide dense distributed hydraulic measurements."
431,107.75,pignn_v3_balanced,60947.734375,63022.647763210116,3195.983545103073,0.3927982449531555,57.681182861328125,565.8524038696289,296.35444152335253,222.2658311425144,2074.913388210116,3.404414305942141,simulator_assisted_hidden_state,"PI-GNN-GRU-v3 operational indicators are derived from reconstructed hidden states; hydraulic quantities are simulator-assisted proxies, not real distributed measurements. Pressure/head and flow are simulator-assisted hidden hydraulic states because public district-heating datasets do not provide dense distributed hydraulic measurements."
432,108.0,pignn_v3_balanced,62015.9140625,64604.24952344463,3189.0893972339627,0.4147357642650604,61.13228225708008,599.7076889419556,331.6269689453001,248.72022670897508,2588.3354609446324,4.173663325087965,simulator_assisted_hidden_state,"PI-GNN-GRU-v3 operational indicators are derived from reconstructed hidden states; hydraulic quantities are simulator-assisted proxies, not real distributed measurements. Pressure/head and flow are simulator-assisted hidden hydraulic states because public district-heating datasets do not provide dense distributed hydraulic measurements."
433,108.25,pignn_v3_balanced,61817.25390625,64305.91898791597,3190.735203947067,0.4087334871292114,60.94732666015625,597.8932745361328,325.83867070967534,244.3790030322565,2488.6650816659676,4.02584217901396,simulator_assisted_hidden_state,"PI-GNN-GRU-v3 operational indicators are derived from reconstructed hidden states; hydraulic quantities are simulator-assisted proxies, not real distributed measurements. Pressure/head and flow are simulator-assisted hidden hydraulic states because public district-heating datasets do not provide dense distributed hydraulic measurements."
434,108.5,pignn_v3_balanced,61440.01953125,63902.10075873527,3192.2067950649252,0.40416261553764343,58.823265075683594,577.0562303924561,310.9660738502774,233.22455538770805,2462.0812274852724,4.007292390642866,simulator_assisted_hidden_state,"PI-GNN-GRU-v3 operational indicators are derived from reconstructed hidden states; hydraulic quantities are simulator-assisted proxies, not real distributed measurements. Pressure/head and flow are simulator-assisted hidden hydraulic states because public district-heating datasets do not provide dense distributed hydraulic measurements."
435,108.75,pignn_v3_balanced,61688.640625,63754.97373733483,3193.2061671066276,0.4021901488304138,58.97588348388672,578.5534169769287,310.2513131737273,232.68848488029545,2066.3331123348325,3.3496168685186234,simulator_assisted_hidden_state,"PI-GNN-GRU-v3 operational indicators are derived from reconstructed hidden states; hydraulic quantities are simulator-assisted proxies, not real distributed measurements. Pressure/head and flow are simulator-assisted hidden hydraulic states because public district-heating datasets do not provide dense distributed hydraulic measurements."
436,109.0,pignn_v3_balanced,59261.23828125,63108.76207755442,3193.808639574051,0.3969983458518982,58.58462905883789,574.7152110671997,304.2146508394704,228.1609881296028,3847.52379630442,6.492479583440902,simulator_assisted_hidden_state,"PI-GNN-GRU-v3 operational indicators are derived from reconstructed hidden states; hydraulic quantities are simulator-assisted proxies, not real distributed measurements. Pressure/head and flow are simulator-assisted hidden hydraulic states because public district-heating datasets do not provide dense distributed hydraulic measurements."
437,109.25,pignn_v3_balanced,59858.015625,62627.587943803774,3195.0231682262415,0.39588215947151184,57.55500030517578,564.6145529937744,298.0277713442904,223.5208285082178,2769.5723188037737,4.626902996842828,simulator_assisted_hidden_state,"PI-GNN-GRU-v3 operational indicators are derived from reconstructed hidden states; hydraulic quantities are simulator-assisted proxies, not real distributed measurements. Pressure/head and flow are simulator-assisted hidden hydraulic states because public district-heating datasets do not provide dense distributed hydraulic measurements."
438,109.5,pignn_v3_balanced,60311.77734375,62733.39888001008,3195.047003545761,0.39522722363471985,57.487152099609375,563.948962097168,297.18397674846074,222.88798256134555,2421.621536260078,4.0151718999390855,simulator_assisted_hidden_state,"PI-GNN-GRU-v3 operational indicators are derived from reconstructed hidden states; hydraulic quantities are simulator-assisted proxies, not real distributed measurements. Pressure/head and flow are simulator-assisted hidden hydraulic states because public district-heating datasets do not provide dense distributed hydraulic measurements."
439,109.75,pignn_v3_balanced,60491.26953125,62772.27239248612,3195.7010653038024,0.394957959651947,58.20904541015625,571.0307354736328,300.7108455749556,225.53313418121672,2281.00286123612,3.7707968090465456,simulator_assisted_hidden_state,"PI-GNN-GRU-v3 operational indicators are derived from reconstructed hidden states; hydraulic quantities are simulator-assisted proxies, not real distributed measurements. Pressure/head and flow are simulator-assisted hidden hydraulic states because public district-heating datasets do not provide dense distributed hydraulic measurements."
440,110.0,pignn_v3_balanced,60594.21484375,62786.94006236858,3196.0707714843747,0.39487922191619873,57.68506622314453,565.8904996490478,297.9445335882466,223.45840019118495,2192.7252186185797,3.6187039047750753,simulator_assisted_hidden_state,"PI-GNN-GRU-v3 operational indicators are derived from reconstructed hidden states; hydraulic quantities are simulator-assisted proxies, not real distributed measurements. Pressure/head and flow are simulator-assisted hidden hydraulic states because public district-heating datasets do not provide dense distributed hydraulic measurements."
441,110.25,pignn_v3_balanced,60764.09765625,62814.34930122592,3195.934190036773,0.394012987613678,57.65147399902344,565.5609599304199,297.11781799979246,222.83836349984435,2050.2516449759205,3.3741168289446954,simulator_assisted_hidden_state,"PI-GNN-GRU-v3 operational indicators are derived from reconstructed hidden states; hydraulic quantities are simulator-assisted proxies, not real distributed measurements. Pressure/head and flow are simulator-assisted hidden hydraulic states because public district-heating datasets do not provide dense distributed hydraulic measurements."
442,110.5,pignn_v3_balanced,60947.734375,62909.832706444395,3195.4150064334867,0.3927406966686249,57.62912368774414,565.34170337677,296.04359258669297,222.03269444001972,1962.0983314443947,3.2193129926240918,simulator_assisted_hidden_state,"PI-GNN-GRU-v3 operational indicators are derived from reconstructed hidden states; hydraulic quantities are simulator-assisted proxies, not real distributed measurements. Pressure/head and flow are simulator-assisted hidden hydraulic states because public district-heating datasets do not provide dense distributed hydraulic measurements."
443,110.75,pignn_v3_balanced,60957.96875,62973.17578207563,3195.032487825393,0.3925151824951172,58.2015380859375,570.9570886230468,298.8124344503414,224.10932583775605,2015.207032075632,3.3058959696317505,simulator_assisted_hidden_state,"PI-GNN-GRU-v3 operational indicators are derived from reconstructed hidden states; hydraulic quantities are simulator-assisted proxies, not real distributed measurements. Pressure/head and flow are simulator-assisted hidden hydraulic states because public district-heating datasets do not provide dense distributed hydraulic measurements."
444,111.0,pignn_v3_balanced,61817.25390625,64594.98092294855,3188.362708362579,0.41317176818847656,61.3218994140625,601.5678332519532,331.40112713336015,248.5508453500201,2777.7270166985472,4.493449386980464,simulator_assisted_hidden_state,"PI-GNN-GRU-v3 operational indicators are derived from reconstructed hidden states; hydraulic quantities are simulator-assisted proxies, not real distributed measurements. Pressure/head and flow are simulator-assisted hidden hydraulic states because public district-heating datasets do not provide dense distributed hydraulic measurements."
445,111.25,pignn_v3_balanced,61440.01953125,63967.61134344975,3190.8271009082796,0.40658867359161377,59.00469970703125,578.8361041259766,313.7976050713574,235.34820380351806,2527.591812199753,4.113917657389665,simulator_assisted_hidden_state,"PI-GNN-GRU-v3 operational indicators are derived from reconstructed hidden states; hydraulic quantities are simulator-assisted proxies, not real distributed measurements. Pressure/head and flow are simulator-assisted hidden hydraulic states because public district-heating datasets do not provide dense distributed hydraulic measurements."
446,111.5,pignn_v3_balanced,61688.640625,63770.61564282315,3192.38261153984,0.4037691354751587,59.09000778198242,579.6729763412476,312.0720753541569,234.05405651561767,2081.975017823148,3.3749730853680133,simulator_assisted_hidden_state,"PI-GNN-GRU-v3 operational indicators are derived from reconstructed hidden states; hydraulic quantities are simulator-assisted proxies, not real distributed measurements. Pressure/head and flow are simulator-assisted hidden hydraulic states because public district-heating datasets do not provide dense distributed hydraulic measurements."
447,111.75,pignn_v3_balanced,59261.23828125,63049.09231284385,3193.294350242614,0.398164302110672,58.65280532836914,575.3840202713013,305.4631691692739,229.09737687695542,3787.8540315938517,6.391790218113469,simulator_assisted_hidden_state,"PI-GNN-GRU-v3 operational indicators are derived from reconstructed hidden states; hydraulic quantities are simulator-assisted proxies, not real distributed measurements. Pressure/head and flow are simulator-assisted hidden hydraulic states because public district-heating datasets do not provide dense distributed hydraulic measurements."
448,112.0,pignn_v3_balanced,59858.015625,62554.363223676526,3194.6541492919914,0.39675506949424744,57.57176208496094,564.7789860534668,298.7719011473784,224.0789258605338,2696.347598676526,4.504572312534836,simulator_assisted_hidden_state,"PI-GNN-GRU-v3 operational indicators are derived from reconstructed hidden states; hydraulic quantities are simulator-assisted proxies, not real distributed measurements. Pressure/head and flow are simulator-assisted hidden hydraulic states because public district-heating datasets do not provide dense distributed hydraulic measurements."
449,112.25,pignn_v3_balanced,60311.77734375,62658.50558883414,3194.7420224933617,0.39583373069763184,57.467899322509766,563.7600923538208,297.5403474331392,223.15526057485437,2346.7282450841376,3.8909950070097294,simulator_assisted_hidden_state,"PI-GNN-GRU-v3 operational indicators are derived from reconstructed hidden states; hydraulic quantities are simulator-assisted proxies, not real distributed measurements. Pressure/head and flow are simulator-assisted hidden hydraulic states because public district-heating datasets do not provide dense distributed hydraulic measurements."
450,112.5,pignn_v3_balanced,60491.26953125,62697.45442122956,3195.444382844925,0.3954102396965027,58.17099380493164,570.6574492263794,300.85839837759664,225.6437987831975,2206.1848899795586,3.6471128926131,simulator_assisted_hidden_state,"PI-GNN-GRU-v3 operational indicators are derived from reconstructed hidden states; hydraulic quantities are simulator-assisted proxies, not real distributed measurements. Pressure/head and flow are simulator-assisted hidden hydraulic states because public district-heating datasets do not provide dense distributed hydraulic measurements."
451,112.75,pignn_v3_balanced,60594.21484375,62713.44985818176,3195.845047451019,0.3952186107635498,57.636016845703125,565.4093252563476,297.94705072075976,223.46028804056982,2119.2350144317606,3.497421362578064,simulator_assisted_hidden_state,"PI-GNN-GRU-v3 operational indicators are derived from reconstructed hidden states; hydraulic quantities are simulator-assisted proxies, not real distributed measurements. Pressure/head and flow are simulator-assisted hidden hydraulic states because public district-heating datasets do not provide dense distributed hydraulic measurements."
452,113.0,pignn_v3_balanced,60764.09765625,62743.71248244808,3195.725377653122,0.3942705988883972,57.59663391113281,565.0229786682129,297.0292642469631,222.77194818522236,1979.614826198078,3.257869206578206,simulator_assisted_hidden_state,"PI-GNN-GRU-v3 operational indicators are derived from reconstructed hidden states; hydraulic quantities are simulator-assisted proxies, not real distributed measurements. Pressure/head and flow are simulator-assisted hidden hydraulic states because public district-heating datasets do not provide dense distributed hydraulic measurements."
453,113.25,pignn_v3_balanced,60947.734375,62842.97407029509,3195.2142361793512,0.39293450117111206,57.57182693481445,564.7796222305298,295.8951988436831,221.9213991327623,1895.2396952950876,3.1096146800700293,simulator_assisted_hidden_state,"PI-GNN-GRU-v3 operational indicators are derived from reconstructed hidden states; hydraulic quantities are simulator-assisted proxies, not real distributed measurements. Pressure/head and flow are simulator-assisted hidden hydraulic states because public district-heating datasets do not provide dense distributed hydraulic measurements."
454,113.5,pignn_v3_balanced,60957.96875,62909.35485705523,3194.8425652828214,0.3926754295825958,58.144256591796875,570.3951571655274,298.6402178290743,223.9801633718057,1951.3861070552302,3.201199362561159,simulator_assisted_hidden_state,"PI-GNN-GRU-v3 operational indicators are derived from reconstructed hidden states; hydraulic quantities are simulator-assisted proxies, not real distributed measurements. Pressure/head and flow are simulator-assisted hidden hydraulic states because public district-heating datasets do not provide dense distributed hydraulic measurements."
455,113.75,pignn_v3_balanced,60921.21484375,62951.88657981895,3194.5008259849546,0.3917129337787628,57.006591796875,559.2346655273437,292.079268672668,219.059451504501,2030.6717360689508,3.3332751838209287,simulator_assisted_hidden_state,"PI-GNN-GRU-v3 operational indicators are derived from reconstructed hidden states; hydraulic quantities are simulator-assisted proxies, not real distributed measurements. Pressure/head and flow are simulator-assisted hidden hydraulic states because public district-heating datasets do not provide dense distributed hydraulic measurements."
456,114.0,pignn_v3_balanced,61440.01953125,63741.591831118625,3187.3702977218622,0.4097522497177124,59.15237045288086,580.2847541427612,317.0306446491814,237.77298348688606,2301.572299868625,3.7460474743143353,simulator_assisted_hidden_state,"PI-GNN-GRU-v3 operational indicators are derived from reconstructed hidden states; hydraulic quantities are simulator-assisted proxies, not real distributed measurements. Pressure/head and flow are simulator-assisted hidden hydraulic states because public district-heating datasets do not provide dense distributed hydraulic measurements."
457,114.25,pignn_v3_balanced,61688.640625,63576.43305403651,3190.1062064666744,0.4057045578956604,59.23765182495117,581.121364402771,314.3514483049989,235.76358622874915,1887.7924290365117,3.060194567282235,simulator_assisted_hidden_state,"PI-GNN-GRU-v3 operational indicators are derived from reconstructed hidden states; hydraulic quantities are simulator-assisted proxies, not real distributed measurements. Pressure/head and flow are simulator-assisted hidden hydraulic states because public district-heating datasets do not provide dense distributed hydraulic measurements."
458,114.5,pignn_v3_balanced,59261.23828125,62788.736510473675,3191.796942918777,0.39961421489715576,58.78534698486328,576.6842539215088,307.26830049919437,230.4512253743958,3527.4982292236746,5.952454473668601,simulator_assisted_hidden_state,"PI-GNN-GRU-v3 operational indicators are derived from reconstructed hidden states; hydraulic quantities are simulator-assisted proxies, not real distributed measurements. Pressure/head and flow are simulator-assisted hidden hydraulic states because public district-heating datasets do not provide dense distributed hydraulic measurements."
459,114.75,pignn_v3_balanced,59858.015625,62314.006252625084,3193.514980567931,0.3977658450603485,57.642513275146484,565.473055229187,299.9011568961263,224.9258676720947,2455.990627625084,4.103027141780703,simulator_assisted_hidden_state,"PI-GNN-GRU-v3 operational indicators are derived from reconstructed hidden states; hydraulic quantities are simulator-assisted proxies, not real distributed measurements. Pressure/head and flow are simulator-assisted hidden hydraulic states because public district-heating datasets do not provide dense distributed hydraulic measurements."
460,115.0,pignn_v3_balanced,60311.77734375,62439.266970092045,3193.767814447402,0.3964015245437622,57.48904037475586,563.9674860763549,298.07676169837345,223.55757127378007,2127.489626342045,3.5274862059135006,simulator_assisted_hidden_state,"PI-GNN-GRU-v3 operational indicators are derived from reconstructed hidden states; hydraulic quantities are simulator-assisted proxies, not real distributed measurements. Pressure/head and flow are simulator-assisted hidden hydraulic states because public district-heating datasets do not provide dense distributed hydraulic measurements."
461,115.25,pignn_v3_balanced,60491.26953125,62495.0782892821,3194.6003149967187,0.39573585987091064,58.166141510009766,570.6098482131958,301.0810385779451,225.81077893345883,2003.8087580321007,3.3125586114487584,simulator_assisted_hidden_state,"PI-GNN-GRU-v3 operational indicators are derived from reconstructed hidden states; hydraulic quantities are simulator-assisted proxies, not real distributed measurements. Pressure/head and flow are simulator-assisted hidden hydraulic states because public district-heating datasets do not provide dense distributed hydraulic measurements."
462,115.5,pignn_v3_balanced,60594.21484375,62525.45412722723,3195.0892193355553,0.3953738212585449,57.616188049316406,565.214804763794,297.96151625515154,223.47113719136365,1931.2392834772327,3.187167765862108,simulator_assisted_hidden_state,"PI-GNN-GRU-v3 operational indicators are derived from reconstructed hidden states; hydraulic quantities are simulator-assisted proxies, not real distributed measurements. Pressure/head and flow are simulator-assisted hidden hydraulic states because public district-heating datasets do not provide dense distributed hydraulic measurements."
463,115.75,pignn_v3_balanced,60764.09765625,62568.87582244579,3195.02734560585,0.39430880546569824,57.56900405883789,564.7519298171997,296.9155451075572,222.6866588306679,1804.7781661957924,2.9701390061046333,simulator_assisted_hidden_state,"PI-GNN-GRU-v3 operational indicators are derived from reconstructed hidden states; hydraulic quantities are simulator-assisted proxies, not real distributed measurements. Pressure/head and flow are simulator-assisted hidden hydraulic states because public district-heating datasets do not provide dense distributed hydraulic measurements."
464,116.0,pignn_v3_balanced,60947.734375,62680.1483452218,3194.549881896972,0.39288467168807983,57.541439056396484,564.4815171432496,295.7015140490864,221.77613553681482,1732.4139702218017,2.8424583587678303,simulator_assisted_hidden_state,"PI-GNN-GRU-v3 operational indicators are derived from reconstructed hidden states; hydraulic quantities are simulator-assisted proxies, not real distributed measurements. Pressure/head and flow are simulator-assisted hidden hydraulic states because public district-heating datasets do not provide dense distributed hydraulic measurements."
465,116.25,pignn_v3_balanced,60957.96875,62756.812142709205,3194.21543819046,0.39258578419685364,58.114479064941406,570.1030396270752,298.4191318466737,223.81434888500524,1798.8433927092046,2.95095691276492,simulator_assisted_hidden_state,"PI-GNN-GRU-v3 operational indicators are derived from reconstructed hidden states; hydraulic quantities are simulator-assisted proxies, not real distributed measurements. Pressure/head and flow are simulator-assisted hidden hydraulic states because public district-heating datasets do not provide dense distributed hydraulic measurements."
466,116.5,pignn_v3_balanced,60921.21484375,62808.595700155856,3193.9034957370754,0.3915926218032837,56.978004455566406,558.9542237091065,291.84313324035753,218.88234993026816,1887.3808564058563,3.098068318641688,simulator_assisted_hidden_state,"PI-GNN-GRU-v3 operational indicators are derived from reconstructed hidden states; hydraulic quantities are simulator-assisted proxies, not real distributed measurements. Pressure/head and flow are simulator-assisted hidden hydraulic states because public district-heating datasets do not provide dense distributed hydraulic measurements."
467,116.75,pignn_v3_balanced,61023.0234375,62854.32021323835,3192.982725809097,0.3909202814102173,57.49604415893555,564.0361931991578,293.99091649461656,220.4931873709624,1831.2967757383522,3.0009931867993607,simulator_assisted_hidden_state,"PI-GNN-GRU-v3 operational indicators are derived from reconstructed hidden states; hydraulic quantities are simulator-assisted proxies, not real distributed measurements. Pressure/head and flow are simulator-assisted hidden hydraulic states because public district-heating datasets do not provide dense distributed hydraulic measurements."
468,117.0,pignn_v3_balanced,61688.640625,63940.32902295296,3188.7728273220055,0.41061562299728394,59.618648529052734,584.8589420700073,320.2029584848113,240.15221886360848,2251.6883979529593,3.650085939874703,simulator_assisted_hidden_state,"PI-GNN-GRU-v3 operational indicators are derived from reconstructed hidden states; hydraulic quantities are simulator-assisted proxies, not real distributed measurements. Pressure/head and flow are simulator-assisted hidden hydraulic states because public district-heating datasets do not provide dense distributed hydraulic measurements."
469,117.25,pignn_v3_balanced,59261.23828125,62787.23289107643,3191.3293593864432,0.4026971757411957,59.1095085144043,579.8642785263062,311.3462763676661,233.50970727574958,3525.9946098264336,5.949917200670515,simulator_assisted_hidden_state,"PI-GNN-GRU-v3 operational indicators are derived from reconstructed hidden states; hydraulic quantities are simulator-assisted proxies, not real distributed measurements. Pressure/head and flow are simulator-assisted hidden hydraulic states because public district-heating datasets do not provide dense distributed hydraulic measurements."
470,117.5,pignn_v3_balanced,59858.015625,62275.1183648624,3193.3472735996233,0.3999439775943756,57.8438606262207,567.4482727432251,302.59669237331144,226.94751927998357,2417.102739862399,4.038060257468482,simulator_assisted_hidden_state,"PI-GNN-GRU-v3 operational indicators are derived from reconstructed hidden states; hydraulic quantities are simulator-assisted proxies, not real distributed measurements. Pressure/head and flow are simulator-assisted hidden hydraulic states because public district-heating datasets do not provide dense distributed hydraulic measurements."
471,117.75,pignn_v3_balanced,60311.77734375,62395.01264907837,3193.732223173141,0.3978361487388611,57.601654052734375,565.0722262573242,299.74154433801095,224.80615825350822,2083.235305328373,3.454110286710453,simulator_assisted_hidden_state,"PI-GNN-GRU-v3 operational indicators are derived from reconstructed hidden states; hydraulic quantities are simulator-assisted proxies, not real distributed measurements. Pressure/head and flow are simulator-assisted hidden hydraulic states because public district-heating datasets do not provide dense distributed hydraulic measurements."
472,118.0,pignn_v3_balanced,60491.26953125,62449.41634881106,3194.664134576797,0.39676347374916077,58.227481842041016,571.2115968704223,302.18119656015205,226.63589742011402,1958.146817561057,3.2370734367700313,simulator_assisted_hidden_state,"PI-GNN-GRU-v3 operational indicators are derived from reconstructed hidden states; hydraulic quantities are simulator-assisted proxies, not real distributed measurements. Pressure/head and flow are simulator-assisted hidden hydraulic states because public district-heating datasets do not provide dense distributed hydraulic measurements."
473,118.25,pignn_v3_balanced,60594.21484375,62479.77244635278,3195.208654661178,0.3961189389228821,57.643760681152344,565.4852922821045,298.66591194037744,223.99943395528308,1885.5576026027775,3.111778257156943,simulator_assisted_hidden_state,"PI-GNN-GRU-v3 operational indicators are derived from reconstructed hidden states; hydraulic quantities are simulator-assisted proxies, not real distributed measurements. Pressure/head and flow are simulator-assisted hidden hydraulic states because public district-heating datasets do not provide dense distributed hydraulic measurements."
474,118.5,pignn_v3_balanced,60764.09765625,62525.11376783383,3195.1704114246363,0.39485928416252136,57.576114654541016,564.8216847610473,297.3667814989553,223.02508612421644,1761.0161115838273,2.898119415096251,simulator_assisted_hidden_state,"PI-GNN-GRU-v3 operational indicators are derived from reconstructed hidden states; hydraulic quantities are simulator-assisted proxies, not real distributed measurements. Pressure/head and flow are simulator-assisted hidden hydraulic states because public district-heating datasets do not provide dense distributed hydraulic measurements."
475,118.75,pignn_v3_balanced,60947.734375,62639.42075441444,3194.702792856215,0.3932941257953644,57.53721237182617,564.4400533676147,295.98794313747317,221.99095735310487,1691.6863794144374,2.775634560926921,simulator_assisted_hidden_state,"PI-GNN-GRU-v3 operational indicators are derived from reconstructed hidden states; hydraulic quantities are simulator-assisted proxies, not real distributed measurements. Pressure/head and flow are simulator-assisted hidden hydraulic states because public district-heating datasets do not provide dense distributed hydraulic measurements."
476,119.0,pignn_v3_balanced,60957.96875,62718.12087387843,3194.3740869827266,0.3929155766963959,58.10477828979492,570.0078750228881,298.619963914807,223.96497293610526,1760.1521238784335,2.8874848686266854,simulator_assisted_hidden_state,"PI-GNN-GRU-v3 operational indicators are derived from reconstructed hidden states; hydraulic quantities are simulator-assisted proxies, not real distributed measurements. Pressure/head and flow are simulator-assisted hidden hydraulic states because public district-heating datasets do not provide dense distributed hydraulic measurements."
477,119.25,pignn_v3_balanced,60921.21484375,62772.00791722249,3194.0640769042966,0.3918605446815491,56.965003967285156,558.8266889190674,291.97617426988313,218.98213070241235,1850.7930734724869,3.0380107787071857,simulator_assisted_hidden_state,"PI-GNN-GRU-v3 operational indicators are derived from reconstructed hidden states; hydraulic quantities are simulator-assisted proxies, not real distributed measurements. Pressure/head and flow are simulator-assisted hidden hydraulic states because public district-heating datasets do not provide dense distributed hydraulic measurements."
478,119.5,pignn_v3_balanced,61023.0234375,62820.47419503691,3193.1437597503655,0.3911389410495758,57.48192596435547,563.8976937103272,294.0831290375405,220.5623467781554,1797.4507575369134,2.9455288451544344,simulator_assisted_hidden_state,"PI-GNN-GRU-v3 operational indicators are derived from reconstructed hidden states; hydraulic quantities are simulator-assisted proxies, not real distributed measurements. Pressure/head and flow are simulator-assisted hidden hydraulic states because public district-heating datasets do not provide dense distributed hydraulic measurements."
479,119.75,pignn_v3_balanced,61615.0078125,63085.54933827602,3192.497893741607,0.39131277799606323,57.93003845214844,568.2936772155762,296.5074367317669,222.3805775488252,1470.5415257760178,2.386661266441786,simulator_assisted_hidden_state,"PI-GNN-GRU-v3 operational indicators are derived from reconstructed hidden states; hydraulic quantities are simulator-assisted proxies, not real distributed measurements. Pressure/head and flow are simulator-assisted hidden hydraulic states because public district-heating datasets do not provide dense distributed hydraulic measurements."
480,120.0,pignn_v3_balanced,59261.23828125,62305.649824041575,3189.1101924991603,0.40966546535491943,59.89866256713867,587.6058797836304,320.9624482491304,240.72183618684778,3044.411542791575,5.13727291411461,simulator_assisted_hidden_state,"PI-GNN-GRU-v3 operational indicators are derived from reconstructed hidden states; hydraulic quantities are simulator-assisted proxies, not real distributed measurements. Pressure/head and flow are simulator-assisted hidden hydraulic states because public district-heating datasets do not provide dense distributed hydraulic measurements."
481,120.25,pignn_v3_balanced,59858.015625,61853.401288378824,3191.2395268592836,0.40340524911880493,58.303531646728516,571.9576454544067,307.64095526658673,230.73071644994005,1995.3856633788237,3.3335312615098465,simulator_assisted_hidden_state,"PI-GNN-GRU-v3 operational indicators are derived from reconstructed hidden states; hydraulic quantities are simulator-assisted proxies, not real distributed measurements. Pressure/head and flow are simulator-assisted hidden hydraulic states because public district-heating datasets do not provide dense distributed hydraulic measurements."
482,120.5,pignn_v3_balanced,60311.77734375,62030.647031484405,3191.9446981830597,0.3995804786682129,57.93012237548828,568.29450050354,302.7725180476233,227.07938853571747,1718.8696877344046,2.849973526625854,simulator_assisted_hidden_state,"PI-GNN-GRU-v3 operational indicators are derived from reconstructed hidden states; hydraulic quantities are simulator-assisted proxies, not real distributed measurements. Pressure/head and flow are simulator-assisted hidden hydraulic states because public district-heating datasets do not provide dense distributed hydraulic measurements."
483,120.75,pignn_v3_balanced,60491.26953125,62137.749834830895,3193.247595932006,0.39777615666389465,58.48731231689453,573.7605338287353,304.3043466557585,228.22825999181885,1646.4803035808945,2.7218478242224973,simulator_assisted_hidden_state,"PI-GNN-GRU-v3 operational indicators are derived from reconstructed hidden states; hydraulic quantities are simulator-assisted proxies, not real distributed measurements. Pressure/head and flow are simulator-assisted hidden hydraulic states because public district-heating datasets do not provide dense distributed hydraulic measurements."
484,121.0,pignn_v3_balanced,60594.21484375,62208.579131456645,3194.046332473754,0.3966447710990906,57.85795974731445,567.5865851211548,300.1736681790599,225.13025113429495,1614.364287706645,2.664221810398058,simulator_assisted_hidden_state,"PI-GNN-GRU-v3 operational indicators are derived from reconstructed hidden states; hydraulic quantities are simulator-assisted proxies, not real distributed measurements. Pressure/head and flow are simulator-assisted hidden hydraulic states because public district-heating datasets do not provide dense distributed hydraulic measurements."
485,121.25,pignn_v3_balanced,60764.09765625,62285.21703317603,3194.172597141265,0.3950605094432831,57.76298522949219,566.6548851013183,298.4839567822025,223.86296758665185,1521.119376926028,2.5033192881941373,simulator_assisted_hidden_state,"PI-GNN-GRU-v3 operational indicators are derived from reconstructed hidden states; hydraulic quantities are simulator-assisted proxies, not real distributed measurements. Pressure/head and flow are simulator-assisted hidden hydraulic states because public district-heating datasets do not provide dense distributed hydraulic measurements."
486,121.5,pignn_v3_balanced,60947.734375,62424.61530122103,3193.8109950771327,0.393263041973114,57.711238861083984,566.1472532272339,296.85972134515316,222.64479100886487,1476.880926221027,2.423192496597257,simulator_assisted_hidden_state,"PI-GNN-GRU-v3 operational indicators are derived from reconstructed hidden states; hydraulic quantities are simulator-assisted proxies, not real distributed measurements. Pressure/head and flow are simulator-assisted hidden hydraulic states because public district-heating datasets do not provide dense distributed hydraulic measurements."
487,121.75,pignn_v3_balanced,60957.96875,62523.602452436084,3193.5719249897,0.3927653133869171,58.27363204956055,571.6643304061889,299.37322651214527,224.52991988410895,1565.6337024360837,2.5683823371100827,simulator_assisted_hidden_state,"PI-GNN-GRU-v3 operational indicators are derived from reconstructed hidden states; hydraulic quantities are simulator-assisted proxies, not real distributed measurements. Pressure/head and flow are simulator-assisted hidden hydraulic states because public district-heating datasets do not provide dense distributed hydraulic measurements."
488,122.0,pignn_v3_balanced,60921.21484375,62594.72466627677,3193.330580251693,0.3916269540786743,57.132225036621094,560.4671276092529,292.6587120624472,219.4940340468354,1673.509822526772,2.7470066491926826,simulator_assisted_hidden_state,"PI-GNN-GRU-v3 operational indicators are derived from reconstructed hidden states; hydraulic quantities are simulator-assisted proxies, not real distributed measurements. Pressure/head and flow are simulator-assisted hidden hydraulic states because public district-heating datasets do not provide dense distributed hydraulic measurements."
489,122.25,pignn_v3_balanced,61023.0234375,62657.801723620534,3192.4628172283165,0.39084336161613464,57.65027618408203,565.5492093658447,294.7215388638585,221.04115414789385,1634.7782861205342,2.678953277028104,simulator_assisted_hidden_state,"PI-GNN-GRU-v3 operational indicators are derived from reconstructed hidden states; hydraulic quantities are simulator-assisted proxies, not real distributed measurements. Pressure/head and flow are simulator-assisted hidden hydraulic states because public district-heating datasets do not provide dense distributed hydraulic measurements."
490,122.5,pignn_v3_balanced,61615.0078125,62935.62511625737,3191.8649183177945,0.390979528427124,58.10072326660156,569.9680952453614,297.1278094633833,222.84585709753748,1320.617303757368,2.1433370710203024,simulator_assisted_hidden_state,"PI-GNN-GRU-v3 operational indicators are derived from reconstructed hidden states; hydraulic quantities are simulator-assisted proxies, not real distributed measurements. Pressure/head and flow are simulator-assisted hidden hydraulic states because public district-heating datasets do not provide dense distributed hydraulic measurements."
491,122.75,pignn_v3_balanced,61775.26171875,63039.371996604415,3191.795086006164,0.39111533761024475,58.41591262817383,573.0601028823853,298.8434608130743,224.13259560980572,1264.1102778544155,2.0463050138251915,simulator_assisted_hidden_state,"PI-GNN-GRU-v3 operational indicators are derived from reconstructed hidden states; hydraulic quantities are simulator-assisted proxies, not real distributed measurements. Pressure/head and flow are simulator-assisted hidden hydraulic states because public district-heating datasets do not provide dense distributed hydraulic measurements."
492,123.0,pignn_v3_balanced,59858.015625,62235.48539391131,3189.160833120345,0.407135933637619,58.41365051269531,573.037911529541,311.07243349377467,233.304325120331,2377.469768911309,3.971848622255942,simulator_assisted_hidden_state,"PI-GNN-GRU-v3 operational indicators are derived from reconstructed hidden states; hydraulic quantities are simulator-assisted proxies, not real distributed measurements. Pressure/head and flow are simulator-assisted hidden hydraulic states because public district-heating datasets do not provide dense distributed hydraulic measurements."
493,123.25,pignn_v3_balanced,60311.77734375,62225.06147867716,3191.0416457347865,0.40192627906799316,57.87916946411133,567.7946524429321,304.2821225747895,228.21159193109213,1913.284134927162,3.172322586386906,simulator_assisted_hidden_state,"PI-GNN-GRU-v3 operational indicators are derived from reconstructed hidden states; hydraulic quantities are simulator-assisted proxies, not real distributed measurements. Pressure/head and flow are simulator-assisted hidden hydraulic states because public district-heating datasets do not provide dense distributed hydraulic measurements."
494,123.5,pignn_v3_balanced,60491.26953125,62266.18102016908,3192.9358690853114,0.39933690428733826,58.38945388793945,572.800542640686,304.98719396298543,228.74039547223907,1774.9114889190823,2.934161413164187,simulator_assisted_hidden_state,"PI-GNN-GRU-v3 operational indicators are derived from reconstructed hidden states; hydraulic quantities are simulator-assisted proxies, not real distributed measurements. Pressure/head and flow are simulator-assisted hidden hydraulic states because public district-heating datasets do not provide dense distributed hydraulic measurements."
495,123.75,pignn_v3_balanced,60594.21484375,62309.34619978201,3194.001006557464,0.39779412746429443,57.7204475402832,566.2375903701782,300.32798426505286,225.24598819878963,1715.1313560320123,2.8305199769560505,simulator_assisted_hidden_state,"PI-GNN-GRU-v3 operational indicators are derived from reconstructed hidden states; hydraulic quantities are simulator-assisted proxies, not real distributed measurements. Pressure/head and flow are simulator-assisted hidden hydraulic states because public district-heating datasets do not provide dense distributed hydraulic measurements."
496,124.0,pignn_v3_balanced,60764.09765625,62372.92770874776,3194.2338833427425,0.3959796726703644,57.59442901611328,565.0013486480713,298.3053987946369,223.7290490959777,1608.8300524977603,2.6476655040598325,simulator_assisted_hidden_state,"PI-GNN-GRU-v3 operational indicators are derived from reconstructed hidden states; hydraulic quantities are simulator-assisted proxies, not real distributed measurements. Pressure/head and flow are simulator-assisted hidden hydraulic states because public district-heating datasets do not provide dense distributed hydraulic measurements."
497,124.25,pignn_v3_balanced,60947.734375,62506.00574856177,3193.91899246788,0.394067645072937,57.51991653442383,564.2703812026978,296.4809337399408,222.36070030495557,1558.2713735617726,2.5567338795139136,simulator_assisted_hidden_state,"PI-GNN-GRU-v3 operational indicators are derived from reconstructed hidden states; hydraulic quantities are simulator-assisted proxies, not real distributed measurements. Pressure/head and flow are simulator-assisted hidden hydraulic states because public district-heating datasets do not provide dense distributed hydraulic measurements."
498,124.5,pignn_v3_balanced,60957.96875,62595.65826326749,3193.689123395919,0.39349913597106934,58.06753921508789,569.6425597000122,298.8718067390708,224.1538550543031,1637.6895132674908,2.686588065268318,simulator_assisted_hidden_state,"PI-GNN-GRU-v3 operational indicators are derived from reconstructed hidden states; hydraulic quantities are simulator-assisted proxies, not real distributed measurements. Pressure/head and flow are simulator-assisted hidden hydraulic states because public district-heating datasets do not provide dense distributed hydraulic measurements."
499,124.75,pignn_v3_balanced,60921.21484375,62658.74287128606,3193.4415988311766,0.39231669902801514,56.9152717590332,558.3388159561157,292.06085495348503,219.0456412151138,1737.5280275360565,2.8520902480235293,simulator_assisted_hidden_state,"PI-GNN-GRU-v3 operational indicators are derived from reconstructed hidden states; hydraulic quantities are simulator-assisted proxies, not real distributed measurements. Pressure/head and flow are simulator-assisted hidden hydraulic states because public district-heating datasets do not provide dense distributed hydraulic measurements."
500,125.0,pignn_v3_balanced,61023.0234375,62717.16321399848,3192.56156778717,0.39151114225387573,57.42666244506836,563.3555585861207,294.0799709828297,220.55997823712227,1694.1397764984795,2.776230480014848,simulator_assisted_hidden_state,"PI-GNN-GRU-v3 operational indicators are derived from reconstructed hidden states; hydraulic quantities are simulator-assisted proxies, not real distributed measurements. Pressure/head and flow are simulator-assisted hidden hydraulic states because public district-heating datasets do not provide dense distributed hydraulic measurements."
501,125.25,pignn_v3_balanced,61615.0078125,62992.0316190684,3191.9525893878936,0.39164039492607117,57.87351989746094,567.7392301940918,296.466155104317,222.34961632823774,1377.0238065684025,2.2348837652651277,simulator_assisted_hidden_state,"PI-GNN-GRU-v3 operational indicators are derived from reconstructed hidden states; hydraulic quantities are simulator-assisted proxies, not real distributed measurements. Pressure/head and flow are simulator-assisted hidden hydraulic states because public district-heating datasets do not provide dense distributed hydraulic measurements."
502,125.5,pignn_v3_balanced,61775.26171875,63088.43030671241,3191.8696023731227,0.391765832901001,58.18869400024414,570.8310881423951,298.17615558918675,223.63211669189008,1313.1685879624129,2.125719181799663,simulator_assisted_hidden_state,"PI-GNN-GRU-v3 operational indicators are derived from reconstructed hidden states; hydraulic quantities are simulator-assisted proxies, not real distributed measurements. Pressure/head and flow are simulator-assisted hidden hydraulic states because public district-heating datasets do not provide dense distributed hydraulic measurements."
503,125.75,pignn_v3_balanced,63399.2421875,63657.55081951221,3190.7741047840113,0.3935917317867279,58.78523635864258,576.6831686782837,302.6369694031245,226.97772705234337,258.3086320122093,0.40743173435460756,simulator_assisted_hidden_state,"PI-GNN-GRU-v3 operational indicators are derived from reconstructed hidden states; hydraulic quantities are simulator-assisted proxies, not real distributed measurements. Pressure/head and flow are simulator-assisted hidden hydraulic states because public district-heating datasets do not provide dense distributed hydraulic measurements."
504,126.0,pignn_v3_balanced,60311.77734375,62547.493061834786,3189.213904706955,0.40701672434806824,58.061256408691406,569.5809253692627,309.1052833265851,231.82896249493882,2235.715718084786,3.7069305806430015,simulator_assisted_hidden_state,"PI-GNN-GRU-v3 operational indicators are derived from reconstructed hidden states; hydraulic quantities are simulator-assisted proxies, not real distributed measurements. Pressure/head and flow are simulator-assisted hidden hydraulic states because public district-heating datasets do not provide dense distributed hydraulic measurements."
505,126.25,pignn_v3_balanced,60491.26953125,62382.06346714745,3192.3413282489773,0.40243005752563477,58.44882583618164,573.3829814529419,307.6620616137698,230.74654621032738,1890.7939358974472,3.1257302922377197,simulator_assisted_hidden_state,"PI-GNN-GRU-v3 operational indicators are derived from reconstructed hidden states; hydraulic quantities are simulator-assisted proxies, not real distributed measurements. Pressure/head and flow are simulator-assisted hidden hydraulic states because public district-heating datasets do not provide dense distributed hydraulic measurements."
506,126.5,pignn_v3_balanced,60594.21484375,62364.92986568559,3193.9602649784083,0.3998633027076721,57.71034240722656,566.1384590148925,301.8373253487027,226.377994011527,1770.71502193559,2.92225095498243,simulator_assisted_hidden_state,"PI-GNN-GRU-v3 operational indicators are derived from reconstructed hidden states; hydraulic quantities are simulator-assisted proxies, not real distributed measurements. Pressure/head and flow are simulator-assisted hidden hydraulic states because public district-heating datasets do not provide dense distributed hydraulic measurements."
507,126.75,pignn_v3_balanced,60764.09765625,62408.215780405764,3194.4257706012727,0.3974856436252594,57.53258514404297,564.3946602630615,299.11836639109686,224.33877479332264,1644.1181241557642,2.7057393881774456,simulator_assisted_hidden_state,"PI-GNN-GRU-v3 operational indicators are derived from reconstructed hidden states; hydraulic quantities are simulator-assisted proxies, not real distributed measurements. Pressure/head and flow are simulator-assisted hidden hydraulic states because public district-heating datasets do not provide dense distributed hydraulic measurements."
508,127.0,pignn_v3_balanced,60947.734375,62533.862234712265,3194.2210628299713,0.39526206254959106,57.42026138305664,563.2927641677857,296.86434637895917,222.64825978421936,1586.1278597122655,2.60243941137027,simulator_assisted_hidden_state,"PI-GNN-GRU-v3 operational indicators are derived from reconstructed hidden states; hydraulic quantities are simulator-assisted proxies, not real distributed measurements. Pressure/head and flow are simulator-assisted hidden hydraulic states because public district-heating datasets do not provide dense distributed hydraulic measurements."
509,127.25,pignn_v3_balanced,60957.96875,62612.865070910266,3194.0330888328544,0.39450860023498535,57.94227981567383,568.4137649917602,298.9921583749297,224.2441187811973,1654.8963209102658,2.7148153963221846,simulator_assisted_hidden_state,"PI-GNN-GRU-v3 operational indicators are derived from reconstructed hidden states; hydraulic quantities are simulator-assisted proxies, not real distributed measurements. Pressure/head and flow are simulator-assisted hidden hydraulic states because public district-heating datasets do not provide dense distributed hydraulic measurements."
510,127.5,pignn_v3_balanced,60921.21484375,62667.42700175806,3193.7958594875327,0.3932051658630371,56.77195739746094,556.9329020690918,291.98519217687976,218.98889413265982,1746.2121580080566,2.8663449382726864,simulator_assisted_hidden_state,"PI-GNN-GRU-v3 operational indicators are derived from reconstructed hidden states; hydraulic quantities are simulator-assisted proxies, not real distributed measurements. Pressure/head and flow are simulator-assisted hidden hydraulic states because public district-heating datasets do not provide dense distributed hydraulic measurements."
511,127.75,pignn_v3_balanced,61023.0234375,62721.241121981555,3192.9141547966,0.39232343435287476,57.272762298583984,561.8457981491089,293.90036414212057,220.42527310659042,1698.217684481555,2.782913052842876,simulator_assisted_hidden_state,"PI-GNN-GRU-v3 operational indicators are derived from reconstructed hidden states; hydraulic quantities are simulator-assisted proxies, not real distributed measurements. Pressure/head and flow are simulator-assisted hidden hydraulic states because public district-heating datasets do not provide dense distributed hydraulic measurements."
512,128.0,pignn_v3_balanced,61615.0078125,62993.58034634741,3192.3007861061087,0.39240750670433044,57.7138786315918,566.1731493759155,296.2274585460553,222.17059390954148,1378.5725338474076,2.237397320540034,simulator_assisted_hidden_state,"PI-GNN-GRU-v3 operational indicators are derived from reconstructed hidden states; hydraulic quantities are simulator-assisted proxies, not real distributed measurements. Pressure/head and flow are simulator-assisted hidden hydraulic states because public district-heating datasets do not provide dense distributed hydraulic measurements."
513,128.25,pignn_v3_balanced,61775.26171875,63083.486405215335,3192.2021325702667,0.39249858260154724,58.026729583740234,569.2422172164917,297.9023512192468,223.42676341443507,1308.2246864653353,2.1177161376044213,simulator_assisted_hidden_state,"PI-GNN-GRU-v3 operational indicators are derived from reconstructed hidden states; hydraulic quantities are simulator-assisted proxies, not real distributed measurements. Pressure/head and flow are simulator-assisted hidden hydraulic states because public district-heating datasets do not provide dense distributed hydraulic measurements."
514,128.5,pignn_v3_balanced,63399.2421875,63656.10266422307,3191.0978705692287,0.3942943811416626,58.62306213378906,575.0922395324707,302.34085158110446,226.75563868582833,256.86047672307177,0.4051475504445623,simulator_assisted_hidden_state,"PI-GNN-GRU-v3 operational indicators are derived from reconstructed hidden states; hydraulic quantities are simulator-assisted proxies, not real distributed measurements. Pressure/head and flow are simulator-assisted hidden hydraulic states because public district-heating datasets do not provide dense distributed hydraulic measurements."
515,128.75,pignn_v3_balanced,65137.203125,65031.11822543764,3186.182892391205,0.39971721172332764,59.63596725463867,585.0288387680054,311.79479494677776,233.84609621008332,-106.08489956236008,-0.1628637621403246,simulator_assisted_hidden_state,"PI-GNN-GRU-v3 operational indicators are derived from reconstructed hidden states; hydraulic quantities are simulator-assisted proxies, not real distributed measurements. Pressure/head and flow are simulator-assisted hidden hydraulic states because public district-heating datasets do not provide dense distributed hydraulic measurements."
516,129.0,pignn_v3_balanced,60491.26953125,62609.20438912584,3190.5678581199645,0.4077816605567932,58.86486053466797,577.4642818450927,313.97245835070396,235.47934376302797,2117.9348578758436,3.501224018420891,simulator_assisted_hidden_state,"PI-GNN-GRU-v3 operational indicators are derived from reconstructed hidden states; hydraulic quantities are simulator-assisted proxies, not real distributed measurements. Pressure/head and flow are simulator-assisted hidden hydraulic states because public district-heating datasets do not provide dense distributed hydraulic measurements."
517,129.25,pignn_v3_balanced,60594.21484375,62437.358015068516,3193.2308891086573,0.4031561017036438,57.93877029418945,568.3793365859985,305.52746350255256,229.14559762691442,1843.1431713185157,3.0417807641724512,simulator_assisted_hidden_state,"PI-GNN-GRU-v3 operational indicators are derived from reconstructed hidden states; hydraulic quantities are simulator-assisted proxies, not real distributed measurements. Pressure/head and flow are simulator-assisted hidden hydraulic states because public district-heating datasets do not provide dense distributed hydraulic measurements."
518,129.5,pignn_v3_balanced,60764.09765625,62444.21525712546,3194.1957964210515,0.3996551036834717,57.66875457763672,565.7304824066163,301.46276613748887,226.09707460311665,1680.1176008754628,2.764984037745603,simulator_assisted_hidden_state,"PI-GNN-GRU-v3 operational indicators are derived from reconstructed hidden states; hydraulic quantities are simulator-assisted proxies, not real distributed measurements. Pressure/head and flow are simulator-assisted hidden hydraulic states because public district-heating datasets do not provide dense distributed hydraulic measurements."
519,129.75,pignn_v3_balanced,60947.734375,62562.76728475431,3194.2533445415497,0.39680013060569763,57.4930419921875,564.0067419433594,298.3972651541587,223.797948865619,1615.0329097543072,2.6498653745146816,simulator_assisted_hidden_state,"PI-GNN-GRU-v3 operational indicators are derived from reconstructed hidden states; hydraulic quantities are simulator-assisted proxies, not real distributed measurements. Pressure/head and flow are simulator-assisted hidden hydraulic states because public district-heating datasets do not provide dense distributed hydraulic measurements."
520,130.0,pignn_v3_balanced,60957.96875,62631.60739467546,3194.2028009433743,0.39569398760795593,57.97096633911133,568.6951797866822,300.0390178976209,225.0292634232157,1673.6386446754623,2.745561702587838,simulator_assisted_hidden_state,"PI-GNN-GRU-v3 operational indicators are derived from reconstructed hidden states; hydraulic quantities are simulator-assisted proxies, not real distributed measurements. Pressure/head and flow are simulator-assisted hidden hydraulic states because public district-heating datasets do not provide dense distributed hydraulic measurements."
521,130.25,pignn_v3_balanced,60921.21484375,62678.58936760011,3194.0339943809504,0.3941578269004822,56.769351959228516,556.9073427200317,292.6791839885997,219.50938799144976,1757.374523850107,2.8846675634381223,simulator_assisted_hidden_state,"PI-GNN-GRU-v3 operational indicators are derived from reconstructed hidden states; hydraulic quantities are simulator-assisted proxies, not real distributed measurements. Pressure/head and flow are simulator-assisted hidden hydraulic states because public district-heating datasets do not provide dense distributed hydraulic measurements."
522,130.5,pignn_v3_balanced,61023.0234375,62728.87947070466,3193.1892824077604,0.3931228816509247,57.251708984375,561.6392651367188,294.39099514513947,220.79324635885462,1705.8560332046618,2.7954302116017007,simulator_assisted_hidden_state,"PI-GNN-GRU-v3 operational indicators are derived from reconstructed hidden states; hydraulic quantities are simulator-assisted proxies, not real distributed measurements. Pressure/head and flow are simulator-assisted hidden hydraulic states because public district-heating datasets do not provide dense distributed hydraulic measurements."
523,130.75,pignn_v3_balanced,61615.0078125,62999.771195111585,3192.6013768672938,0.39311131834983826,57.682132720947266,565.8617219924927,296.59553004823795,222.44664753617846,1384.7633826115853,2.2474449517649084,simulator_assisted_hidden_state,"PI-GNN-GRU-v3 operational indicators are derived from reconstructed hidden states; hydraulic quantities are simulator-assisted proxies, not real distributed measurements. Pressure/head and flow are simulator-assisted hidden hydraulic states because public district-heating datasets do not provide dense distributed hydraulic measurements."
524,131.0,pignn_v3_balanced,61775.26171875,63084.99299924134,3192.50823477745,0.3931422233581543,57.98830032348633,568.8652261734009,298.19325307860015,223.6449398089501,1309.731280491338,2.1201549682691336,simulator_assisted_hidden_state,"PI-GNN-GRU-v3 operational indicators are derived from reconstructed hidden states; hydraulic quantities are simulator-assisted proxies, not real distributed measurements. Pressure/head and flow are simulator-assisted hidden hydraulic states because public district-heating datasets do not provide dense distributed hydraulic measurements."
525,131.25,pignn_v3_balanced,63399.2421875,63660.996831594384,3191.4173080501555,0.39488086104393005,58.582069396972656,574.6901007843018,302.57882910817074,226.93412183112804,261.7546440943843,0.4128671496108082,simulator_assisted_hidden_state,"PI-GNN-GRU-v3 operational indicators are derived from reconstructed hidden states; hydraulic quantities are simulator-assisted proxies, not real distributed measurements. Pressure/head and flow are simulator-assisted hidden hydraulic states because public district-heating datasets do not provide dense distributed hydraulic measurements."
526,131.5,pignn_v3_balanced,65137.203125,65045.85309139036,3186.5267931461326,0.40027475357055664,59.59651184082031,584.6417811584473,312.0231265069984,234.0173448802488,-91.35003360964038,-0.1402424869768161,simulator_assisted_hidden_state,"PI-GNN-GRU-v3 operational indicators are derived from reconstructed hidden states; hydraulic quantities are simulator-assisted proxies, not real distributed measurements. Pressure/head and flow are simulator-assisted hidden hydraulic states because public district-heating datasets do not provide dense distributed hydraulic measurements."
527,131.75,pignn_v3_balanced,63020.65625,64778.004563521645,3187.0644569377896,0.3976915180683136,59.509429931640625,583.7875076293946,309.5564535179348,232.1673401384511,1757.3483135216447,2.788527473516502,simulator_assisted_hidden_state,"PI-GNN-GRU-v3 operational indicators are derived from reconstructed hidden states; hydraulic quantities are simulator-assisted proxies, not real distributed measurements. Pressure/head and flow are simulator-assisted hidden hydraulic states because public district-heating datasets do not provide dense distributed hydraulic measurements."
528,132.0,pignn_v3_balanced,60594.21484375,62685.16973252111,3191.2060323600763,0.40820980072021484,58.19015884399414,570.8454582595825,310.6996143442452,233.02471075818391,2090.9548887711135,3.4507500330896446,simulator_assisted_hidden_state,"PI-GNN-GRU-v3 operational indicators are derived from reconstructed hidden states; hydraulic quantities are simulator-assisted proxies, not real distributed measurements. Pressure/head and flow are simulator-assisted hidden hydraulic states because public district-heating datasets do not provide dense distributed hydraulic measurements."
529,132.25,pignn_v3_balanced,60764.09765625,62542.642077605815,3193.1904736347196,0.4026508927345276,57.78667068481445,566.8872394180298,304.34353737530876,228.25765303148157,1778.5444213558148,2.926965905784136,simulator_assisted_hidden_state,"PI-GNN-GRU-v3 operational indicators are derived from reconstructed hidden states; hydraulic quantities are simulator-assisted proxies, not real distributed measurements. Pressure/head and flow are simulator-assisted hidden hydraulic states because public district-heating datasets do not provide dense distributed hydraulic measurements."
530,132.5,pignn_v3_balanced,60947.734375,62629.11155754625,3193.813442213058,0.3987720310688019,57.54383850097656,564.50505569458,300.14510347724644,225.1088276079348,1681.3771825462536,2.758719745349441,simulator_assisted_hidden_state,"PI-GNN-GRU-v3 operational indicators are derived from reconstructed hidden states; hydraulic quantities are simulator-assisted proxies, not real distributed measurements. Pressure/head and flow are simulator-assisted hidden hydraulic states because public district-heating datasets do not provide dense distributed hydraulic measurements."
531,132.75,pignn_v3_balanced,60957.96875,62674.49616649555,3194.066594112396,0.3971293866634369,57.970420837402344,568.689828414917,301.12459034686816,225.8434427601511,1716.527416495548,2.815919643804647,simulator_assisted_hidden_state,"PI-GNN-GRU-v3 operational indicators are derived from reconstructed hidden states; hydraulic quantities are simulator-assisted proxies, not real distributed measurements. Pressure/head and flow are simulator-assisted hidden hydraulic states because public district-heating datasets do not provide dense distributed hydraulic measurements."
532,133.0,pignn_v3_balanced,60921.21484375,62706.65178687146,3194.05099227333,0.3952661454677582,56.72746658325195,556.4964471817017,293.2856075253508,219.96420564401313,1785.4369431214582,2.9307310231759582,simulator_assisted_hidden_state,"PI-GNN-GRU-v3 operational indicators are derived from reconstructed hidden states; hydraulic quantities are simulator-assisted proxies, not real distributed measurements. Pressure/head and flow are simulator-assisted hidden hydraulic states because public district-heating datasets do not provide dense distributed hydraulic measurements."
533,133.25,pignn_v3_balanced,61023.0234375,62749.610593365214,3193.2896715774536,0.39403218030929565,57.184417724609375,560.979137878418,294.72511040834934,221.043832806262,1726.5871558652143,2.829402836182955,simulator_assisted_hidden_state,"PI-GNN-GRU-v3 operational indicators are derived from reconstructed hidden states; hydraulic quantities are simulator-assisted proxies, not real distributed measurements. Pressure/head and flow are simulator-assisted hidden hydraulic states because public district-heating datasets do not provide dense distributed hydraulic measurements."
534,133.5,pignn_v3_balanced,61615.0078125,63016.67900482191,3192.7579558353423,0.39390403032302856,57.59979248046875,565.0539642333985,296.76937848205347,222.5770338615401,1401.6711923219118,2.27488600924522,simulator_assisted_hidden_state,"PI-GNN-GRU-v3 operational indicators are derived from reconstructed hidden states; hydraulic quantities are simulator-assisted proxies, not real distributed measurements. Pressure/head and flow are simulator-assisted hidden hydraulic states because public district-heating datasets do not provide dense distributed hydraulic measurements."
535,133.75,pignn_v3_balanced,61775.26171875,63093.704364714285,3192.6894306392664,0.393858939409256,57.89669418334961,567.9665699386596,298.26494780793803,223.69871085595352,1318.4426459642855,2.1342566737586357,simulator_assisted_hidden_state,"PI-GNN-GRU-v3 operational indicators are derived from reconstructed hidden states; hydraulic quantities are simulator-assisted proxies, not real distributed measurements. Pressure/head and flow are simulator-assisted hidden hydraulic states because public district-heating datasets do not provide dense distributed hydraulic measurements."
536,134.0,pignn_v3_balanced,63399.2421875,63673.536227350494,3191.622926759719,0.3955366313457489,58.48710250854492,573.7584756088257,302.589992864516,226.94249464838697,274.2940398504943,0.4326456127650292,simulator_assisted_hidden_state,"PI-GNN-GRU-v3 operational indicators are derived from reconstructed hidden states; hydraulic quantities are simulator-assisted proxies, not real distributed measurements. Pressure/head and flow are simulator-assisted hidden hydraulic states because public district-heating datasets do not provide dense distributed hydraulic measurements."
537,134.25,pignn_v3_balanced,65137.203125,65071.636507082294,3186.7587077865596,0.40090709924697876,59.502052307128906,583.7151331329346,312.02072108118506,234.0155408108888,-65.56661791770603,-0.10065924659350504,simulator_assisted_hidden_state,"PI-GNN-GRU-v3 operational indicators are derived from reconstructed hidden states; hydraulic quantities are simulator-assisted proxies, not real distributed measurements. Pressure/head and flow are simulator-assisted hidden hydraulic states because public district-heating datasets do not provide dense distributed hydraulic measurements."
538,134.5,pignn_v3_balanced,63020.65625,64793.56746779317,3187.3021228866573,0.39830121397972107,59.41062545776367,582.8182357406616,309.51628110003304,232.1372108250248,1772.9112177931675,2.813222399271933,simulator_assisted_hidden_state,"PI-GNN-GRU-v3 operational indicators are derived from reconstructed hidden states; hydraulic quantities are simulator-assisted proxies, not real distributed measurements. Pressure/head and flow are simulator-assisted hidden hydraulic states because public district-heating datasets do not provide dense distributed hydraulic measurements."
539,134.75,pignn_v3_balanced,63123.60546875,64500.04198468475,3187.792288524627,0.39672404527664185,59.82488250732422,586.8820973968506,310.4403197062916,232.83023977971868,1376.4365159347508,2.180541662209346,simulator_assisted_hidden_state,"PI-GNN-GRU-v3 operational indicators are derived from reconstructed hidden states; hydraulic quantities are simulator-assisted proxies, not real distributed measurements. Pressure/head and flow are simulator-assisted hidden hydraulic states because public district-heating datasets do not provide dense distributed hydraulic measurements."
540,135.0,pignn_v3_balanced,60764.09765625,62830.91749094072,3190.5241223030084,0.40752267837524414,58.075225830078125,569.7179653930664,309.56398823396944,232.17299117547708,2066.819834690723,3.4013832417671663,simulator_assisted_hidden_state,"PI-GNN-GRU-v3 operational indicators are derived from reconstructed hidden states; hydraulic quantities are simulator-assisted proxies, not real distributed measurements. Pressure/head and flow are simulator-assisted hidden hydraulic states because public district-heating datasets do not provide dense distributed hydraulic measurements."
541,135.25,pignn_v3_balanced,60947.734375,62782.90099100108,3192.4098911762226,0.40178748965263367,57.70024108886719,566.0393650817871,303.2367140543758,227.42753554078183,1835.166616001079,3.011049770463398,simulator_assisted_hidden_state,"PI-GNN-GRU-v3 operational indicators are derived from reconstructed hidden states; hydraulic quantities are simulator-assisted proxies, not real distributed measurements. Pressure/head and flow are simulator-assisted hidden hydraulic states because public district-heating datasets do not provide dense distributed hydraulic measurements."
542,135.5,pignn_v3_balanced,60957.96875,62765.19949740848,3193.3543967056266,0.39918142557144165,58.055606842041016,569.5255031204224,303.1253363132036,227.3440022349027,1807.230747408481,2.964716155192558,simulator_assisted_hidden_state,"PI-GNN-GRU-v3 operational indicators are derived from reconstructed hidden states; hydraulic quantities are simulator-assisted proxies, not real distributed measurements. Pressure/head and flow are simulator-assisted hidden hydraulic states because public district-heating datasets do not provide dense distributed hydraulic measurements."
543,135.75,pignn_v3_balanced,60921.21484375,62766.80639488548,3193.6815825519557,0.3967645764350891,56.75103759765625,556.7276788330078,294.51976224249154,220.88982168186865,1845.5915511354833,3.0294726654237514,simulator_assisted_hidden_state,"PI-GNN-GRU-v3 operational indicators are derived from reconstructed hidden states; hydraulic quantities are simulator-assisted proxies, not real distributed measurements. Pressure/head and flow are simulator-assisted hidden hydraulic states because public district-heating datasets do not provide dense distributed hydraulic measurements."
544,136.0,pignn_v3_balanced,61023.0234375,62795.086105323884,3193.1055569400783,0.39520561695098877,57.16740798950195,560.8122723770142,295.51488013125845,221.63616009844384,1772.062667823884,2.9039247287359284,simulator_assisted_hidden_state,"PI-GNN-GRU-v3 operational indicators are derived from reconstructed hidden states; hydraulic quantities are simulator-assisted proxies, not real distributed measurements. Pressure/head and flow are simulator-assisted hidden hydraulic states because public district-heating datasets do not provide dense distributed hydraulic measurements."
545,136.25,pignn_v3_balanced,61615.0078125,63053.89546557683,3192.6962896270747,0.3948902189731598,57.556610107421875,564.6303451538085,297.2893341822377,222.96700063667828,1438.887653076832,2.3352876257932103,simulator_assisted_hidden_state,"PI-GNN-GRU-v3 operational indicators are derived from reconstructed hidden states; hydraulic quantities are simulator-assisted proxies, not real distributed measurements. Pressure/head and flow are simulator-assisted hidden hydraulic states because public district-heating datasets do not provide dense distributed hydraulic measurements."
546,136.5,pignn_v3_balanced,61775.26171875,63117.84141876381,3192.6939179534907,0.3947238028049469,57.835853576660156,567.3697235870361,298.60577985422196,223.95433489066647,1342.5797000138118,2.173329036024646,simulator_assisted_hidden_state,"PI-GNN-GRU-v3 operational indicators are derived from reconstructed hidden states; hydraulic quantities are simulator-assisted proxies, not real distributed measurements. Pressure/head and flow are simulator-assisted hidden hydraulic states because public district-heating datasets do not provide dense distributed hydraulic measurements."
547,136.75,pignn_v3_balanced,63399.2421875,63700.6267437231,3191.679779548645,0.39631083607673645,58.41835021972656,573.0840156555175,302.8258738488689,227.1194053866517,301.38455622309993,0.4753756446043481,simulator_assisted_hidden_state,"PI-GNN-GRU-v3 operational indicators are derived from reconstructed hidden states; hydraulic quantities are simulator-assisted proxies, not real distributed measurements. Pressure/head and flow are simulator-assisted hidden hydraulic states because public district-heating datasets do not provide dense distributed hydraulic measurements."
548,137.0,pignn_v3_balanced,65137.203125,65113.23496647859,3186.855682285308,0.40164312720298767,59.43219757080078,583.0298581695556,312.2265806505796,234.1699354879347,-23.968158521412988,-0.03679641951377228,simulator_assisted_hidden_state,"PI-GNN-GRU-v3 operational indicators are derived from reconstructed hidden states; hydraulic quantities are simulator-assisted proxies, not real distributed measurements. Pressure/head and flow are simulator-assisted hidden hydraulic states because public district-heating datasets do not provide dense distributed hydraulic measurements."
549,137.25,pignn_v3_balanced,63020.65625,64821.75996846643,3187.4223586521143,0.3989950716495514,59.332794189453125,582.0547109985351,309.64928149175927,232.23696111881947,1801.103718466431,2.857957732654412,simulator_assisted_hidden_state,"PI-GNN-GRU-v3 operational indicators are derived from reconstructed hidden states; hydraulic quantities are simulator-assisted proxies, not real distributed measurements. Pressure/head and flow are simulator-assisted hidden hydraulic states because public district-heating datasets do not provide dense distributed hydraulic measurements."
550,137.5,pignn_v3_balanced,63123.60546875,64519.8262197451,3187.915254409789,0.3973783552646637,59.74626922607422,586.1109011077881,310.5437145132037,232.9077858849028,1396.2207509950968,2.211883717076824,simulator_assisted_hidden_state,"PI-GNN-GRU-v3 operational indicators are derived from reconstructed hidden states; hydraulic quantities are simulator-assisted proxies, not real distributed measurements. Pressure/head and flow are simulator-assisted hidden hydraulic states because public district-heating datasets do not provide dense distributed hydraulic measurements."
551,137.75,pignn_v3_balanced,66008.4375,65654.12407887488,3184.495899410247,0.40292397141456604,60.76332092285156,596.0881782531739,320.23762146005674,240.17821609504256,-354.3134211251163,-0.5367698957047973,simulator_assisted_hidden_state,"PI-GNN-GRU-v3 operational indicators are derived from reconstructed hidden states; hydraulic quantities are simulator-assisted proxies, not real distributed measurements. Pressure/head and flow are simulator-assisted hidden hydraulic states because public district-heating datasets do not provide dense distributed hydraulic measurements."
552,138.0,pignn_v3_balanced,60947.734375,63178.726263888544,3190.077169635772,0.40689408779144287,57.987850189208984,568.8608103561402,308.6214673468835,231.46610051016262,2230.991888888544,3.660500118284412,simulator_assisted_hidden_state,"PI-GNN-GRU-v3 operational indicators are derived from reconstructed hidden states; hydraulic quantities are simulator-assisted proxies, not real distributed measurements. Pressure/head and flow are simulator-assisted hidden hydraulic states because public district-heating datasets do not provide dense distributed hydraulic measurements."
553,138.25,pignn_v3_balanced,60957.96875,62947.893843399725,3192.2699759101865,0.4023553729057312,58.216670989990234,571.1055424118042,306.3831779808418,229.78738348563138,1989.9250933997246,3.2644215911471366,simulator_assisted_hidden_state,"PI-GNN-GRU-v3 operational indicators are derived from reconstructed hidden states; hydraulic quantities are simulator-assisted proxies, not real distributed measurements. Pressure/head and flow are simulator-assisted hidden hydraulic states because public district-heating datasets do not provide dense distributed hydraulic measurements."
554,138.5,pignn_v3_balanced,60921.21484375,62877.66067424427,3193.1924113998407,0.39891481399536133,56.827613830566406,557.4788916778565,296.51545117334973,222.3865883800123,1956.4458304942673,3.2114360088060225,simulator_assisted_hidden_state,"PI-GNN-GRU-v3 operational indicators are derived from reconstructed hidden states; hydraulic quantities are simulator-assisted proxies, not real distributed measurements. Pressure/head and flow are simulator-assisted hidden hydraulic states because public district-heating datasets do not provide dense distributed hydraulic measurements."
555,138.75,pignn_v3_balanced,61023.0234375,62876.845714277224,3192.9223370704653,0.3967975974082947,57.18687057495117,561.003200340271,296.8062960445116,222.60472203338372,1853.822276777224,3.037906305438824,simulator_assisted_hidden_state,"PI-GNN-GRU-v3 operational indicators are derived from reconstructed hidden states; hydraulic quantities are simulator-assisted proxies, not real distributed measurements. Pressure/head and flow are simulator-assisted hidden hydraulic states because public district-heating datasets do not provide dense distributed hydraulic measurements."
556,139.0,pignn_v3_balanced,61615.0078125,63119.99565744258,3192.7060350494376,0.39617523550987244,57.53541946411133,564.4224649429322,298.1469373011051,223.61020297582883,1504.9878449425814,2.442566995239852,simulator_assisted_hidden_state,"PI-GNN-GRU-v3 operational indicators are derived from reconstructed hidden states; hydraulic quantities are simulator-assisted proxies, not real distributed measurements. Pressure/head and flow are simulator-assisted hidden hydraulic states because public district-heating datasets do not provide dense distributed hydraulic measurements."
557,139.25,pignn_v3_balanced,61775.26171875,63162.719329723666,3192.803548564911,0.3958136737346649,57.785213470458984,566.8729441452026,299.1680834171976,224.3760625628982,1387.4576109736663,2.245976095237725,simulator_assisted_hidden_state,"PI-GNN-GRU-v3 operational indicators are derived from reconstructed hidden states; hydraulic quantities are simulator-assisted proxies, not real distributed measurements. Pressure/head and flow are simulator-assisted hidden hydraulic states because public district-heating datasets do not provide dense distributed hydraulic measurements."
558,139.5,pignn_v3_balanced,63399.2421875,63747.664637566195,3191.862371463775,0.3972665071487427,58.35277557373047,572.440728378296,303.21537161670364,227.41152871252774,348.42245006619487,0.5495687930082088,simulator_assisted_hidden_state,"PI-GNN-GRU-v3 operational indicators are derived from reconstructed hidden states; hydraulic quantities are simulator-assisted proxies, not real distributed measurements. Pressure/head and flow are simulator-assisted hidden hydraulic states because public district-heating datasets do not provide dense distributed hydraulic measurements."
559,139.75,pignn_v3_balanced,65137.203125,65177.983983613376,3187.0968114166258,0.40254509449005127,59.36172866821289,582.3385582351684,312.55670659996815,234.4175299499761,40.78085861337604,0.06260762921477685,simulator_assisted_hidden_state,"PI-GNN-GRU-v3 operational indicators are derived from reconstructed hidden states; hydraulic quantities are simulator-assisted proxies, not real distributed measurements. Pressure/head and flow are simulator-assisted hidden hydraulic states because public district-heating datasets do not provide dense distributed hydraulic measurements."
560,140.0,pignn_v3_balanced,63020.65625,64867.9365627609,3187.685716833114,0.39982593059539795,59.24901580810547,581.2328450775146,309.85595090097075,232.39196317572805,1847.2803127609004,2.9312298898202926,simulator_assisted_hidden_state,"PI-GNN-GRU-v3 operational indicators are derived from reconstructed hidden states; hydraulic quantities are simulator-assisted proxies, not real distributed measurements. Pressure/head and flow are simulator-assisted hidden hydraulic states because public district-heating datasets do not provide dense distributed hydraulic measurements."
561,140.25,pignn_v3_balanced,63123.60546875,64554.439107923245,3188.1759767990106,0.39815160632133484,59.65946960449219,585.2593968200683,310.69595861142096,233.0219689585657,1430.8336391732446,2.2667172265399094,simulator_assisted_hidden_state,"PI-GNN-GRU-v3 operational indicators are derived from reconstructed hidden states; hydraulic quantities are simulator-assisted proxies, not real distributed measurements. Pressure/head and flow are simulator-assisted hidden hydraulic states because public district-heating datasets do not provide dense distributed hydraulic measurements."
562,140.5,pignn_v3_balanced,66008.4375,65697.37695370996,3184.7714339790346,0.40364372730255127,60.67759323120117,595.2471895980835,320.35705903431847,240.26779427573885,-311.0605462900421,-0.47124361380322344,simulator_assisted_hidden_state,"PI-GNN-GRU-v3 operational indicators are derived from reconstructed hidden states; hydraulic quantities are simulator-assisted proxies, not real distributed measurements. Pressure/head and flow are simulator-assisted hidden hydraulic states because public district-heating datasets do not provide dense distributed hydraulic measurements."
563,140.75,pignn_v3_balanced,65722.2109375,66278.3371929509,3184.5477204780573,0.40627336502075195,61.84501266479492,606.6995742416382,328.64783677841046,246.48587758380785,556.1262554509012,0.8461770343967306,simulator_assisted_hidden_state,"PI-GNN-GRU-v3 operational indicators are derived from reconstructed hidden states; hydraulic quantities are simulator-assisted proxies, not real distributed measurements. Pressure/head and flow are simulator-assisted hidden hydraulic states because public district-heating datasets do not provide dense distributed hydraulic measurements."
564,141.0,pignn_v3_balanced,60957.96875,63050.4213106093,3189.4984812812795,0.40736356377601624,58.573951721191406,574.6104663848877,312.1004898260622,234.07536736954665,2092.452560609301,3.432615297912631,simulator_assisted_hidden_state,"PI-GNN-GRU-v3 operational indicators are derived from reconstructed hidden states; hydraulic quantities are simulator-assisted proxies, not real distributed measurements. Pressure/head and flow are simulator-assisted hidden hydraulic states because public district-heating datasets do not provide dense distributed hydraulic measurements."
565,141.25,pignn_v3_balanced,60921.21484375,62884.59472327883,3191.5346492958065,0.40194350481033325,57.03278350830078,559.4916062164307,299.84535615279333,224.884017114595,1963.3798795288312,3.2228180028328133,simulator_assisted_hidden_state,"PI-GNN-GRU-v3 operational indicators are derived from reconstructed hidden states; hydraulic quantities are simulator-assisted proxies, not real distributed measurements. Pressure/head and flow are simulator-assisted hidden hydraulic states because public district-heating datasets do not provide dense distributed hydraulic measurements."
566,141.5,pignn_v3_balanced,61023.0234375,62867.25514585774,3191.873132932663,0.39879852533340454,57.32282257080078,562.3368894195556,299.01216298812346,224.2591222410926,1844.2317083577436,3.0221899939890924,simulator_assisted_hidden_state,"PI-GNN-GRU-v3 operational indicators are derived from reconstructed hidden states; hydraulic quantities are simulator-assisted proxies, not real distributed measurements. Pressure/head and flow are simulator-assisted hidden hydraulic states because public district-heating datasets do not provide dense distributed hydraulic measurements."
567,141.75,pignn_v3_balanced,61615.0078125,63106.995994111865,3192.044351594924,0.39763832092285156,57.61830139160156,565.2355366516114,299.67907962676486,224.75930972007365,1491.988181611865,2.4214687859037833,simulator_assisted_hidden_state,"PI-GNN-GRU-v3 operational indicators are derived from reconstructed hidden states; hydraulic quantities are simulator-assisted proxies, not real distributed measurements. Pressure/head and flow are simulator-assisted hidden hydraulic states because public district-heating datasets do not provide dense distributed hydraulic measurements."
568,142.0,pignn_v3_balanced,61775.26171875,63133.565267351834,3192.37343478012,0.39696288108825684,57.824745178222656,567.2607501983642,300.2419489693715,225.18146172702862,1358.3035486018343,2.1987823455704802,simulator_assisted_hidden_state,"PI-GNN-GRU-v3 operational indicators are derived from reconstructed hidden states; hydraulic quantities are simulator-assisted proxies, not real distributed measurements. Pressure/head and flow are simulator-assisted hidden hydraulic states because public district-heating datasets do not provide dense distributed hydraulic measurements."
569,142.25,pignn_v3_balanced,63399.2421875,63728.542650678166,3191.5810397701266,0.3981931209564209,58.3685188293457,572.5951697158813,304.00461023165104,228.0034576737383,329.30046317816596,0.5194075698953573,simulator_assisted_hidden_state,"PI-GNN-GRU-v3 operational indicators are derived from reconstructed hidden states; hydraulic quantities are simulator-assisted proxies, not real distributed measurements. Pressure/head and flow are simulator-assisted hidden hydraulic states because public district-heating datasets do not provide dense distributed hydraulic measurements."
570,142.5,pignn_v3_balanced,65137.203125,65182.72404504068,3186.900803375244,0.40337857604026794,59.37147521972656,582.4341719055176,313.2552892005871,234.9414669004403,45.52092004068254,0.06988467090508431,simulator_assisted_hidden_state,"PI-GNN-GRU-v3 operational indicators are derived from reconstructed hidden states; hydraulic quantities are simulator-assisted proxies, not real distributed measurements. Pressure/head and flow are simulator-assisted hidden hydraulic states because public district-heating datasets do not provide dense distributed hydraulic measurements."
571,142.75,pignn_v3_balanced,63020.65625,64858.082172232935,3187.558821516036,0.40053242444992065,59.23733901977539,581.1182957839966,310.342293203427,232.75671990257024,1837.4259222329347,2.915593127027989,simulator_assisted_hidden_state,"PI-GNN-GRU-v3 operational indicators are derived from reconstructed hidden states; hydraulic quantities are simulator-assisted proxies, not real distributed measurements. Pressure/head and flow are simulator-assisted hidden hydraulic states because public district-heating datasets do not provide dense distributed hydraulic measurements."
572,143.0,pignn_v3_balanced,63123.60546875,64536.37732611695,3188.0859852619164,0.39878079295158386,59.63967514038086,585.0652131271362,311.08369282563575,233.3127696192268,1412.771857366948,2.2381038707720133,simulator_assisted_hidden_state,"PI-GNN-GRU-v3 operational indicators are derived from reconstructed hidden states; hydraulic quantities are simulator-assisted proxies, not real distributed measurements. Pressure/head and flow are simulator-assisted hidden hydraulic states because public district-heating datasets do not provide dense distributed hydraulic measurements."
573,143.25,pignn_v3_balanced,66008.4375,65688.85513078175,3184.7135193271624,0.40420565009117126,60.657901763916016,595.0540163040162,320.698927332703,240.52419549952725,-319.58236921824573,-0.4841538162727238,simulator_assisted_hidden_state,"PI-GNN-GRU-v3 operational indicators are derived from reconstructed hidden states; hydraulic quantities are simulator-assisted proxies, not real distributed measurements. Pressure/head and flow are simulator-assisted hidden hydraulic states because public district-heating datasets do not provide dense distributed hydraulic measurements."
574,143.5,pignn_v3_balanced,65722.2109375,66270.30677390887,3184.5230469875332,0.40679118037223816,61.821720123291016,606.4710744094849,328.94277896087175,246.70708422065383,548.0958364088729,0.833958305100382,simulator_assisted_hidden_state,"PI-GNN-GRU-v3 operational indicators are derived from reconstructed hidden states; hydraulic quantities are simulator-assisted proxies, not real distributed measurements. Pressure/head and flow are simulator-assisted hidden hydraulic states because public district-heating datasets do not provide dense distributed hydraulic measurements."
575,143.75,pignn_v3_balanced,65823.25,66326.87782356857,3185.687708507538,0.40752917528152466,62.37428283691406,611.8917146301269,332.48496776641827,249.36372582481368,503.62782356857497,0.765121478457194,simulator_assisted_hidden_state,"PI-GNN-GRU-v3 operational indicators are derived from reconstructed hidden states; hydraulic quantities are simulator-assisted proxies, not real distributed measurements. Pressure/head and flow are simulator-assisted hidden hydraulic states because public district-heating datasets do not provide dense distributed hydraulic measurements."
576,144.0,pignn_v3_balanced,60921.21484375,63096.94608804104,3188.868052711486,0.40656179189682007,57.211002349853516,561.239933052063,304.23828382093075,228.17871286569806,2175.7312442910406,3.5713851896606625,simulator_assisted_hidden_state,"PI-GNN-GRU-v3 operational indicators are derived from reconstructed hidden states; hydraulic quantities are simulator-assisted proxies, not real distributed measurements. Pressure/head and flow are simulator-assisted hidden hydraulic states because public district-heating datasets do not provide dense distributed hydraulic measurements."
577,144.25,pignn_v3_balanced,61023.0234375,62986.813706760244,3190.4357154750824,0.4016828238964081,57.43546676635742,563.4419289779663,301.7665935113452,226.3249451335089,1963.7902692602438,3.218113686667074,simulator_assisted_hidden_state,"PI-GNN-GRU-v3 operational indicators are derived from reconstructed hidden states; hydraulic quantities are simulator-assisted proxies, not real distributed measurements. Pressure/head and flow are simulator-assisted hidden hydraulic states because public district-heating datasets do not provide dense distributed hydraulic measurements."
578,144.5,pignn_v3_balanced,61615.0078125,63197.7466920686,3191.359627870559,0.3996564745903015,57.68403244018555,565.8803582382202,301.5436653511786,226.15774901338398,1582.7388795685983,2.568755463579612,simulator_assisted_hidden_state,"PI-GNN-GRU-v3 operational indicators are derived from reconstructed hidden states; hydraulic quantities are simulator-assisted proxies, not real distributed measurements. Pressure/head and flow are simulator-assisted hidden hydraulic states because public district-heating datasets do not provide dense distributed hydraulic measurements."
579,144.75,pignn_v3_balanced,61775.26171875,63181.01598968138,3192.073682189941,0.3984742760658264,57.84041976928711,567.4145179367065,301.46678568542535,226.10008926406903,1405.7542709313784,2.2755941971261686,simulator_assisted_hidden_state,"PI-GNN-GRU-v3 operational indicators are derived from reconstructed hidden states; hydraulic quantities are simulator-assisted proxies, not real distributed measurements. Pressure/head and flow are simulator-assisted hidden hydraulic states because public district-heating datasets do not provide dense distributed hydraulic measurements."
580,145.0,pignn_v3_balanced,63399.2421875,63782.37651476937,3191.517042314529,0.39941278100013733,58.35174560546875,572.4306243896484,304.84814348948606,228.63610761711453,383.13432726937026,0.6043200424009331,simulator_assisted_hidden_state,"PI-GNN-GRU-v3 operational indicators are derived from reconstructed hidden states; hydraulic quantities are simulator-assisted proxies, not real distributed measurements. Pressure/head and flow are simulator-assisted hidden hydraulic states because public district-heating datasets do not provide dense distributed hydraulic measurements."
581,145.25,pignn_v3_balanced,65137.203125,65266.734602359764,3186.9858278732295,0.40450865030288696,59.340206146240234,582.1274222946167,313.96743719559214,235.47557789669412,129.5314773597638,0.1988594399903685,simulator_assisted_hidden_state,"PI-GNN-GRU-v3 operational indicators are derived from reconstructed hidden states; hydraulic quantities are simulator-assisted proxies, not real distributed measurements. Pressure/head and flow are simulator-assisted hidden hydraulic states because public district-heating datasets do not provide dense distributed hydraulic measurements."
582,145.5,pignn_v3_balanced,63020.65625,64911.882168146294,3187.719610204697,0.40148356556892395,59.17591857910156,580.5157612609863,310.7567169333587,233.06753770001902,1891.2259181462941,3.0009619554640774,simulator_assisted_hidden_state,"PI-GNN-GRU-v3 operational indicators are derived from reconstructed hidden states; hydraulic quantities are simulator-assisted proxies, not real distributed measurements. Pressure/head and flow are simulator-assisted hidden hydraulic states because public district-heating datasets do not provide dense distributed hydraulic measurements."
583,145.75,pignn_v3_balanced,63123.60546875,64572.11419201862,3188.270339761734,0.39962223172187805,59.56689453125,584.3512353515625,311.35965970750374,233.5197447806278,1448.50872326862,2.294717978341271,simulator_assisted_hidden_state,"PI-GNN-GRU-v3 operational indicators are derived from reconstructed hidden states; hydraulic quantities are simulator-assisted proxies, not real distributed measurements. Pressure/head and flow are simulator-assisted hidden hydraulic states because public district-heating datasets do not provide dense distributed hydraulic measurements."
584,146.0,pignn_v3_balanced,66008.4375,65735.4654193902,3184.9353678302755,0.40497615933418274,60.583457946777344,594.3237224578858,320.9159180295858,240.68693852218934,-272.97208060980483,-0.41354119404781375,simulator_assisted_hidden_state,"PI-GNN-GRU-v3 operational indicators are derived from reconstructed hidden states; hydraulic quantities are simulator-assisted proxies, not real distributed measurements. Pressure/head and flow are simulator-assisted hidden hydraulic states because public district-heating datasets do not provide dense distributed hydraulic measurements."
585,146.25,pignn_v3_balanced,65722.2109375,66313.29014792744,3184.7700702667235,0.4075126647949219,61.74242401123047,605.693179550171,329.10352219546564,246.82764164659923,591.0792104274442,0.8993598997902613,simulator_assisted_hidden_state,"PI-GNN-GRU-v3 operational indicators are derived from reconstructed hidden states; hydraulic quantities are simulator-assisted proxies, not real distributed measurements. Pressure/head and flow are simulator-assisted hidden hydraulic states because public district-heating datasets do not provide dense distributed hydraulic measurements."
586,146.5,pignn_v3_balanced,65823.25,66363.0175784419,3185.9415207023617,0.4082159101963043,62.2933235168457,611.0975037002563,332.61296492225284,249.45972369168965,539.7675784418971,0.8200257180280479,simulator_assisted_hidden_state,"PI-GNN-GRU-v3 operational indicators are derived from reconstructed hidden states; hydraulic quantities are simulator-assisted proxies, not real distributed measurements. Pressure/head and flow are simulator-assisted hidden hydraulic states because public district-heating datasets do not provide dense distributed hydraulic measurements."
587,146.75,pignn_v3_balanced,67192.03125,67125.54926792758,3184.4185882415773,0.4120487868785858,63.666988372802734,624.5731559371948,343.1394816278012,257.3546112208509,-66.4819820724224,-0.0989432538883432,simulator_assisted_hidden_state,"PI-GNN-GRU-v3 operational indicators are derived from reconstructed hidden states; hydraulic quantities are simulator-assisted proxies, not real distributed measurements. Pressure/head and flow are simulator-assisted hidden hydraulic states because public district-heating datasets do not provide dense distributed hydraulic measurements."
588,147.0,pignn_v3_balanced,61023.0234375,63337.48873648733,3188.214721321106,0.4069097340106964,57.76063537597656,566.6318330383301,307.424011284827,230.56800846362023,2314.4652989873284,3.7927738886255153,simulator_assisted_hidden_state,"PI-GNN-GRU-v3 operational indicators are derived from reconstructed hidden states; hydraulic quantities are simulator-assisted proxies, not real distributed measurements. Pressure/head and flow are simulator-assisted hidden hydraulic states because public district-heating datasets do not provide dense distributed hydraulic measurements."
589,147.25,pignn_v3_balanced,61615.0078125,63436.27601254356,3190.56753470993,0.4031100571155548,57.89458084106445,567.9458380508423,305.2595722869556,228.9446792152167,1821.2682000435598,2.9558840690012445,simulator_assisted_hidden_state,"PI-GNN-GRU-v3 operational indicators are derived from reconstructed hidden states; hydraulic quantities are simulator-assisted proxies, not real distributed measurements. Pressure/head and flow are simulator-assisted hidden hydraulic states because public district-heating datasets do not provide dense distributed hydraulic measurements."
590,147.5,pignn_v3_balanced,61775.26171875,63316.745763215375,3191.9101445159904,0.40090808272361755,57.97722244262695,568.7565521621705,304.02546515177454,228.0190988638309,1541.4840444653746,2.4953096135528052,simulator_assisted_hidden_state,"PI-GNN-GRU-v3 operational indicators are derived from reconstructed hidden states; hydraulic quantities are simulator-assisted proxies, not real distributed measurements. Pressure/head and flow are simulator-assisted hidden hydraulic states because public district-heating datasets do not provide dense distributed hydraulic measurements."
591,147.75,pignn_v3_balanced,63399.2421875,63917.200855521674,3191.7169124107354,0.40131503343582153,58.43484115600586,573.2457917404175,306.7362054389995,230.05215407924962,517.9586680216744,0.8169792731746512,simulator_assisted_hidden_state,"PI-GNN-GRU-v3 operational indicators are derived from reconstructed hidden states; hydraulic quantities are simulator-assisted proxies, not real distributed measurements. Pressure/head and flow are simulator-assisted hidden hydraulic states because public district-heating datasets do not provide dense distributed hydraulic measurements."
592,148.0,pignn_v3_balanced,65137.203125,65436.932820750575,3187.416841815948,0.40624022483825684,59.393455505371094,582.6497985076904,315.5943801969723,236.69578514772923,299.72969575057505,0.46015131349036575,simulator_assisted_hidden_state,"PI-GNN-GRU-v3 operational indicators are derived from reconstructed hidden states; hydraulic quantities are simulator-assisted proxies, not real distributed measurements. Pressure/head and flow are simulator-assisted hidden hydraulic states because public district-heating datasets do not provide dense distributed hydraulic measurements."
593,148.25,pignn_v3_balanced,63020.65625,65031.56609290869,3188.230810970306,0.4028843939304352,59.17600631713867,580.5166219711303,311.84144987917654,233.88108740938242,2010.909842908688,3.190874171369309,simulator_assisted_hidden_state,"PI-GNN-GRU-v3 operational indicators are derived from reconstructed hidden states; hydraulic quantities are simulator-assisted proxies, not real distributed measurements. Pressure/head and flow are simulator-assisted hidden hydraulic states because public district-heating datasets do not provide dense distributed hydraulic measurements."
594,148.5,pignn_v3_balanced,63123.60546875,64661.53614974242,3188.793916351318,0.4008312523365021,59.54389190673828,584.1255796051025,312.1810501265312,234.1357875948984,1537.9306809924165,2.4363796547613,simulator_assisted_hidden_state,"PI-GNN-GRU-v3 operational indicators are derived from reconstructed hidden states; hydraulic quantities are simulator-assisted proxies, not real distributed measurements. Pressure/head and flow are simulator-assisted hidden hydraulic states because public district-heating datasets do not provide dense distributed hydraulic measurements."
595,148.75,pignn_v3_balanced,66008.4375,65834.21936947576,3185.5058685207364,0.4060712456703186,60.553016662597656,594.025093460083,321.6220128810178,241.21650966076334,-174.21813052424113,-0.26393312298028737,simulator_assisted_hidden_state,"PI-GNN-GRU-v3 operational indicators are derived from reconstructed hidden states; hydraulic quantities are simulator-assisted proxies, not real distributed measurements. Pressure/head and flow are simulator-assisted hidden hydraulic states because public district-heating datasets do not provide dense distributed hydraulic measurements."
596,149.0,pignn_v3_balanced,65722.2109375,66403.49530625998,3185.35691124916,0.4085179269313812,61.700157165527344,605.2785417938233,329.68951347954936,247.26713510966204,681.2843687599816,1.0366120662128426,simulator_assisted_hidden_state,"PI-GNN-GRU-v3 operational indicators are derived from reconstructed hidden states; hydraulic quantities are simulator-assisted proxies, not real distributed measurements. Pressure/head and flow are simulator-assisted hidden hydraulic states because public district-heating datasets do not provide dense distributed hydraulic measurements."
597,149.25,pignn_v3_balanced,65823.25,66441.70419893302,3186.5199233779904,0.40915682911872864,62.244693756103516,610.6204457473755,333.11936716941443,249.83952537706082,618.4541989330173,0.9395680081627956,simulator_assisted_hidden_state,"PI-GNN-GRU-v3 operational indicators are derived from reconstructed hidden states; hydraulic quantities are simulator-assisted proxies, not real distributed measurements. Pressure/head and flow are simulator-assisted hidden hydraulic states because public district-heating datasets do not provide dense distributed hydraulic measurements."
598,149.5,pignn_v3_balanced,67192.03125,67203.68256441377,3184.9988047084807,0.4129262864589691,63.617950439453125,624.0920938110352,343.6053742743911,257.70403070579334,11.651314413771615,0.01734032175693694,simulator_assisted_hidden_state,"PI-GNN-GRU-v3 operational indicators are derived from reconstructed hidden states; hydraulic quantities are simulator-assisted proxies, not real distributed measurements. Pressure/head and flow are simulator-assisted hidden hydraulic states because public district-heating datasets do not provide dense distributed hydraulic measurements."
599,149.75,pignn_v3_balanced,67825.71875,67769.19522634045,3184.747259078979,0.4156944453716278,64.74338912963867,635.1326473617554,352.0281514432781,264.02111358245855,-56.52352365954721,-0.08333641677707575,simulator_assisted_hidden_state,"PI-GNN-GRU-v3 operational indicators are derived from reconstructed hidden states; hydraulic quantities are simulator-assisted proxies, not real distributed measurements. Pressure/head and flow are simulator-assisted hidden hydraulic states because public district-heating datasets do not provide dense distributed hydraulic measurements."
600,150.0,pignn_v3_balanced,61615.0078125,63844.81496720972,3189.457025505066,0.40894758701324463,58.30241394042969,571.9466807556153,311.8616199936579,233.8962149952434,2229.8071547097206,3.61893511641713,simulator_assisted_hidden_state,"PI-GNN-GRU-v3 operational indicators are derived from reconstructed hidden states; hydraulic quantities are simulator-assisted proxies, not real distributed measurements. Pressure/head and flow are simulator-assisted hidden hydraulic states because public district-heating datasets do not provide dense distributed hydraulic measurements."
601,150.25,pignn_v3_balanced,61775.26171875,63487.71516650953,3191.664784103393,0.40467262268066406,58.25080108642578,571.4403586578369,308.32835819152825,231.2462686436462,1712.4534477595298,2.77206991943794,simulator_assisted_hidden_state,"PI-GNN-GRU-v3 operational indicators are derived from reconstructed hidden states; hydraulic quantities are simulator-assisted proxies, not real distributed measurements. Pressure/head and flow are simulator-assisted hidden hydraulic states because public district-heating datasets do not provide dense distributed hydraulic measurements."
602,150.5,pignn_v3_balanced,63399.2421875,64097.33982173267,3192.0089705371847,0.4040737748146057,58.64274215698242,575.2853005599976,309.9436039901776,232.45770299263322,698.0976342326685,1.1011135309284623,simulator_assisted_hidden_state,"PI-GNN-GRU-v3 operational indicators are derived from reconstructed hidden states; hydraulic quantities are simulator-assisted proxies, not real distributed measurements. Pressure/head and flow are simulator-assisted hidden hydraulic states because public district-heating datasets do not provide dense distributed hydraulic measurements."
603,150.75,pignn_v3_balanced,65137.203125,65672.68483050546,3188.039594787597,0.40867018699645996,59.56297302246094,584.3127653503418,318.38827610685706,238.79120708014278,535.4817055054591,0.8220827419897899,simulator_assisted_hidden_state,"PI-GNN-GRU-v3 operational indicators are derived from reconstructed hidden states; hydraulic quantities are simulator-assisted proxies, not real distributed measurements. Pressure/head and flow are simulator-assisted hidden hydraulic states because public district-heating datasets do not provide dense distributed hydraulic measurements."
604,151.0,pignn_v3_balanced,63020.65625,65193.99689891103,3188.9484308853143,0.4047148525714874,59.263023376464844,581.3702593231201,313.7189050552053,235.28917879140397,2173.3406489110275,3.4486163398386185,simulator_assisted_hidden_state,"PI-GNN-GRU-v3 operational indicators are derived from reconstructed hidden states; hydraulic quantities are simulator-assisted proxies, not real distributed measurements. Pressure/head and flow are simulator-assisted hidden hydraulic states because public district-heating datasets do not provide dense distributed hydraulic measurements."
605,151.25,pignn_v3_balanced,63123.60546875,64781.69522377178,3189.5310325012206,0.40234851837158203,59.59343719482422,584.6116188812256,313.6234915728975,235.2176186796731,1658.0897550217778,2.6267348683728664,simulator_assisted_hidden_state,"PI-GNN-GRU-v3 operational indicators are derived from reconstructed hidden states; hydraulic quantities are simulator-assisted proxies, not real distributed measurements. Pressure/head and flow are simulator-assisted hidden hydraulic states because public district-heating datasets do not provide dense distributed hydraulic measurements."
606,151.5,pignn_v3_balanced,66008.4375,65962.10813315593,3186.3033545436856,0.4074056148529053,60.589107513427734,594.379144706726,322.87120120665026,242.15340090498768,-46.329366844074684,-0.07018703759511757,simulator_assisted_hidden_state,"PI-GNN-GRU-v3 operational indicators are derived from reconstructed hidden states; hydraulic quantities are simulator-assisted proxies, not real distributed measurements. Pressure/head and flow are simulator-assisted hidden hydraulic states because public district-heating datasets do not provide dense distributed hydraulic measurements."
607,151.75,pignn_v3_balanced,65722.2109375,66519.42499840765,3186.1711472167967,0.40970227122306824,61.716453552246094,605.4384093475342,330.7326551938219,248.04949139536643,797.214060907645,1.213005541864338,simulator_assisted_hidden_state,"PI-GNN-GRU-v3 operational indicators are derived from reconstructed hidden states; hydraulic quantities are simulator-assisted proxies, not real distributed measurements. Pressure/head and flow are simulator-assisted hidden hydraulic states because public district-heating datasets do not provide dense distributed hydraulic measurements."
608,152.0,pignn_v3_balanced,65823.25,66543.22561911575,3187.3219694824215,0.41023528575897217,62.24917221069336,610.6643793869018,334.0214349074814,250.51607618061107,719.9756191157503,1.0938013834256899,simulator_assisted_hidden_state,"PI-GNN-GRU-v3 operational indicators are derived from reconstructed hidden states; hydraulic quantities are simulator-assisted proxies, not real distributed measurements. Pressure/head and flow are simulator-assisted hidden hydraulic states because public district-heating datasets do not provide dense distributed hydraulic measurements."
609,152.25,pignn_v3_balanced,67192.03125,67302.74169713877,3185.806629072189,0.41391339898109436,63.6197395324707,624.1096448135376,344.43645922887316,258.32734442165486,110.710447138772,0.16476722771909355,simulator_assisted_hidden_state,"PI-GNN-GRU-v3 operational indicators are derived from reconstructed hidden states; hydraulic quantities are simulator-assisted proxies, not real distributed measurements. Pressure/head and flow are simulator-assisted hidden hydraulic states because public district-heating datasets do not provide dense distributed hydraulic measurements."
610,152.5,pignn_v3_balanced,67825.71875,67863.40602446464,3185.5455563220976,0.4166158437728882,64.74079513549805,635.1072002792358,352.794296174094,264.5957221305705,37.687274464638904,0.05556487297031247,simulator_assisted_hidden_state,"PI-GNN-GRU-v3 operational indicators are derived from reconstructed hidden states; hydraulic quantities are simulator-assisted proxies, not real distributed measurements. Pressure/head and flow are simulator-assisted hidden hydraulic states because public district-heating datasets do not provide dense distributed hydraulic measurements."
611,152.75,pignn_v3_balanced,68035.5625,68209.69415853161,3185.8802910976406,0.4180273115634918,65.62798690795898,643.8105515670776,358.8405253703924,269.1303940277943,174.131658531609,0.25594211634776887,simulator_assisted_hidden_state,"PI-GNN-GRU-v3 operational indicators are derived from reconstructed hidden states; hydraulic quantities are simulator-assisted proxies, not real distributed measurements. Pressure/head and flow are simulator-assisted hidden hydraulic states because public district-heating datasets do not provide dense distributed hydraulic measurements."
612,153.0,pignn_v3_balanced,61775.26171875,63329.77393449755,3188.809324144363,0.40973010659217834,58.62345504760742,575.0960940170288,314.17891186979017,235.6341839023426,1554.512215747549,2.5163992389460392,simulator_assisted_hidden_state,"PI-GNN-GRU-v3 operational indicators are derived from reconstructed hidden states; hydraulic quantities are simulator-assisted proxies, not real distributed measurements. Pressure/head and flow are simulator-assisted hidden hydraulic states because public district-heating datasets do not provide dense distributed hydraulic measurements."
613,153.25,pignn_v3_balanced,63399.2421875,64124.52188163537,3190.4420704822537,0.40747448801994324,58.97257995605469,578.5210093688964,314.31006946849584,235.73255210137188,725.2796941353736,1.1439879549197074,simulator_assisted_hidden_state,"PI-GNN-GRU-v3 operational indicators are derived from reconstructed hidden states; hydraulic quantities are simulator-assisted proxies, not real distributed measurements. Pressure/head and flow are simulator-assisted hidden hydraulic states because public district-heating datasets do not provide dense distributed hydraulic measurements."
614,153.5,pignn_v3_balanced,65137.203125,65858.99950312743,3187.2314524040216,0.4117044508457184,59.864501953125,587.2707641601562,322.37598327507004,241.78198745630255,721.7963781274302,1.108116933946771,simulator_assisted_hidden_state,"PI-GNN-GRU-v3 operational indicators are derived from reconstructed hidden states; hydraulic quantities are simulator-assisted proxies, not real distributed measurements. Pressure/head and flow are simulator-assisted hidden hydraulic states because public district-heating datasets do not provide dense distributed hydraulic measurements."
615,153.75,pignn_v3_balanced,63020.65625,65287.41828738678,3188.5081054286957,0.4066794514656067,59.44532012939453,583.1585904693603,316.2114875860478,237.15861568953585,2266.762037386783,3.5968556537949143,simulator_assisted_hidden_state,"PI-GNN-GRU-v3 operational indicators are derived from reconstructed hidden states; hydraulic quantities are simulator-assisted proxies, not real distributed measurements. Pressure/head and flow are simulator-assisted hidden hydraulic states because public district-heating datasets do not provide dense distributed hydraulic measurements."
616,154.0,pignn_v3_balanced,63123.60546875,64827.092903090714,3189.265776981353,0.4038357436656952,59.72184753417969,585.8713243103027,315.4610425936757,236.59578194525676,1703.4874343407137,2.6986535729237504,simulator_assisted_hidden_state,"PI-GNN-GRU-v3 operational indicators are derived from reconstructed hidden states; hydraulic quantities are simulator-assisted proxies, not real distributed measurements. Pressure/head and flow are simulator-assisted hidden hydraulic states because public district-heating datasets do not provide dense distributed hydraulic measurements."
617,154.25,pignn_v3_balanced,66008.4375,66023.66281479681,3186.175348852157,0.4086628556251526,60.69862747192383,595.4535354995728,324.45298961246476,243.33974220934857,15.225314796814928,0.023065710041712362,simulator_assisted_hidden_state,"PI-GNN-GRU-v3 operational indicators are derived from reconstructed hidden states; hydraulic quantities are simulator-assisted proxies, not real distributed measurements. Pressure/head and flow are simulator-assisted hidden hydraulic states because public district-heating datasets do not provide dense distributed hydraulic measurements."
618,154.5,pignn_v3_balanced,65722.2109375,66572.19960692429,3186.145322925567,0.41075387597084045,61.79825973510742,606.2409280014039,332.0210812649811,249.0158109487358,849.9886694242887,1.2933050445192786,simulator_assisted_hidden_state,"PI-GNN-GRU-v3 operational indicators are derived from reconstructed hidden states; hydraulic quantities are simulator-assisted proxies, not real distributed measurements. Pressure/head and flow are simulator-assisted hidden hydraulic states because public district-heating datasets do not provide dense distributed hydraulic measurements."
619,154.75,pignn_v3_balanced,65823.25,66583.50045039546,3187.350469991684,0.41113948822021484,62.3137092590332,611.2974878311157,335.10471506291725,251.32853629718795,760.2504503954551,1.154987713908771,simulator_assisted_hidden_state,"PI-GNN-GRU-v3 operational indicators are derived from reconstructed hidden states; hydraulic quantities are simulator-assisted proxies, not real distributed measurements. Pressure/head and flow are simulator-assisted hidden hydraulic states because public district-heating datasets do not provide dense distributed hydraulic measurements."
620,155.0,pignn_v3_balanced,67192.03125,67342.2137732162,3185.87962002182,0.4147142171859741,63.67939758300781,624.6948902893066,345.4264698752104,259.0698524064078,150.18252321619366,0.2235124023225502,simulator_assisted_hidden_state,"PI-GNN-GRU-v3 operational indicators are derived from reconstructed hidden states; hydraulic quantities are simulator-assisted proxies, not real distributed measurements. Pressure/head and flow are simulator-assisted hidden hydraulic states because public district-heating datasets do not provide dense distributed hydraulic measurements."
621,155.25,pignn_v3_balanced,67825.71875,67900.15240701214,3185.648737598419,0.4173385202884674,64.7941780090332,635.6308862686158,353.69767136665496,265.2732535249912,74.4336570121377,0.1097425259679061,simulator_assisted_hidden_state,"PI-GNN-GRU-v3 operational indicators are derived from reconstructed hidden states; hydraulic quantities are simulator-assisted proxies, not real distributed measurements. Pressure/head and flow are simulator-assisted hidden hydraulic states because public district-heating datasets do not provide dense distributed hydraulic measurements."
622,155.5,pignn_v3_balanced,68035.5625,68242.90360671158,3186.0026559791563,0.4186909794807434,65.67705535888672,644.2919130706787,359.6789495401126,269.75921215508447,207.34110671158123,0.30475401259684043,simulator_assisted_hidden_state,"PI-GNN-GRU-v3 operational indicators are derived from reconstructed hidden states; hydraulic quantities are simulator-assisted proxies, not real distributed measurements. Pressure/head and flow are simulator-assisted hidden hydraulic states because public district-heating datasets do not provide dense distributed hydraulic measurements."
623,155.75,pignn_v3_balanced,67857.5390625,68411.65111447597,3186.164503835678,0.4193076193332672,66.15869903564453,649.0168375396729,362.8502734079548,272.1377050559661,554.1120519759716,0.8165814139908731,simulator_assisted_hidden_state,"PI-GNN-GRU-v3 operational indicators are derived from reconstructed hidden states; hydraulic quantities are simulator-assisted proxies, not real distributed measurements. Pressure/head and flow are simulator-assisted hidden hydraulic states because public district-heating datasets do not provide dense distributed hydraulic measurements."
624,156.0,pignn_v3_balanced,63399.2421875,65417.510542433825,3192.4395667419426,0.415012389421463,59.44053268432617,583.1116256332398,322.6647320713126,241.99854905348445,2018.2683549338253,3.18342662356263,simulator_assisted_hidden_state,"PI-GNN-GRU-v3 operational indicators are derived from reconstructed hidden states; hydraulic quantities are simulator-assisted proxies, not real distributed measurements. Pressure/head and flow are simulator-assisted hidden hydraulic states because public district-heating datasets do not provide dense distributed hydraulic measurements."
625,156.25,pignn_v3_balanced,65137.203125,67190.06940069098,3190.639466491699,0.41890761256217957,60.17774963378906,590.3437239074707,329.73263996419337,247.29947997314503,2052.866275690976,3.1516033498574876,simulator_assisted_hidden_state,"PI-GNN-GRU-v3 operational indicators are derived from reconstructed hidden states; hydraulic quantities are simulator-assisted proxies, not real distributed measurements. Pressure/head and flow are simulator-assisted hidden hydraulic states because public district-heating datasets do not provide dense distributed hydraulic measurements."
626,156.5,pignn_v3_balanced,63020.65625,66174.78379785437,3191.791407217025,0.4111725389957428,59.58061218261719,584.4858055114746,320.4326835454999,240.32451265912493,3154.1275478543685,5.004910668245173,simulator_assisted_hidden_state,"PI-GNN-GRU-v3 operational indicators are derived from reconstructed hidden states; hydraulic quantities are simulator-assisted proxies, not real distributed measurements. Pressure/head and flow are simulator-assisted hidden hydraulic states because public district-heating datasets do not provide dense distributed hydraulic measurements."
627,156.75,pignn_v3_balanced,63123.60546875,65502.21730050576,3192.374844308853,0.4072461724281311,59.78230285644531,586.4643910217285,318.447171345325,238.83537850899376,2378.611831755763,3.7681811963882823,simulator_assisted_hidden_state,"PI-GNN-GRU-v3 operational indicators are derived from reconstructed hidden states; hydraulic quantities are simulator-assisted proxies, not real distributed measurements. Pressure/head and flow are simulator-assisted hidden hydraulic states because public district-heating datasets do not provide dense distributed hydraulic measurements."
628,157.0,pignn_v3_balanced,66008.4375,66668.01388543633,3189.4044875450136,0.4117600619792938,60.71076965332031,595.5726502990723,326.9773752004244,245.23303140031828,659.5763854363322,0.9992304172270889,simulator_assisted_hidden_state,"PI-GNN-GRU-v3 operational indicators are derived from reconstructed hidden states; hydraulic quantities are simulator-assisted proxies, not real distributed measurements. Pressure/head and flow are simulator-assisted hidden hydraulic states because public district-heating datasets do not provide dense distributed hydraulic measurements."
629,157.25,pignn_v3_balanced,65722.2109375,67148.04772506256,3189.3010529308312,0.4135231375694275,61.760379791259766,605.8693257522583,334.05464605619653,250.54098454214738,1425.8367875625554,2.1694899901016518,simulator_assisted_hidden_state,"PI-GNN-GRU-v3 operational indicators are derived from reconstructed hidden states; hydraulic quantities are simulator-assisted proxies, not real distributed measurements. Pressure/head and flow are simulator-assisted hidden hydraulic states because public district-heating datasets do not provide dense distributed hydraulic measurements."
630,157.5,pignn_v3_balanced,65823.25,67096.37491250286,3190.354496435165,0.41366899013519287,62.24751663208008,610.6481381607056,336.8082648544997,252.6061986408748,1273.1249125028553,1.934156870866837,simulator_assisted_hidden_state,"PI-GNN-GRU-v3 operational indicators are derived from reconstructed hidden states; hydraulic quantities are simulator-assisted proxies, not real distributed measurements. Pressure/head and flow are simulator-assisted hidden hydraulic states because public district-heating datasets do not provide dense distributed hydraulic measurements."
631,157.75,pignn_v3_balanced,67192.03125,67829.5144106054,3188.8199158229822,0.41705846786499023,63.60065841674805,623.9224590682984,346.9495264607754,260.2121448455816,637.4831606054067,0.9487481606762808,simulator_assisted_hidden_state,"PI-GNN-GRU-v3 operational indicators are derived from reconstructed hidden states; hydraulic quantities are simulator-assisted proxies, not real distributed measurements. Pressure/head and flow are simulator-assisted hidden hydraulic states because public district-heating datasets do not provide dense distributed hydraulic measurements."
632,158.0,pignn_v3_balanced,67825.71875,68358.46906103211,3188.4864881629933,0.41954922676086426,64.70366668701172,634.742970199585,355.0745631188402,266.3059223391302,532.7503110321122,0.7854694662297438,simulator_assisted_hidden_state,"PI-GNN-GRU-v3 operational indicators are derived from reconstructed hidden states; hydraulic quantities are simulator-assisted proxies, not real distributed measurements. Pressure/head and flow are simulator-assisted hidden hydraulic states because public district-heating datasets do not provide dense distributed hydraulic measurements."
633,158.25,pignn_v3_balanced,68035.5625,68674.25216140227,3188.7339130096434,0.42079946398735046,65.57978057861328,643.3376474761963,360.95484962782194,270.7161372208665,638.6896614022698,0.9387585520473499,simulator_assisted_hidden_state,"PI-GNN-GRU-v3 operational indicators are derived from reconstructed hidden states; hydraulic quantities are simulator-assisted proxies, not real distributed measurements. Pressure/head and flow are simulator-assisted hidden hydraulic states because public district-heating datasets do not provide dense distributed hydraulic measurements."
634,158.5,pignn_v3_balanced,67857.5390625,68820.35992332906,3188.799314603805,0.4213237762451172,66.05733871459961,648.0224927902221,364.0363783388675,273.02728375415063,962.8208608290588,1.4188856155574037,simulator_assisted_hidden_state,"PI-GNN-GRU-v3 operational indicators are derived from reconstructed hidden states; hydraulic quantities are simulator-assisted proxies, not real distributed measurements. Pressure/head and flow are simulator-assisted hidden hydraulic states because public district-heating datasets do not provide dense distributed hydraulic measurements."
635,158.75,pignn_v3_balanced,68844.421875,69025.9577537818,3189.1157578468315,0.4221739172935486,67.6065902709961,663.2206505584717,373.32594676832764,279.99446007624573,181.53587878179678,0.26369003303043104,simulator_assisted_hidden_state,"PI-GNN-GRU-v3 operational indicators are derived from reconstructed hidden states; hydraulic quantities are simulator-assisted proxies, not real distributed measurements. Pressure/head and flow are simulator-assisted hidden hydraulic states because public district-heating datasets do not provide dense distributed hydraulic measurements."
636,159.0,pignn_v3_balanced,65137.203125,69839.10939890906,3195.2139882316587,0.4319343566894531,60.892616271972656,597.3565656280517,344.0250985183648,258.0188238887736,4701.906273909059,7.2184650987945815,simulator_assisted_hidden_state,"PI-GNN-GRU-v3 operational indicators are derived from reconstructed hidden states; hydraulic quantities are simulator-assisted proxies, not real distributed measurements. Pressure/head and flow are simulator-assisted hidden hydraulic states because public district-heating datasets do not provide dense distributed hydraulic measurements."
637,159.25,pignn_v3_balanced,63020.65625,67386.28369011436,3194.1735700664517,0.4167734980583191,59.922950744628906,587.8441468048096,326.66381516926475,244.99786137694855,4365.62744011436,6.927296064319164,simulator_assisted_hidden_state,"PI-GNN-GRU-v3 operational indicators are derived from reconstructed hidden states; hydraulic quantities are simulator-assisted proxies, not real distributed measurements. Pressure/head and flow are simulator-assisted hidden hydraulic states because public district-heating datasets do not provide dense distributed hydraulic measurements."
638,159.5,pignn_v3_balanced,63123.60546875,66300.28368528608,3194.45356769371,0.41107431054115295,60.03755187988281,588.9683839416504,322.81302981246796,242.10977235935098,3176.6782165360783,5.032472706440582,simulator_assisted_hidden_state,"PI-GNN-GRU-v3 operational indicators are derived from reconstructed hidden states; hydraulic quantities are simulator-assisted proxies, not real distributed measurements. Pressure/head and flow are simulator-assisted hidden hydraulic states because public district-heating datasets do not provide dense distributed hydraulic measurements."
639,159.75,pignn_v3_balanced,66008.4375,67422.11029980192,3191.6181834125514,0.41502150893211365,60.8962516784668,597.3922289657593,330.5741657195842,247.93062428968813,1413.6727998019196,2.1416546934653913,simulator_assisted_hidden_state,"PI-GNN-GRU-v3 operational indicators are derived from reconstructed hidden states; hydraulic quantities are simulator-assisted proxies, not real distributed measurements. Pressure/head and flow are simulator-assisted hidden hydraulic states because public district-heating datasets do not provide dense distributed hydraulic measurements."
640,160.0,pignn_v3_balanced,65722.2109375,67808.6284919389,3191.5310028476715,0.41626545786857605,61.858978271484375,606.8365768432617,336.80680734807953,252.60510551105966,2086.4175544389,3.1746003743285893,simulator_assisted_hidden_state,"PI-GNN-GRU-v3 operational indicators are derived from reconstructed hidden states; hydraulic quantities are simulator-assisted proxies, not real distributed measurements. Pressure/head and flow are simulator-assisted hidden hydraulic states because public district-heating datasets do not provide dense distributed hydraulic measurements."
641,160.25,pignn_v3_balanced,65823.25,67676.02263270183,3192.514635601043,0.4160536229610443,62.29458236694336,611.1098530197144,339.0059578347246,254.25446837604346,1852.7726327018318,2.8147692991486015,simulator_assisted_hidden_state,"PI-GNN-GRU-v3 operational indicators are derived from reconstructed hidden states; hydraulic quantities are simulator-assisted proxies, not real distributed measurements. Pressure/head and flow are simulator-assisted hidden hydraulic states because public district-heating datasets do not provide dense distributed hydraulic measurements."
642,160.5,pignn_v3_balanced,67192.03125,68377.09973872548,3190.97487773323,0.4191960096359253,63.62515640258789,624.1627843093872,348.86206472765844,261.6465485457438,1185.0684887254756,1.7637039194666044,simulator_assisted_hidden_state,"PI-GNN-GRU-v3 operational indicators are derived from reconstructed hidden states; hydraulic quantities are simulator-assisted proxies, not real distributed measurements. Pressure/head and flow are simulator-assisted hidden hydraulic states because public district-heating datasets do not provide dense distributed hydraulic measurements."
643,160.75,pignn_v3_balanced,67825.71875,68872.72681952441,3190.599692447662,0.42150962352752686,64.7066879272461,634.7726085662841,356.7503510164808,267.5627632623606,1047.0080695244105,1.5436741236515248,simulator_assisted_hidden_state,"PI-GNN-GRU-v3 operational indicators are derived from reconstructed hidden states; hydraulic quantities are simulator-assisted proxies, not real distributed measurements. Pressure/head and flow are simulator-assisted hidden hydraulic states because public district-heating datasets do not provide dense distributed hydraulic measurements."
644,161.0,pignn_v3_balanced,68035.5625,69158.56428417598,3190.7936064090723,0.42263010144233704,65.56910705566406,643.2329402160644,362.4661370327574,271.84960277456804,1123.0017841759836,1.6506099794147855,simulator_assisted_hidden_state,"PI-GNN-GRU-v3 operational indicators are derived from reconstructed hidden states; hydraulic quantities are simulator-assisted proxies, not real distributed measurements. Pressure/head and flow are simulator-assisted hidden hydraulic states because public district-heating datasets do not provide dense distributed hydraulic measurements."
645,161.25,pignn_v3_balanced,67857.5390625,69280.00832708503,3190.806356849669,0.4230465292930603,66.03759765625,647.8288330078125,365.41565250657146,274.0617393799286,1422.46926458503,2.096258255512138,simulator_assisted_hidden_state,"PI-GNN-GRU-v3 operational indicators are derived from reconstructed hidden states; hydraulic quantities are simulator-assisted proxies, not real distributed measurements. Pressure/head and flow are simulator-assisted hidden hydraulic states because public district-heating datasets do not provide dense distributed hydraulic measurements."
646,161.5,pignn_v3_balanced,68844.421875,69464.87487780907,3191.06485848999,0.42382562160491943,67.5825080871582,662.984404335022,374.6530363755439,280.9897772816579,620.4530028090667,0.9012393247133601,simulator_assisted_hidden_state,"PI-GNN-GRU-v3 operational indicators are derived from reconstructed hidden states; hydraulic quantities are simulator-assisted proxies, not real distributed measurements. Pressure/head and flow are simulator-assisted hidden hydraulic states because public district-heating datasets do not provide dense distributed hydraulic measurements."
647,161.75,pignn_v3_balanced,71047.0390625,70113.69078690946,3189.87270711708,0.4243674874305725,70.14262771606445,688.0991778945922,389.3425589682276,292.0069192261707,-933.3482755905425,-1.313704677783232,simulator_assisted_hidden_state,"PI-GNN-GRU-v3 operational indicators are derived from reconstructed hidden states; hydraulic quantities are simulator-assisted proxies, not real distributed measurements. Pressure/head and flow are simulator-assisted hidden hydraulic states because public district-heating datasets do not provide dense distributed hydraulic measurements."
648,162.0,pignn_v3_balanced,63020.65625,64715.111239558275,3185.2227203407283,0.41277021169662476,59.955352783203125,588.1620108032226,323.70101028154494,242.7757577111587,1694.454989558275,2.6887295220101346,simulator_assisted_hidden_state,"PI-GNN-GRU-v3 operational indicators are derived from reconstructed hidden states; hydraulic quantities are simulator-assisted proxies, not real distributed measurements. Pressure/head and flow are simulator-assisted hidden hydraulic states because public district-heating datasets do not provide dense distributed hydraulic measurements."
649,162.25,pignn_v3_balanced,63123.60546875,64313.87229229316,3187.172540571212,0.4085286557674408,60.17275619506836,590.2947382736206,321.53642124468735,241.15231593351552,1190.266823543163,1.8856128617881576,simulator_assisted_hidden_state,"PI-GNN-GRU-v3 operational indicators are derived from reconstructed hidden states; hydraulic quantities are simulator-assisted proxies, not real distributed measurements. Pressure/head and flow are simulator-assisted hidden hydraulic states because public district-heating datasets do not provide dense distributed hydraulic measurements."
650,162.5,pignn_v3_balanced,66008.4375,65929.75937346883,3184.451902170181,0.41240599751472473,61.119571685791016,599.5829982376099,329.6954993080679,247.27162448105094,-78.6781265311729,-0.11919404474795042,simulator_assisted_hidden_state,"PI-GNN-GRU-v3 operational indicators are derived from reconstructed hidden states; hydraulic quantities are simulator-assisted proxies, not real distributed measurements. Pressure/head and flow are simulator-assisted hidden hydraulic states because public district-heating datasets do not provide dense distributed hydraulic measurements."
651,162.75,pignn_v3_balanced,65722.2109375,66515.28885705772,3185.0828320255273,0.4136250615119934,62.00912857055664,608.3095512771606,335.4827674204649,251.61207556534868,793.0779195577197,1.2067121727111627,simulator_assisted_hidden_state,"PI-GNN-GRU-v3 operational indicators are derived from reconstructed hidden states; hydraulic quantities are simulator-assisted proxies, not real distributed measurements. Pressure/head and flow are simulator-assisted hidden hydraulic states because public district-heating datasets do not provide dense distributed hydraulic measurements."
652,163.0,pignn_v3_balanced,65823.25,66492.54528588787,3186.7039275169363,0.4133452773094177,62.39186477661133,612.0641934585572,337.32512503505654,252.9938437762924,669.2952858878707,1.016806805935396,simulator_assisted_hidden_state,"PI-GNN-GRU-v3 operational indicators are derived from reconstructed hidden states; hydraulic quantities are simulator-assisted proxies, not real distributed measurements. Pressure/head and flow are simulator-assisted hidden hydraulic states because public district-heating datasets do not provide dense distributed hydraulic measurements."
653,163.25,pignn_v3_balanced,67192.03125,67290.37982126778,3185.4269564723963,0.416574627161026,63.71419906616211,625.0362928390502,347.1656808687164,260.37426065153727,98.34857126777933,0.1463693974391931,simulator_assisted_hidden_state,"PI-GNN-GRU-v3 operational indicators are derived from reconstructed hidden states; hydraulic quantities are simulator-assisted proxies, not real distributed measurements. Pressure/head and flow are simulator-assisted hidden hydraulic states because public district-heating datasets do not provide dense distributed hydraulic measurements."
654,163.5,pignn_v3_balanced,67825.71875,67859.51629332936,3185.3662982254023,0.41894176602363586,64.78271865844727,635.5184700393677,354.99364023857567,266.24523017893176,33.79754332936136,0.04982998183024985,simulator_assisted_hidden_state,"PI-GNN-GRU-v3 operational indicators are derived from reconstructed hidden states; hydraulic quantities are simulator-assisted proxies, not real distributed measurements. Pressure/head and flow are simulator-assisted hidden hydraulic states because public district-heating datasets do not provide dense distributed hydraulic measurements."
655,163.75,pignn_v3_balanced,68035.5625,68201.73081501876,3185.8466861000056,0.42011576890945435,65.63651657104492,643.8942275619506,360.68015801139745,270.5101185085481,166.16831501876004,0.2442374383525675,simulator_assisted_hidden_state,"PI-GNN-GRU-v3 operational indicators are derived from reconstructed hidden states; hydraulic quantities are simulator-assisted proxies, not real distributed measurements. Pressure/head and flow are simulator-assisted hidden hydraulic states because public district-heating datasets do not provide dense distributed hydraulic measurements."
656,164.0,pignn_v3_balanced,67857.5390625,68368.98038349011,3186.091078977584,0.4206010103225708,66.09947204589844,648.4358207702637,363.6436817937578,272.73276134531835,511.4413209901104,0.7536985986465686,simulator_assisted_hidden_state,"PI-GNN-GRU-v3 operational indicators are derived from reconstructed hidden states; hydraulic quantities are simulator-assisted proxies, not real distributed measurements. Pressure/head and flow are simulator-assisted hidden hydraulic states because public district-heating datasets do not provide dense distributed hydraulic measurements."
657,164.25,pignn_v3_balanced,68844.421875,68592.97539505237,3186.5681815452563,0.4214414358139038,67.63860702514648,663.5347349166871,372.8547085275822,279.64103139568664,-251.44647994762636,-0.36523871230144794,simulator_assisted_hidden_state,"PI-GNN-GRU-v3 operational indicators are derived from reconstructed hidden states; hydraulic quantities are simulator-assisted proxies, not real distributed measurements. Pressure/head and flow are simulator-assisted hidden hydraulic states because public district-heating datasets do not provide dense distributed hydraulic measurements."
658,164.5,pignn_v3_balanced,71047.0390625,69270.80512869594,3185.5363849525447,0.42203930020332336,70.1889419555664,688.5535205841064,387.4621946398012,290.5966459798509,-1776.233933804062,-2.500081575871883,simulator_assisted_hidden_state,"PI-GNN-GRU-v3 operational indicators are derived from reconstructed hidden states; hydraulic quantities are simulator-assisted proxies, not real distributed measurements. Pressure/head and flow are simulator-assisted hidden hydraulic states because public district-heating datasets do not provide dense distributed hydraulic measurements."
659,164.75,pignn_v3_balanced,71950.109375,70081.2336060002,3185.1513006248474,0.4265439510345459,72.6364517211914,712.5635913848877,405.2529195102343,303.9396896326757,-1868.875768999802,-2.5974606365910082,simulator_assisted_hidden_state,"PI-GNN-GRU-v3 operational indicators are derived from reconstructed hidden states; hydraulic quantities are simulator-assisted proxies, not real distributed measurements. Pressure/head and flow are simulator-assisted hidden hydraulic states because public district-heating datasets do not provide dense distributed hydraulic measurements."
660,165.0,pignn_v3_balanced,63123.60546875,64424.594355803805,3184.5437614002226,0.4123782813549042,60.731441497802734,595.7754410934448,327.579803295433,245.68485247157474,1300.9888870538052,2.061018025495824,simulator_assisted_hidden_state,"PI-GNN-GRU-v3 operational indicators are derived from reconstructed hidden states; hydraulic quantities are simulator-assisted proxies, not real distributed measurements. Pressure/head and flow are simulator-assisted hidden hydraulic states because public district-heating datasets do not provide dense distributed hydraulic measurements."
661,165.25,pignn_v3_balanced,66008.4375,66503.59875038262,3183.433820858001,0.4165599048137665,61.6607780456543,604.8922326278687,335.9651344614022,251.97385084605168,495.16125038261816,0.7501484191056911,simulator_assisted_hidden_state,"PI-GNN-GRU-v3 operational indicators are derived from reconstructed hidden states; hydraulic quantities are simulator-assisted proxies, not real distributed measurements. Pressure/head and flow are simulator-assisted hidden hydraulic states because public district-heating datasets do not provide dense distributed hydraulic measurements."
662,165.5,pignn_v3_balanced,65722.2109375,67013.83141095993,3185.1387684860224,0.4165753722190857,62.35225296020508,611.6756015396118,339.7453218515959,254.80899138869694,1291.6204734599305,1.9652724018798238,simulator_assisted_hidden_state,"PI-GNN-GRU-v3 operational indicators are derived from reconstructed hidden states; hydraulic quantities are simulator-assisted proxies, not real distributed measurements. Pressure/head and flow are simulator-assisted hidden hydraulic states because public district-heating datasets do not provide dense distributed hydraulic measurements."
663,165.75,pignn_v3_balanced,65823.25,66890.46893745248,3187.129411148071,0.4154540002346039,62.63084411621094,614.4085807800293,340.3446702180386,255.25850266352893,1067.218937452475,1.6213403887721665,simulator_assisted_hidden_state,"PI-GNN-GRU-v3 operational indicators are derived from reconstructed hidden states; hydraulic quantities are simulator-assisted proxies, not real distributed measurements. Pressure/head and flow are simulator-assisted hidden hydraulic states because public district-heating datasets do not provide dense distributed hydraulic measurements."
664,166.0,pignn_v3_balanced,67192.03125,67660.01711334553,3186.0643275775906,0.41835740208625793,63.900787353515625,626.8667239379882,349.67244544136025,262.2543340810202,467.98586334552965,0.6964901263429653,simulator_assisted_hidden_state,"PI-GNN-GRU-v3 operational indicators are derived from reconstructed hidden states; hydraulic quantities are simulator-assisted proxies, not real distributed measurements. Pressure/head and flow are simulator-assisted hidden hydraulic states because public district-heating datasets do not provide dense distributed hydraulic measurements."
665,166.25,pignn_v3_balanced,67825.71875,68194.79813068418,3186.102975076675,0.42044728994369507,64.92401123046875,636.9045501708985,357.0463894295499,267.7847920721624,369.079380684183,0.5441584512278876,simulator_assisted_hidden_state,"PI-GNN-GRU-v3 operational indicators are derived from reconstructed hidden states; hydraulic quantities are simulator-assisted proxies, not real distributed measurements. Pressure/head and flow are simulator-assisted hidden hydraulic states because public district-heating datasets do not provide dense distributed hydraulic measurements."
666,166.5,pignn_v3_balanced,68035.5625,68505.7280343067,3186.6165744667046,0.4214205741882324,65.74842071533203,644.9920072174073,362.41720270450713,271.81290202838034,470.1655343066959,0.6910584950432296,simulator_assisted_hidden_state,"PI-GNN-GRU-v3 operational indicators are derived from reconstructed hidden states; hydraulic quantities are simulator-assisted proxies, not real distributed measurements. Pressure/head and flow are simulator-assisted hidden hydraulic states because public district-heating datasets do not provide dense distributed hydraulic measurements."
667,166.75,pignn_v3_balanced,67857.5390625,68648.27226648378,3186.861358131408,0.4217609763145447,66.1915512084961,649.3391173553467,365.15453346002096,273.8659000950157,790.7332039837784,1.1652842335697964,simulator_assisted_hidden_state,"PI-GNN-GRU-v3 operational indicators are derived from reconstructed hidden states; hydraulic quantities are simulator-assisted proxies, not real distributed measurements. Pressure/head and flow are simulator-assisted hidden hydraulic states because public district-heating datasets do not provide dense distributed hydraulic measurements."
668,167.0,pignn_v3_balanced,68844.421875,68852.43094607718,3187.3220314693444,0.4225052297115326,67.71847534179688,664.3182431030274,374.23724253840845,280.6779319038063,8.009071077176486,0.01163358026554201,simulator_assisted_hidden_state,"PI-GNN-GRU-v3 operational indicators are derived from reconstructed hidden states; hydraulic quantities are simulator-assisted proxies, not real distributed measurements. Pressure/head and flow are simulator-assisted hidden hydraulic states because public district-heating datasets do not provide dense distributed hydraulic measurements."
669,167.25,pignn_v3_balanced,71047.0390625,69514.35509338518,3186.2668226852416,0.42305639386177063,70.26523208618164,689.3019267654419,388.81811655914424,291.61358741935817,-1532.6839691148198,-2.1572805698018174,simulator_assisted_hidden_state,"PI-GNN-GRU-v3 operational indicators are derived from reconstructed hidden states; hydraulic quantities are simulator-assisted proxies, not real distributed measurements. Pressure/head and flow are simulator-assisted hidden hydraulic states because public district-heating datasets do not provide dense distributed hydraulic measurements."
670,167.5,pignn_v3_balanced,71950.109375,70313.39173883773,3185.857889562606,0.42750731110572815,72.7092399597168,713.2776440048218,406.5752102137736,304.9314076603302,-1636.7176361622696,-2.2747952023697247,simulator_assisted_hidden_state,"PI-GNN-GRU-v3 operational indicators are derived from reconstructed hidden states; hydraulic quantities are simulator-assisted proxies, not real distributed measurements. Pressure/head and flow are simulator-assisted hidden hydraulic states because public district-heating datasets do not provide dense distributed hydraulic measurements."
671,167.75,pignn_v3_balanced,72787.5859375,70938.31133755778,3185.3616707668302,0.4316919445991516,75.26421737670898,738.3419724655151,424.9817091637487,318.7362818728115,-1849.2745999422186,-2.540645600652455,simulator_assisted_hidden_state,"PI-GNN-GRU-v3 operational indicators are derived from reconstructed hidden states; hydraulic quantities are simulator-assisted proxies, not real distributed measurements. Pressure/head and flow are simulator-assisted hidden hydraulic states because public district-heating datasets do not provide dense distributed hydraulic measurements."
672,168.0,pignn_v3_balanced,66008.4375,69726.20581039543,3191.896803852081,0.43115735054016113,62.196990966796875,610.1524813842774,350.7623030655334,263.07172729915004,3717.768310395433,5.6322622549510175,simulator_assisted_hidden_state,"PI-GNN-GRU-v3 operational indicators are derived from reconstructed hidden states; hydraulic quantities are simulator-assisted proxies, not real distributed measurements. Pressure/head and flow are simulator-assisted hidden hydraulic states because public district-heating datasets do not provide dense distributed hydraulic measurements."
673,168.25,pignn_v3_balanced,65722.2109375,69121.63013785545,3192.8354987812036,0.4253377914428711,62.49911880493164,613.1163554763793,347.7087420477673,260.7815565358255,3399.419200355449,5.172405419513659,simulator_assisted_hidden_state,"PI-GNN-GRU-v3 operational indicators are derived from reconstructed hidden states; hydraulic quantities are simulator-assisted proxies, not real distributed measurements. Pressure/head and flow are simulator-assisted hidden hydraulic states because public district-heating datasets do not provide dense distributed hydraulic measurements."
674,168.5,pignn_v3_balanced,65823.25,68478.77085426748,3194.17425461769,0.4217732846736908,62.66777801513672,614.7709023284912,345.72525706252867,259.2939427968965,2655.520854267481,4.034320478352985,simulator_assisted_hidden_state,"PI-GNN-GRU-v3 operational indicators are derived from reconstructed hidden states; hydraulic quantities are simulator-assisted proxies, not real distributed measurements. Pressure/head and flow are simulator-assisted hidden hydraulic states because public district-heating datasets do not provide dense distributed hydraulic measurements."
675,168.75,pignn_v3_balanced,67192.03125,69052.37062819477,3192.8804527759544,0.42382368445396423,63.85771560668945,626.4441901016236,354.00251300486633,265.50188475364973,1860.339378194767,2.7686904884197365,simulator_assisted_hidden_state,"PI-GNN-GRU-v3 operational indicators are derived from reconstructed hidden states; hydraulic quantities are simulator-assisted proxies, not real distributed measurements. Pressure/head and flow are simulator-assisted hidden hydraulic states because public district-heating datasets do not provide dense distributed hydraulic measurements."
676,169.0,pignn_v3_balanced,67825.71875,69433.75335461838,3192.5923995437615,0.4252977669239044,64.81119537353516,635.7978266143799,360.5378611655567,270.40339587416753,1608.034604618384,2.3708331209072284,simulator_assisted_hidden_state,"PI-GNN-GRU-v3 operational indicators are derived from reconstructed hidden states; hydraulic quantities are simulator-assisted proxies, not real distributed measurements. Pressure/head and flow are simulator-assisted hidden hydraulic states because public district-heating datasets do not provide dense distributed hydraulic measurements."
677,169.25,pignn_v3_balanced,68035.5625,69628.5727458403,3192.7799207668295,0.42584773898124695,65.59119415283203,643.4496146392822,365.34875138999064,274.011563542493,1593.010245840298,2.3414376060171445,simulator_assisted_hidden_state,"PI-GNN-GRU-v3 operational indicators are derived from reconstructed hidden states; hydraulic quantities are simulator-assisted proxies, not real distributed measurements. Pressure/head and flow are simulator-assisted hidden hydraulic states because public district-heating datasets do not provide dense distributed hydraulic measurements."
678,169.5,pignn_v3_balanced,67857.5390625,69684.73045219183,3192.737564832687,0.42587319016456604,66.00612258911133,647.5200625991821,367.6819130062309,275.7614347546732,1827.1913896918268,2.6926873784928995,simulator_assisted_hidden_state,"PI-GNN-GRU-v3 operational indicators are derived from reconstructed hidden states; hydraulic quantities are simulator-assisted proxies, not real distributed measurements. Pressure/head and flow are simulator-assisted hidden hydraulic states because public district-heating datasets do not provide dense distributed hydraulic measurements."
679,169.75,pignn_v3_balanced,68844.421875,69821.46006452419,3192.927802700042,0.4264078438282013,67.52079010009766,662.378950881958,376.5914403236823,282.44358024276175,977.038189524188,1.4191973189900333,simulator_assisted_hidden_state,"PI-GNN-GRU-v3 operational indicators are derived from reconstructed hidden states; hydraulic quantities are simulator-assisted proxies, not real distributed measurements. Pressure/head and flow are simulator-assisted hidden hydraulic states because public district-heating datasets do not provide dense distributed hydraulic measurements."
680,170.0,pignn_v3_balanced,71047.0390625,70434.06631711336,3191.67708716011,0.4268489480018616,70.07528686523438,687.4385641479493,391.2432372299498,293.43242792246235,-612.9727453866362,-0.8627702906062065,simulator_assisted_hidden_state,"PI-GNN-GRU-v3 operational indicators are derived from reconstructed hidden states; hydraulic quantities are simulator-assisted proxies, not real distributed measurements. Pressure/head and flow are simulator-assisted hidden hydraulic states because public district-heating datasets do not provide dense distributed hydraulic measurements."
681,170.25,pignn_v3_balanced,71950.109375,71195.07089319332,3191.0524395446773,0.4311293363571167,72.5272331237793,711.4921569442749,408.993521928905,306.74514144667876,-755.0384818066814,-1.049391708178597,simulator_assisted_hidden_state,"PI-GNN-GRU-v3 operational indicators are derived from reconstructed hidden states; hydraulic quantities are simulator-assisted proxies, not real distributed measurements. Pressure/head and flow are simulator-assisted hidden hydraulic states because public district-heating datasets do not provide dense distributed hydraulic measurements."
682,170.5,pignn_v3_balanced,72787.5859375,71786.1187542296,3190.3737581977844,0.4351697862148285,75.0902099609375,736.6349597167969,427.41503725110306,320.5612779383273,-1001.4671832704043,-1.3758763536000866,simulator_assisted_hidden_state,"PI-GNN-GRU-v3 operational indicators are derived from reconstructed hidden states; hydraulic quantities are simulator-assisted proxies, not real distributed measurements. Pressure/head and flow are simulator-assisted hidden hydraulic states because public district-heating datasets do not provide dense distributed hydraulic measurements."
683,170.75,pignn_v3_balanced,72137.828125,71816.03730013654,3188.8689744300837,0.43557432293891907,76.76607131958008,753.0751596450806,437.36027037936583,328.0202027845244,-321.79082486346306,-0.4460777836364381,simulator_assisted_hidden_state,"PI-GNN-GRU-v3 operational indicators are derived from reconstructed hidden states; hydraulic quantities are simulator-assisted proxies, not real distributed measurements. Pressure/head and flow are simulator-assisted hidden hydraulic states because public district-heating datasets do not provide dense distributed hydraulic measurements."
684,171.0,pignn_v3_balanced,65722.2109375,68365.18488296398,3188.9870729942318,0.42523664236068726,62.95081329345703,617.5474784088135,350.1384216224971,262.6038162168728,2642.9739454639785,4.021431883929427,simulator_assisted_hidden_state,"PI-GNN-GRU-v3 operational indicators are derived from reconstructed hidden states; hydraulic quantities are simulator-assisted proxies, not real distributed measurements. Pressure/head and flow are simulator-assisted hidden hydraulic states because public district-heating datasets do not provide dense distributed hydraulic measurements."
685,171.25,pignn_v3_balanced,65823.25,67763.68366519678,3191.071582723617,0.4211643636226654,63.0007438659668,618.0372973251343,347.060380030683,260.29528502301224,1940.433665196775,2.9479456957788854,simulator_assisted_hidden_state,"PI-GNN-GRU-v3 operational indicators are derived from reconstructed hidden states; hydraulic quantities are simulator-assisted proxies, not real distributed measurements. Pressure/head and flow are simulator-assisted hidden hydraulic states because public district-heating datasets do not provide dense distributed hydraulic measurements."
686,171.5,pignn_v3_balanced,67192.03125,68502.50585690612,3190.0920033760067,0.4233352243900299,64.1551513671875,629.3620349121094,355.24149102944483,266.4311182720836,1310.474606906122,1.9503422988215169,simulator_assisted_hidden_state,"PI-GNN-GRU-v3 operational indicators are derived from reconstructed hidden states; hydraulic quantities are simulator-assisted proxies, not real distributed measurements. Pressure/head and flow are simulator-assisted hidden hydraulic states because public district-heating datasets do not provide dense distributed hydraulic measurements."
687,171.75,pignn_v3_balanced,67825.71875,68935.51630029092,3190.1363671474455,0.42463424801826477,65.02350997924805,637.8806328964233,361.1546171671834,270.86596287538754,1109.7975502909248,1.636248860674145,simulator_assisted_hidden_state,"PI-GNN-GRU-v3 operational indicators are derived from reconstructed hidden states; hydraulic quantities are simulator-assisted proxies, not real distributed measurements. Pressure/head and flow are simulator-assisted hidden hydraulic states because public district-heating datasets do not provide dense distributed hydraulic measurements."
688,172.0,pignn_v3_balanced,68035.5625,69152.32177693817,3190.5709682464594,0.42503809928894043,65.74310302734375,644.9398406982422,365.49867206145717,274.12400404609286,1116.7592769381736,1.6414346202225836,simulator_assisted_hidden_state,"PI-GNN-GRU-v3 operational indicators are derived from reconstructed hidden states; hydraulic quantities are simulator-assisted proxies, not real distributed measurements. Pressure/head and flow are simulator-assisted hidden hydraulic states because public district-heating datasets do not provide dense distributed hydraulic measurements."
689,172.25,pignn_v3_balanced,67857.5390625,69225.62771150893,3190.6980872554773,0.4249807596206665,66.11646270751953,648.6024991607666,367.5247770469404,275.6435827852053,1368.0886490089324,2.0161188688980576,simulator_assisted_hidden_state,"PI-GNN-GRU-v3 operational indicators are derived from reconstructed hidden states; hydraulic quantities are simulator-assisted proxies, not real distributed measurements. Pressure/head and flow are simulator-assisted hidden hydraulic states because public district-heating datasets do not provide dense distributed hydraulic measurements."
690,172.5,pignn_v3_balanced,68844.421875,69378.16355712454,3191.035061645507,0.42548415064811707,67.60269165039062,663.182405090332,376.23146980618054,282.1736023546354,533.7416821245424,0.7752867517627657,simulator_assisted_hidden_state,"PI-GNN-GRU-v3 operational indicators are derived from reconstructed hidden states; hydraulic quantities are simulator-assisted proxies, not real distributed measurements. Pressure/head and flow are simulator-assisted hidden hydraulic states because public district-heating datasets do not provide dense distributed hydraulic measurements."
691,172.75,pignn_v3_balanced,71047.0390625,70002.41087737078,3189.8900472850796,0.4259491562843323,70.13838195800781,688.0575270080567,390.77003080555454,293.0775231041659,-1044.6281851292151,-1.4703331749128306,simulator_assisted_hidden_state,"PI-GNN-GRU-v3 operational indicators are derived from reconstructed hidden states; hydraulic quantities are simulator-assisted proxies, not real distributed measurements. Pressure/head and flow are simulator-assisted hidden hydraulic states because public district-heating datasets do not provide dense distributed hydraulic measurements."
692,173.0,pignn_v3_balanced,71950.109375,70779.79538274667,3189.3709418392173,0.43027737736701965,72.57696914672852,711.9800673294068,408.4652214774549,306.3489161080912,-1170.31399225333,-1.6265631872131259,simulator_assisted_hidden_state,"PI-GNN-GRU-v3 operational indicators are derived from reconstructed hidden states; hydraulic quantities are simulator-assisted proxies, not real distributed measurements. Pressure/head and flow are simulator-assisted hidden hydraulic states because public district-heating datasets do not provide dense distributed hydraulic measurements."
693,173.25,pignn_v3_balanced,72787.5859375,71385.36108327967,3188.7789047355645,0.43436673283576965,75.13209915161133,737.0458926773072,426.8642884696869,320.1482163522652,-1402.2248542203306,-1.9264615471989537,simulator_assisted_hidden_state,"PI-GNN-GRU-v3 operational indicators are derived from reconstructed hidden states; hydraulic quantities are simulator-assisted proxies, not real distributed measurements. Pressure/head and flow are simulator-assisted hidden hydraulic states because public district-heating datasets do not provide dense distributed hydraulic measurements."
694,173.5,pignn_v3_balanced,72137.828125,71417.32973189863,3187.322931627273,0.43485966324806213,76.8052749633789,753.4597473907471,436.86566936174694,327.6492520213102,-720.4983931013703,-0.9987802680348166,simulator_assisted_hidden_state,"PI-GNN-GRU-v3 operational indicators are derived from reconstructed hidden states; hydraulic quantities are simulator-assisted proxies, not real distributed measurements. Pressure/head and flow are simulator-assisted hidden hydraulic states because public district-heating datasets do not provide dense distributed hydraulic measurements."
695,173.75,pignn_v3_balanced,72900.734375,71654.04535411224,3186.5854219951625,0.4392414391040802,79.11240768432617,776.0927193832398,454.5227772534577,340.8920829400933,-1246.6890208877594,-1.7101186038467246,simulator_assisted_hidden_state,"PI-GNN-GRU-v3 operational indicators are derived from reconstructed hidden states; hydraulic quantities are simulator-assisted proxies, not real distributed measurements. Pressure/head and flow are simulator-assisted hidden hydraulic states because public district-heating datasets do not provide dense distributed hydraulic measurements."
696,174.0,pignn_v3_balanced,65823.25,67372.4013309062,3187.760173908233,0.4228919744491577,63.465126037597656,622.592886428833,351.05271335985253,263.2895350198894,1549.1513309061993,2.3535017351865783,simulator_assisted_hidden_state,"PI-GNN-GRU-v3 operational indicators are derived from reconstructed hidden states; hydraulic quantities are simulator-assisted proxies, not real distributed measurements. Pressure/head and flow are simulator-assisted hidden hydraulic states because public district-heating datasets do not provide dense distributed hydraulic measurements."
697,174.25,pignn_v3_balanced,67192.03125,68478.82732389067,3187.5866913757322,0.4253661334514618,64.60136413574219,633.7393821716308,359.4283608136864,269.57127061026483,1286.7960738906695,1.9151022077348934,simulator_assisted_hidden_state,"PI-GNN-GRU-v3 operational indicators are derived from reconstructed hidden states; hydraulic quantities are simulator-assisted proxies, not real distributed measurements. Pressure/head and flow are simulator-assisted hidden hydraulic states because public district-heating datasets do not provide dense distributed hydraulic measurements."
698,174.5,pignn_v3_balanced,67825.71875,68926.0625239177,3188.296800092697,0.4260005056858063,65.33367156982422,640.9233180999756,364.04487682188596,273.0336576164145,1100.3437739177025,1.622310524969855,simulator_assisted_hidden_state,"PI-GNN-GRU-v3 operational indicators are derived from reconstructed hidden states; hydraulic quantities are simulator-assisted proxies, not real distributed measurements. Pressure/head and flow are simulator-assisted hidden hydraulic states because public district-heating datasets do not provide dense distributed hydraulic measurements."
699,174.75,pignn_v3_balanced,68035.5625,69113.7944859926,3189.0909442119596,0.42588871717453003,65.9614143371582,647.081474647522,367.446265526715,275.58469914503627,1078.2319859926065,1.5848064547016958,simulator_assisted_hidden_state,"PI-GNN-GRU-v3 operational indicators are derived from reconstructed hidden states; hydraulic quantities are simulator-assisted proxies, not real distributed measurements. Pressure/head and flow are simulator-assisted hidden hydraulic states because public district-heating datasets do not provide dense distributed hydraulic measurements."
700,175.0,pignn_v3_balanced,67857.5390625,69165.23702770869,3189.411117450714,0.42549145221710205,66.27107238769531,650.119220123291,368.8268947793453,276.62017108450897,1307.6979652086884,1.927122591351621,simulator_assisted_hidden_state,"PI-GNN-GRU-v3 operational indicators are derived from reconstructed hidden states; hydraulic quantities are simulator-assisted proxies, not real distributed measurements. Pressure/head and flow are simulator-assisted hidden hydraulic states because public district-heating datasets do not provide dense distributed hydraulic measurements."
701,175.25,pignn_v3_balanced,68844.421875,69304.14755212261,3189.8820105457303,0.42578983306884766,67.71651458740234,664.299008102417,377.1356850236389,282.8517637677292,459.72567712260934,0.6677747660621333,simulator_assisted_hidden_state,"PI-GNN-GRU-v3 operational indicators are derived from reconstructed hidden states; hydraulic quantities are simulator-assisted proxies, not real distributed measurements. Pressure/head and flow are simulator-assisted hidden hydraulic states because public district-heating datasets do not provide dense distributed hydraulic measurements."
702,175.5,pignn_v3_balanced,71047.0390625,69918.64279934391,3188.8171129360194,0.42616963386535645,70.23055648803711,688.961759147644,391.4861075242445,293.6145806431834,-1128.3962631560862,-1.5882382686820167,simulator_assisted_hidden_state,"PI-GNN-GRU-v3 operational indicators are derived from reconstructed hidden states; hydraulic quantities are simulator-assisted proxies, not real distributed measurements. Pressure/head and flow are simulator-assisted hidden hydraulic states because public district-heating datasets do not provide dense distributed hydraulic measurements."
703,175.75,pignn_v3_balanced,71950.109375,70695.04471577545,3188.372693647384,0.43045705556869507,72.65374374389648,712.7332261276246,409.06806123316557,306.8010459248742,-1255.0646592245466,-1.744354067181773,simulator_assisted_hidden_state,"PI-GNN-GRU-v3 operational indicators are derived from reconstructed hidden states; hydraulic quantities are simulator-assisted proxies, not real distributed measurements. Pressure/head and flow are simulator-assisted hidden hydraulic states because public district-heating datasets do not provide dense distributed hydraulic measurements."
704,176.0,pignn_v3_balanced,72787.5859375,71299.89564188164,3187.837409614562,0.4345252513885498,75.19961166381836,737.7081904220581,427.4037825260493,320.552836894537,-1487.6902956183621,-2.043879153920267,simulator_assisted_hidden_state,"PI-GNN-GRU-v3 operational indicators are derived from reconstructed hidden states; hydraulic quantities are simulator-assisted proxies, not real distributed measurements. Pressure/head and flow are simulator-assisted hidden hydraulic states because public district-heating datasets do not provide dense distributed hydraulic measurements."
705,176.25,pignn_v3_balanced,72137.828125,71323.95414625412,3186.4142868804925,0.4350670278072357,76.87403106689453,754.1342447662354,437.46525925080056,328.09894443810043,-813.8739787458762,-1.128220796078862,simulator_assisted_hidden_state,"PI-GNN-GRU-v3 operational indicators are derived from reconstructed hidden states; hydraulic quantities are simulator-assisted proxies, not real distributed measurements. Pressure/head and flow are simulator-assisted hidden hydraulic states because public district-heating datasets do not provide dense distributed hydraulic measurements."
706,176.5,pignn_v3_balanced,72900.734375,71560.34237877528,3185.740044336319,0.43945103883743286,79.17287063598633,776.6858609390259,455.0872112533345,341.31540844000085,-1340.3919962247164,-1.8386536263541124,simulator_assisted_hidden_state,"PI-GNN-GRU-v3 operational indicators are derived from reconstructed hidden states; hydraulic quantities are simulator-assisted proxies, not real distributed measurements. Pressure/head and flow are simulator-assisted hidden hydraulic states because public district-heating datasets do not provide dense distributed hydraulic measurements."
707,176.75,pignn_v3_balanced,73137.171875,72022.05068492534,3185.5414867458344,0.4424991309642792,80.73333358764648,791.994002494812,467.2755437771673,350.45665783287546,-1115.1211900746566,-1.5246982642158073,simulator_assisted_hidden_state,"PI-GNN-GRU-v3 operational indicators are derived from reconstructed hidden states; hydraulic quantities are simulator-assisted proxies, not real distributed measurements. Pressure/head and flow are simulator-assisted hidden hydraulic states because public district-heating datasets do not provide dense distributed hydraulic measurements."
708,177.0,pignn_v3_balanced,67192.03125,70389.79803733453,3190.1510310974113,0.4342871308326721,65.27007293701172,640.2994155120849,370.76506138210715,278.07379603658035,3197.7667873345345,4.75914588061294,simulator_assisted_hidden_state,"PI-GNN-GRU-v3 operational indicators are derived from reconstructed hidden states; hydraulic quantities are simulator-assisted proxies, not real distributed measurements. Pressure/head and flow are simulator-assisted hidden hydraulic states because public district-heating datasets do not provide dense distributed hydraulic measurements."
709,177.25,pignn_v3_balanced,67825.71875,70258.90356596447,3191.315194026947,0.4318197965621948,65.67608261108398,644.2823704147339,370.9518428281321,278.21388212109906,2433.1848159644724,3.587407344598869,simulator_assisted_hidden_state,"PI-GNN-GRU-v3 operational indicators are derived from reconstructed hidden states; hydraulic quantities are simulator-assisted proxies, not real distributed measurements. Pressure/head and flow are simulator-assisted hidden hydraulic states because public district-heating datasets do not provide dense distributed hydraulic measurements."
710,177.5,pignn_v3_balanced,68035.5625,70147.60359466096,3192.2068031501767,0.43023380637168884,66.16528701782227,649.0814656448364,372.3423861462568,279.2567896096926,2112.0410946609627,3.1043192957520747,simulator_assisted_hidden_state,"PI-GNN-GRU-v3 operational indicators are derived from reconstructed hidden states; hydraulic quantities are simulator-assisted proxies, not real distributed measurements. Pressure/head and flow are simulator-assisted hidden hydraulic states because public district-heating datasets do not provide dense distributed hydraulic measurements."
711,177.75,pignn_v3_balanced,67857.5390625,70027.84971975305,3192.4725114440917,0.42898085713386536,66.37570190429688,651.1456356811524,372.4386838846351,279.32901291347633,2170.3106572530523,3.1983338730484956,simulator_assisted_hidden_state,"PI-GNN-GRU-v3 operational indicators are derived from reconstructed hidden states; hydraulic quantities are simulator-assisted proxies, not real distributed measurements. Pressure/head and flow are simulator-assisted hidden hydraulic states because public district-heating datasets do not provide dense distributed hydraulic measurements."
712,178.0,pignn_v3_balanced,68844.421875,70056.63742626389,3192.8389673538204,0.42876094579696655,67.7589340209961,664.7151427459717,380.00519105243797,285.00389328932846,1212.2155512638856,1.7608043153661614,simulator_assisted_hidden_state,"PI-GNN-GRU-v3 operational indicators are derived from reconstructed hidden states; hydraulic quantities are simulator-assisted proxies, not real distributed measurements. Pressure/head and flow are simulator-assisted hidden hydraulic states because public district-heating datasets do not provide dense distributed hydraulic measurements."
713,178.25,pignn_v3_balanced,71047.0390625,70597.36105769307,3191.667732524871,0.4288609027862549,70.24773025512695,689.1302338027954,394.0546856079597,295.54101420596976,-449.67800480693404,-0.6329299725092735,simulator_assisted_hidden_state,"PI-GNN-GRU-v3 operational indicators are derived from reconstructed hidden states; hydraulic quantities are simulator-assisted proxies, not real distributed measurements. Pressure/head and flow are simulator-assisted hidden hydraulic states because public district-heating datasets do not provide dense distributed hydraulic measurements."
714,178.5,pignn_v3_balanced,71950.109375,71325.8301147117,3191.109971494674,0.43293583393096924,72.65365600585938,712.7323654174804,411.42317465547893,308.5673809916092,-624.2792602882982,-0.8676557488392258,simulator_assisted_hidden_state,"PI-GNN-GRU-v3 operational indicators are derived from reconstructed hidden states; hydraulic quantities are simulator-assisted proxies, not real distributed measurements. Pressure/head and flow are simulator-assisted hidden hydraulic states because public district-heating datasets do not provide dense distributed hydraulic measurements."
715,178.75,pignn_v3_balanced,72787.5859375,71892.31353792686,3190.473182527541,0.4368492662906647,75.19058227539062,737.619612121582,429.63811514255707,322.2285863569178,-895.2723995731358,-1.2299795192299317,simulator_assisted_hidden_state,"PI-GNN-GRU-v3 operational indicators are derived from reconstructed hidden states; hydraulic quantities are simulator-assisted proxies, not real distributed measurements. Pressure/head and flow are simulator-assisted hidden hydraulic states because public district-heating datasets do not provide dense distributed hydraulic measurements."
716,179.0,pignn_v3_balanced,72137.828125,71881.59914665655,3188.9869948368064,0.4373316764831543,76.8754997253418,754.148652305603,439.7507925737611,329.8130944303208,-256.2289783434535,-0.35519364112191104,simulator_assisted_hidden_state,"PI-GNN-GRU-v3 operational indicators are derived from reconstructed hidden states; hydraulic quantities are simulator-assisted proxies, not real distributed measurements. Pressure/head and flow are simulator-assisted hidden hydraulic states because public district-heating datasets do not provide dense distributed hydraulic measurements."
717,179.25,pignn_v3_balanced,72900.734375,72085.65451351636,3188.1715999832154,0.4415709674358368,79.18017196655273,776.7574869918823,457.3247399920465,342.99355499403487,-815.0798614836385,-1.118068107916284,simulator_assisted_hidden_state,"PI-GNN-GRU-v3 operational indicators are derived from reconstructed hidden states; hydraulic quantities are simulator-assisted proxies, not real distributed measurements. Pressure/head and flow are simulator-assisted hidden hydraulic states because public district-heating datasets do not provide dense distributed hydraulic measurements."
718,179.5,pignn_v3_balanced,73137.171875,72521.57953259273,3187.8532001094813,0.44446879625320435,80.73453903198242,792.0058279037476,469.3625026052016,352.0218769539012,-615.592342407268,-0.8416955791774223,simulator_assisted_hidden_state,"PI-GNN-GRU-v3 operational indicators are derived from reconstructed hidden states; hydraulic quantities are simulator-assisted proxies, not real distributed measurements. Pressure/head and flow are simulator-assisted hidden hydraulic states because public district-heating datasets do not provide dense distributed hydraulic measurements."
719,179.75,pignn_v3_balanced,73746.3515625,72872.1363097675,3188.5064829883568,0.4471215605735779,81.50787734985352,799.592276802063,476.6865955017583,357.5149466263187,-874.2152527324943,-1.1854352577586122,simulator_assisted_hidden_state,"PI-GNN-GRU-v3 operational indicators are derived from reconstructed hidden states; hydraulic quantities are simulator-assisted proxies, not real distributed measurements. Pressure/head and flow are simulator-assisted hidden hydraulic states because public district-heating datasets do not provide dense distributed hydraulic measurements."
720,180.0,pignn_v3_balanced,67825.71875,70355.071217353,3189.3511464500425,0.4338277280330658,66.26755142211914,650.0846794509888,376.03301268710175,282.0247595153263,2529.3524673530046,3.729193754180459,simulator_assisted_hidden_state,"PI-GNN-GRU-v3 operational indicators are derived from reconstructed hidden states; hydraulic quantities are simulator-assisted proxies, not real distributed measurements. Pressure/head and flow are simulator-assisted hidden hydraulic states because public district-heating datasets do not provide dense distributed hydraulic measurements."
721,180.25,pignn_v3_balanced,68035.5625,70142.93746888863,3190.774067052841,0.4313586354255676,66.57268142700195,653.0780047988892,375.61444930200156,281.7108369765012,2107.374968888631,3.0974609328593865,simulator_assisted_hidden_state,"PI-GNN-GRU-v3 operational indicators are derived from reconstructed hidden states; hydraulic quantities are simulator-assisted proxies, not real distributed measurements. Pressure/head and flow are simulator-assisted hidden hydraulic states because public district-heating datasets do not provide dense distributed hydraulic measurements."
722,180.5,pignn_v3_balanced,67857.5390625,69960.93598510206,3191.290949054717,0.42956048250198364,66.66543579101562,653.9879251098632,374.56982488088534,280.927368660664,2103.3969226020563,3.0997247345865704,simulator_assisted_hidden_state,"PI-GNN-GRU-v3 operational indicators are derived from reconstructed hidden states; hydraulic quantities are simulator-assisted proxies, not real distributed measurements. Pressure/head and flow are simulator-assisted hidden hydraulic states because public district-heating datasets do not provide dense distributed hydraulic measurements."
723,180.75,pignn_v3_balanced,68844.421875,69952.4463099392,3191.8454436435704,0.42899709939956665,67.96501159667969,666.7367637634277,381.37085029008614,286.0281377175646,1108.0244349392015,1.6094614563704641,simulator_assisted_hidden_state,"PI-GNN-GRU-v3 operational indicators are derived from reconstructed hidden states; hydraulic quantities are simulator-assisted proxies, not real distributed measurements. Pressure/head and flow are simulator-assisted hidden hydraulic states because public district-heating datasets do not provide dense distributed hydraulic measurements."
724,181.0,pignn_v3_balanced,71047.0390625,70470.66791159486,3190.7910595550534,0.4289737641811371,70.40438461303711,690.667013053894,395.03737118062867,296.2780283854715,-576.3711509051354,-0.8112528805009064,simulator_assisted_hidden_state,"PI-GNN-GRU-v3 operational indicators are derived from reconstructed hidden states; hydraulic quantities are simulator-assisted proxies, not real distributed measurements. Pressure/head and flow are simulator-assisted hidden hydraulic states because public district-heating datasets do not provide dense distributed hydraulic measurements."
725,181.25,pignn_v3_balanced,71950.109375,71198.41394354225,3190.3303296203608,0.43299078941345215,72.7730484008789,713.9036048126221,412.15158055056855,309.11368541292643,-751.6954314577451,-1.044745363123703,simulator_assisted_hidden_state,"PI-GNN-GRU-v3 operational indicators are derived from reconstructed hidden states; hydraulic quantities are simulator-assisted proxies, not real distributed measurements. Pressure/head and flow are simulator-assisted hidden hydraulic states because public district-heating datasets do not provide dense distributed hydraulic measurements."
726,181.5,pignn_v3_balanced,72787.5859375,71764.80186338165,3189.767399419784,0.4368683397769928,75.28603744506836,738.5560273361206,430.20232732616313,322.65174549462233,-1022.7840741183463,-1.4051627910789253,simulator_assisted_hidden_state,"PI-GNN-GRU-v3 operational indicators are derived from reconstructed hidden states; hydraulic quantities are simulator-assisted proxies, not real distributed measurements. Pressure/head and flow are simulator-assisted hidden hydraulic states because public district-heating datasets do not provide dense distributed hydraulic measurements."
727,181.75,pignn_v3_balanced,72137.828125,71740.63380426102,3188.3383448066706,0.43742814660072327,76.96493148803711,755.025977897644,440.35948552955347,330.2696141471651,-397.19432073898497,-0.550604767377705,simulator_assisted_hidden_state,"PI-GNN-GRU-v3 operational indicators are derived from reconstructed hidden states; hydraulic quantities are simulator-assisted proxies, not real distributed measurements. Pressure/head and flow are simulator-assisted hidden hydraulic states because public district-heating datasets do not provide dense distributed hydraulic measurements."
728,182.0,pignn_v3_balanced,72900.734375,71945.42162482183,3187.5959732437127,0.44166791439056396,79.25345230102539,777.4763670730591,457.84848737748075,343.38636553311056,-955.312750178171,-1.3104295290964563,simulator_assisted_hidden_state,"PI-GNN-GRU-v3 operational indicators are derived from reconstructed hidden states; hydraulic quantities are simulator-assisted proxies, not real distributed measurements. Pressure/head and flow are simulator-assisted hidden hydraulic states because public district-heating datasets do not provide dense distributed hydraulic measurements."
729,182.25,pignn_v3_balanced,73137.171875,72387.52576893514,3187.3299415397632,0.4444969892501831,80.79171371459961,792.5667115402222,469.7246894127295,352.2935170595471,-749.646106064858,-1.0249864560610726,simulator_assisted_hidden_state,"PI-GNN-GRU-v3 operational indicators are derived from reconstructed hidden states; hydraulic quantities are simulator-assisted proxies, not real distributed measurements. Pressure/head and flow are simulator-assisted hidden hydraulic states because public district-heating datasets do not provide dense distributed hydraulic measurements."
730,182.5,pignn_v3_balanced,73746.3515625,72744.40852812039,3188.022623846054,0.44709742069244385,81.55538940429688,800.0583700561524,476.9387115406753,357.70403365550646,-1001.9430343796121,-1.3586340383638718,simulator_assisted_hidden_state,"PI-GNN-GRU-v3 operational indicators are derived from reconstructed hidden states; hydraulic quantities are simulator-assisted proxies, not real distributed measurements. Pressure/head and flow are simulator-assisted hidden hydraulic states because public district-heating datasets do not provide dense distributed hydraulic measurements."
731,182.75,pignn_v3_balanced,75092.796875,73202.33452043044,3187.3917209415436,0.44822198152542114,83.69157409667969,821.0143418884277,490.6622335760275,367.9966751820206,-1890.462354569565,-2.5175015890225025,simulator_assisted_hidden_state,"PI-GNN-GRU-v3 operational indicators are derived from reconstructed hidden states; hydraulic quantities are simulator-assisted proxies, not real distributed measurements. Pressure/head and flow are simulator-assisted hidden hydraulic states because public district-heating datasets do not provide dense distributed hydraulic measurements."
732,183.0,pignn_v3_balanced,68035.5625,70221.40215931524,3188.7546408977505,0.4334270656108856,67.10645294189453,658.3143033599854,380.4416490066571,285.3312367549928,2185.839659315243,3.2127898689971777,simulator_assisted_hidden_state,"PI-GNN-GRU-v3 operational indicators are derived from reconstructed hidden states; hydraulic quantities are simulator-assisted proxies, not real distributed measurements. Pressure/head and flow are simulator-assisted hidden hydraulic states because public district-heating datasets do not provide dense distributed hydraulic measurements."
733,183.25,pignn_v3_balanced,67857.5390625,69975.92762568126,3189.735705236434,0.4307359457015991,67.00939178466797,657.3621334075928,377.53266693565365,283.14950020174024,2118.388563181259,3.12181754960215,simulator_assisted_hidden_state,"PI-GNN-GRU-v3 operational indicators are derived from reconstructed hidden states; hydraulic quantities are simulator-assisted proxies, not real distributed measurements. Pressure/head and flow are simulator-assisted hidden hydraulic states because public district-heating datasets do not provide dense distributed hydraulic measurements."
734,183.5,pignn_v3_balanced,68844.421875,69912.40097605162,3190.6521145191186,0.4296463131904602,68.21197509765625,669.1594757080078,383.3358688992092,287.5019016744069,1067.97910105162,1.5512935862701223,simulator_assisted_hidden_state,"PI-GNN-GRU-v3 operational indicators are derived from reconstructed hidden states; hydraulic quantities are simulator-assisted proxies, not real distributed measurements. Pressure/head and flow are simulator-assisted hidden hydraulic states because public district-heating datasets do not provide dense distributed hydraulic measurements."
735,183.75,pignn_v3_balanced,71047.0390625,70393.28797343007,3189.781319526672,0.42939576506614685,70.59415817260742,692.5286916732788,396.4918498550737,297.3688873913053,-653.7510890699341,-0.9201665511983265,simulator_assisted_hidden_state,"PI-GNN-GRU-v3 operational indicators are derived from reconstructed hidden states; hydraulic quantities are simulator-assisted proxies, not real distributed measurements. Pressure/head and flow are simulator-assisted hidden hydraulic states because public district-heating datasets do not provide dense distributed hydraulic measurements."
736,184.0,pignn_v3_balanced,71950.109375,71117.92391807729,3189.4527915287013,0.43328842520713806,72.91098022460938,715.256716003418,413.21660812793357,309.9124560959502,-832.1854569227144,-1.1566145821758376,simulator_assisted_hidden_state,"PI-GNN-GRU-v3 operational indicators are derived from reconstructed hidden states; hydraulic quantities are simulator-assisted proxies, not real distributed measurements. Pressure/head and flow are simulator-assisted hidden hydraulic states because public district-heating datasets do not provide dense distributed hydraulic measurements."
737,184.25,pignn_v3_balanced,72787.5859375,71681.69844338282,3188.9825937652577,0.4370690882205963,75.38988494873047,739.574771347046,430.9936946448125,323.2452709836094,-1105.8874941171816,-1.5193353095495792,simulator_assisted_hidden_state,"PI-GNN-GRU-v3 operational indicators are derived from reconstructed hidden states; hydraulic quantities are simulator-assisted proxies, not real distributed measurements. Pressure/head and flow are simulator-assisted hidden hydraulic states because public district-heating datasets do not provide dense distributed hydraulic measurements."
738,184.5,pignn_v3_balanced,72137.828125,71637.4946854729,3187.6122111225122,0.4376808702945709,77.06164932250977,755.9747798538208,441.1675994228893,330.875699567167,-500.333439527094,-0.6935798492021679,simulator_assisted_hidden_state,"PI-GNN-GRU-v3 operational indicators are derived from reconstructed hidden states; hydraulic quantities are simulator-assisted proxies, not real distributed measurements. Pressure/head and flow are simulator-assisted hidden hydraulic states because public district-heating datasets do not provide dense distributed hydraulic measurements."
739,184.75,pignn_v3_balanced,72900.734375,71840.22483052817,3186.9468461837764,0.44188982248306274,79.33150100708008,778.2420248794556,458.52964029712257,343.8972302228419,-1060.5095444718318,-1.454730948273567,simulator_assisted_hidden_state,"PI-GNN-GRU-v3 operational indicators are derived from reconstructed hidden states; hydraulic quantities are simulator-assisted proxies, not real distributed measurements. Pressure/head and flow are simulator-assisted hidden hydraulic states because public district-heating datasets do not provide dense distributed hydraulic measurements."
740,185.0,pignn_v3_balanced,73137.171875,72287.47014932956,3186.7366296615596,0.444618284702301,80.84998321533203,793.1383353424072,470.19174158877263,352.6438061915795,-849.7017256704421,-1.1617918821398807,simulator_assisted_hidden_state,"PI-GNN-GRU-v3 operational indicators are derived from reconstructed hidden states; hydraulic quantities are simulator-assisted proxies, not real distributed measurements. Pressure/head and flow are simulator-assisted hidden hydraulic states because public district-heating datasets do not provide dense distributed hydraulic measurements."
741,185.25,pignn_v3_balanced,73746.3515625,72650.25746030331,3187.472460256576,0.447145015001297,81.60158157348633,800.5115152359009,477.25964465182386,357.9447334888679,-1096.0941021966864,-1.4863028190184395,simulator_assisted_hidden_state,"PI-GNN-GRU-v3 operational indicators are derived from reconstructed hidden states; hydraulic quantities are simulator-assisted proxies, not real distributed measurements. Pressure/head and flow are simulator-assisted hidden hydraulic states because public district-heating datasets do not provide dense distributed hydraulic measurements."
742,185.5,pignn_v3_balanced,75092.796875,73110.5902418604,3186.885166500091,0.44826740026474,83.73445510864258,821.4350046157837,490.963378674096,368.222534005572,-1982.2066331396054,-2.6396761282432997,simulator_assisted_hidden_state,"PI-GNN-GRU-v3 operational indicators are derived from reconstructed hidden states; hydraulic quantities are simulator-assisted proxies, not real distributed measurements. Pressure/head and flow are simulator-assisted hidden hydraulic states because public district-heating datasets do not provide dense distributed hydraulic measurements."
743,185.75,pignn_v3_balanced,74531.3125,73423.70156842055,3187.088893260955,0.4499175250530243,84.4627799987793,828.5798717880249,497.0568069648271,372.79260522362034,-1107.6109315794456,-1.486101471216471,simulator_assisted_hidden_state,"PI-GNN-GRU-v3 operational indicators are derived from reconstructed hidden states; hydraulic quantities are simulator-assisted proxies, not real distributed measurements. Pressure/head and flow are simulator-assisted hidden hydraulic states because public district-heating datasets do not provide dense distributed hydraulic measurements."
744,186.0,pignn_v3_balanced,67857.5390625,70167.0389025367,3187.547173364638,0.43262195587158203,67.45133590698242,661.6976052474976,381.6865495702859,286.2649121777144,2309.499840036704,3.4034535763366627,simulator_assisted_hidden_state,"PI-GNN-GRU-v3 operational indicators are derived from reconstructed hidden states; hydraulic quantities are simulator-assisted proxies, not real distributed measurements. Pressure/head and flow are simulator-assisted hidden hydraulic states because public district-heating datasets do not provide dense distributed hydraulic measurements."
745,186.25,pignn_v3_balanced,68844.421875,69997.58729493136,3189.263548147201,0.43081530928611755,68.53766632080078,672.3545066070557,386.21415295177826,289.6606147138337,1153.1654199313634,1.6750310170737612,simulator_assisted_hidden_state,"PI-GNN-GRU-v3 operational indicators are derived from reconstructed hidden states; hydraulic quantities are simulator-assisted proxies, not real distributed measurements. Pressure/head and flow are simulator-assisted hidden hydraulic states because public district-heating datasets do not provide dense distributed hydraulic measurements."
746,186.5,pignn_v3_balanced,71047.0390625,70407.50225412082,3188.72968711853,0.43031710386276245,70.87484741210938,695.282253112793,398.92246070223104,299.19184552667326,-639.5368083791836,-0.9001596925335394,simulator_assisted_hidden_state,"PI-GNN-GRU-v3 operational indicators are derived from reconstructed hidden states; hydraulic quantities are simulator-assisted proxies, not real distributed measurements. Pressure/head and flow are simulator-assisted hidden hydraulic states because public district-heating datasets do not provide dense distributed hydraulic measurements."
747,186.75,pignn_v3_balanced,71950.109375,71122.20769825917,3188.5961052989956,0.43403562903404236,73.12019729614258,717.3091354751587,415.11696243710077,311.3377218278256,-827.901676740832,-1.1506607619258147,simulator_assisted_hidden_state,"PI-GNN-GRU-v3 operational indicators are derived from reconstructed hidden states; hydraulic quantities are simulator-assisted proxies, not real distributed measurements. Pressure/head and flow are simulator-assisted hidden hydraulic states because public district-heating datasets do not provide dense distributed hydraulic measurements."
748,187.0,pignn_v3_balanced,72787.5859375,71675.69129724146,3188.2467874259946,0.43763595819473267,75.54659652709961,741.1121119308472,432.4497456461044,324.3373092345783,-1111.8946402585425,-1.5275882912414285,simulator_assisted_hidden_state,"PI-GNN-GRU-v3 operational indicators are derived from reconstructed hidden states; hydraulic quantities are simulator-assisted proxies, not real distributed measurements. Pressure/head and flow are simulator-assisted hidden hydraulic states because public district-heating datasets do not provide dense distributed hydraulic measurements."
749,187.25,pignn_v3_balanced,72137.828125,71599.09759337196,3186.9390843429564,0.43827614188194275,77.20553588867188,757.3863070678711,442.5924647678919,331.9443485759189,-538.7305316280399,-0.7468072516607109,simulator_assisted_hidden_state,"PI-GNN-GRU-v3 operational indicators are derived from reconstructed hidden states; hydraulic quantities are simulator-assisted proxies, not real distributed measurements. Pressure/head and flow are simulator-assisted hidden hydraulic states because public district-heating datasets do not provide dense distributed hydraulic measurements."
750,187.5,pignn_v3_balanced,72900.734375,71793.13107483869,3186.3546716308583,0.44240179657936096,79.44792175292969,779.3841123962402,459.734575399343,344.80093154950725,-1107.6033001613105,-1.5193307854264129,simulator_assisted_hidden_state,"PI-GNN-GRU-v3 operational indicators are derived from reconstructed hidden states; hydraulic quantities are simulator-assisted proxies, not real distributed measurements. Pressure/head and flow are simulator-assisted hidden hydraulic states because public district-heating datasets do not provide dense distributed hydraulic measurements."
751,187.75,pignn_v3_balanced,73137.171875,72241.73840672364,3186.202256567001,0.44497209787368774,80.93740844726562,793.9959768676758,471.07474070677034,353.30605553007774,-895.4334682763583,-1.2243206092337822,simulator_assisted_hidden_state,"PI-GNN-GRU-v3 operational indicators are derived from reconstructed hidden states; hydraulic quantities are simulator-assisted proxies, not real distributed measurements. Pressure/head and flow are simulator-assisted hidden hydraulic states because public district-heating datasets do not provide dense distributed hydraulic measurements."
752,188.0,pignn_v3_balanced,73746.3515625,72607.68957685938,3186.9840356426243,0.4473857581615448,81.67069625854492,801.1895302963256,477.92104725695157,358.44078544271366,-1138.6619856406178,-1.5440248385380833,simulator_assisted_hidden_state,"PI-GNN-GRU-v3 operational indicators are derived from reconstructed hidden states; hydraulic quantities are simulator-assisted proxies, not real distributed measurements. Pressure/head and flow are simulator-assisted hidden hydraulic states because public district-heating datasets do not provide dense distributed hydraulic measurements."
753,188.25,pignn_v3_balanced,75092.796875,73067.76404273826,3186.442466674804,0.4484882652759552,83.79801559448242,822.0585329818725,491.5781405497822,368.68360541233665,-2025.0328322617424,-2.6967071630487096,simulator_assisted_hidden_state,"PI-GNN-GRU-v3 operational indicators are derived from reconstructed hidden states; hydraulic quantities are simulator-assisted proxies, not real distributed measurements. Pressure/head and flow are simulator-assisted hidden hydraulic states because public district-heating datasets do not provide dense distributed hydraulic measurements."
754,188.5,pignn_v3_balanced,74531.3125,73381.2101858376,3186.6827225990287,0.4501021206378937,84.51830673217773,829.1245890426636,497.58764773483335,373.190735801125,-1150.1023141624028,-1.5431129220519264,simulator_assisted_hidden_state,"PI-GNN-GRU-v3 operational indicators are derived from reconstructed hidden states; hydraulic quantities are simulator-assisted proxies, not real distributed measurements. Pressure/head and flow are simulator-assisted hidden hydraulic states because public district-heating datasets do not provide dense distributed hydraulic measurements."
755,188.75,pignn_v3_balanced,74829.1015625,73652.24267230502,3187.1859890384676,0.4518178403377533,85.13657760620117,835.1898263168335,503.13821813138,377.353663598535,-1176.8588901949843,-1.572728879033819,simulator_assisted_hidden_state,"PI-GNN-GRU-v3 operational indicators are derived from reconstructed hidden states; hydraulic quantities are simulator-assisted proxies, not real distributed measurements. Pressure/head and flow are simulator-assisted hidden hydraulic states because public district-heating datasets do not provide dense distributed hydraulic measurements."
756,189.0,pignn_v3_balanced,68844.421875,70163.7114255212,3187.73772116661,0.43314480781555176,69.18746566772461,678.7290382003785,391.9839450801829,293.9879588101372,1319.2895505212073,1.9163347074315267,simulator_assisted_hidden_state,"PI-GNN-GRU-v3 operational indicators are derived from reconstructed hidden states; hydraulic quantities are simulator-assisted proxies, not real distributed measurements. Pressure/head and flow are simulator-assisted hidden hydraulic states because public district-heating datasets do not provide dense distributed hydraulic measurements."
757,189.25,pignn_v3_balanced,71047.0390625,70449.26462698891,3187.655728637695,0.43246686458587646,71.44598388671875,700.8851019287109,404.14610995474936,303.109582466062,-597.7744355110917,-0.8413783929619223,simulator_assisted_hidden_state,"PI-GNN-GRU-v3 operational indicators are derived from reconstructed hidden states; hydraulic quantities are simulator-assisted proxies, not real distributed measurements. Pressure/head and flow are simulator-assisted hidden hydraulic states because public district-heating datasets do not provide dense distributed hydraulic measurements."
758,189.5,pignn_v3_balanced,71950.109375,71164.84688326264,3187.7607937774656,0.43587738275527954,73.56955337524414,721.7173186111451,419.44034123384546,314.5802559253841,-785.2624917373614,-1.0913986073942106,simulator_assisted_hidden_state,"PI-GNN-GRU-v3 operational indicators are derived from reconstructed hidden states; hydraulic quantities are simulator-assisted proxies, not real distributed measurements. Pressure/head and flow are simulator-assisted hidden hydraulic states because public district-heating datasets do not provide dense distributed hydraulic measurements."
759,189.75,pignn_v3_balanced,72787.5859375,71705.04897582113,3187.5560752258293,0.43908169865608215,75.90141296386719,744.5928611755371,435.91613105619626,326.9370982921472,-1082.5369616788666,-1.4872549319171005,simulator_assisted_hidden_state,"PI-GNN-GRU-v3 operational indicators are derived from reconstructed hidden states; hydraulic quantities are simulator-assisted proxies, not real distributed measurements. Pressure/head and flow are simulator-assisted hidden hydraulic states because public district-heating datasets do not provide dense distributed hydraulic measurements."
760,190.0,pignn_v3_balanced,72137.828125,71582.84093779407,3186.345271179199,0.43969041109085083,77.52803802490234,760.550053024292,445.8754206258925,334.4065654694194,-554.9871872059302,-0.7693428006236226,simulator_assisted_hidden_state,"PI-GNN-GRU-v3 operational indicators are derived from reconstructed hidden states; hydraulic quantities are simulator-assisted proxies, not real distributed measurements. Pressure/head and flow are simulator-assisted hidden hydraulic states because public district-heating datasets do not provide dense distributed hydraulic measurements."
761,190.25,pignn_v3_balanced,72900.734375,71761.5599056932,3185.8659909839625,0.44358015060424805,79.71359634399414,781.9903801345826,462.50054745489507,346.8754105911713,-1139.174469306803,-1.5626378514198653,simulator_assisted_hidden_state,"PI-GNN-GRU-v3 operational indicators are derived from reconstructed hidden states; hydraulic quantities are simulator-assisted proxies, not real distributed measurements. Pressure/head and flow are simulator-assisted hidden hydraulic states because public district-heating datasets do not provide dense distributed hydraulic measurements."
762,190.5,pignn_v3_balanced,73137.171875,72207.66219049992,3185.775417308807,0.44581708312034607,81.14702987670898,796.0523630905151,473.19165669876287,354.89374252407214,-929.5096845000808,-1.2709128076331988,simulator_assisted_hidden_state,"PI-GNN-GRU-v3 operational indicators are derived from reconstructed hidden states; hydraulic quantities are simulator-assisted proxies, not real distributed measurements. Pressure/head and flow are simulator-assisted hidden hydraulic states because public district-heating datasets do not provide dense distributed hydraulic measurements."
763,190.75,pignn_v3_balanced,73746.3515625,72573.96296099844,3186.6062388210294,0.44798868894577026,81.84391784667969,802.8888340759278,479.58015486249724,359.68511614687293,-1172.3886015015596,-1.5897581055355134,simulator_assisted_hidden_state,"PI-GNN-GRU-v3 operational indicators are derived from reconstructed hidden states; hydraulic quantities are simulator-assisted proxies, not real distributed measurements. Pressure/head and flow are simulator-assisted hidden hydraulic states because public district-heating datasets do not provide dense distributed hydraulic measurements."
764,191.0,pignn_v3_balanced,75092.796875,73030.98840885868,3186.125907543182,0.44900891184806824,83.95603942871094,823.6087467956543,493.07688958302384,369.8076671872679,-2061.808466141316,-2.7456807469475626,simulator_assisted_hidden_state,"PI-GNN-GRU-v3 operational indicators are derived from reconstructed hidden states; hydraulic quantities are simulator-assisted proxies, not real distributed measurements. Pressure/head and flow are simulator-assisted hidden hydraulic states because public district-heating datasets do not provide dense distributed hydraulic measurements."
765,191.25,pignn_v3_balanced,74531.3125,73343.01705144442,3186.410096025466,0.45053139328956604,84.65926742553711,830.507413444519,498.89288282196384,374.16966211647286,-1188.295448555582,-1.5943573361271237,simulator_assisted_hidden_state,"PI-GNN-GRU-v3 operational indicators are derived from reconstructed hidden states; hydraulic quantities are simulator-assisted proxies, not real distributed measurements. Pressure/head and flow are simulator-assisted hidden hydraulic states because public district-heating datasets do not provide dense distributed hydraulic measurements."
766,191.5,pignn_v3_balanced,74829.1015625,73614.58008653135,3186.942663414001,0.4521476924419403,85.26231002807617,836.4232613754273,504.24913004754836,378.1868475356613,-1214.5214759686496,-1.6230603476566359,simulator_assisted_hidden_state,"PI-GNN-GRU-v3 operational indicators are derived from reconstructed hidden states; hydraulic quantities are simulator-assisted proxies, not real distributed measurements. Pressure/head and flow are simulator-assisted hidden hydraulic states because public district-heating datasets do not provide dense distributed hydraulic measurements."
767,191.75,pignn_v3_balanced,74992.8203125,73846.99812459742,3187.227679286956,0.45266446471214294,85.14827346801758,835.3045627212524,504.15025700776846,378.11269275582634,-1145.8221879025805,-1.5279091826762408,simulator_assisted_hidden_state,"PI-GNN-GRU-v3 operational indicators are derived from reconstructed hidden states; hydraulic quantities are simulator-assisted proxies, not real distributed measurements. Pressure/head and flow are simulator-assisted hidden hydraulic states because public district-heating datasets do not provide dense distributed hydraulic measurements."
